Date,ASML_Direct_Momentum_Fixed_Cumulative,ASML_Direct_Momentum_Fixed_Returns,ASML_w/_Supplier_Confirmation_Cumulative,ASML_w/_Supplier_Confirmation_Returns,Adaptive_Momentum_Cumulative,Adaptive_Momentum_Returns,ASML_Buy_and_Hold_Benchmark_Cumulative,ASML_Buy_and_Hold_Benchmark_Returns
2022-01-24,,,,,,,,
2022-01-25,,,,,,,0.9434844718901795,-0.05651552810982052
2022-01-26,1.0,0.0,1.0,0.0,1.0,0.0,0.9503071479023062,0.007231360149953625
2022-01-27,1.0,-0.0,1.0,-0.0,1.0,-0.0,0.9232494213898506,-0.028472611799440273
2022-01-28,1.0,0.0,1.0,0.0,1.0,0.0,0.9382472809895689,0.016244645544581715
2022-01-31,1.0,0.0,1.0,0.0,1.0,0.0,0.9851329477718312,0.04997154559596706
2022-02-01,1.0,0.0,1.0,0.0,1.0,0.0,0.991359138474568,0.006320152743666929
2022-02-02,1.0,0.0,1.0,0.0,1.0,0.0,0.999025318801398,0.007733000109956256
2022-02-03,1.0,-0.0,1.0,-0.0,1.0,-0.0,0.9396439452907406,-0.059439307886512305
2022-02-04,1.0,0.0,1.0,0.0,1.0,0.0,0.949652464397947,0.01065139530496273
2022-02-07,1.0,-0.0,1.0,-0.0,1.0,-0.0,0.945608521250378,-0.004258340076159106
2022-02-08,1.0,0.0,1.0,0.0,1.0,0.0,0.9506123651025886,0.005291665355970032
2022-02-09,1.0,0.0,1.0,0.0,1.0,0.0,0.9897443695093928,0.04116504880786098
2022-02-10,1.0,-0.0,1.0,-0.0,1.0,-0.0,0.9555728836318778,-0.03452556733861856
2022-02-11,1.0,-0.0,1.0,-0.0,1.0,-0.0,0.913910181524789,-0.0435997115664688
2022-02-14,1.0,-0.0,1.0,-0.0,1.0,-0.0,0.9134299078491628,-0.0005255151822741722
2022-02-15,1.0,0.0,1.0,0.0,1.0,0.0,0.9548893781642959,0.045388781294403824
2022-02-16,1.0,0.0,1.0,0.0,1.0,0.0,0.9657268982265069,0.011349503209518774
2022-02-17,1.0,-0.0,1.0,-0.0,1.0,-0.0,0.9461903184438947,-0.020229921956704144
2022-02-18,1.0,-0.0,1.0,-0.0,1.0,-0.0,0.9424081747955995,-0.003997233510606324
2022-02-22,1.0,-0.0,1.0,-0.0,1.0,-0.0,0.931410378752005,-0.011669886083044312
2022-02-23,1.0,-0.0,1.0,-0.0,1.0,-0.0,0.9189870040659289,-0.013338239480133574
2022-02-24,1.0,0.0,1.0,0.0,1.0,0.0,0.9555146854369084,0.03974776706239358
2022-02-25,1.0,0.0,1.0,0.0,1.0,0.0,0.9704694968479671,0.01565105344688722
2022-02-28,1.0,-0.0,1.0,-0.0,1.0,-0.0,0.9695819281856444,-0.0009145765685635299
2022-03-01,0.9505387107223842,-0.04946128927761584,0.9505387107223842,-0.04946128927761584,1.0,-0.0,0.9225947378854913,-0.04846128927761584
2022-03-02,0.9822528072716895,0.03336433981231912,0.9822528072716895,0.03336433981231912,1.0,0.0,0.9533765022293603,0.03336433981231912
2022-03-03,0.945412812735031,-0.03750561389484397,0.945412812735031,-0.03750561389484397,1.0,-0.0,0.9176195312403291,-0.03750561389484397
2022-03-04,0.890752620568276,-0.0578162168213332,0.890752620568276,-0.0578162168213332,1.0,-0.0,0.8645662414626482,-0.0578162168213332
2022-03-07,0.8608068955325163,-0.033618452917550834,0.8608068955325163,-0.033618452917550834,1.0,-0.0,0.8355008619799322,-0.033618452917550834
2022-03-08,0.8588584508809929,-0.002263509576463263,0.8588584508809929,-0.002263509576463263,1.0,-0.0,0.8336096977776973,-0.002263509576463263
2022-03-09,0.9312494703413957,0.08428748577387357,0.9312494703413957,0.08428748577387357,1.0,0.0,0.903872563320098,0.08428748577387357
2022-03-10,0.8993706240025346,-0.03423233768624245,0.8993706240025346,-0.03423233768624245,1.0,-0.0,0.8729308925071949,-0.03423233768624245
2022-03-11,0.8780580353973013,-0.023697225633615204,0.8780580353973013,-0.023697225633615204,1.0,-0.0,0.8522448521848988,-0.023697225633615204
2022-03-14,0.8656181414087942,-0.014167507712492311,0.8656181414087942,-0.014167507712492311,1.0,-0.0,0.8401706666686374,-0.014167507712492311
2022-03-15,0.8943195344118254,0.033157106615533394,0.8943195344118254,0.033157106615533394,1.0,0.0,0.8680282950386131,0.033157106615533394
2022-03-16,0.9751485793445862,0.09038049804639492,0.9751485793445862,0.09038049804639492,1.0,0.0,0.946481124662566,0.09038049804639492
2022-03-17,0.9803492857285836,0.0053332451014724835,0.9803492857285836,0.0053332451014724835,1.0,0.0,0.9515289404843088,0.0053332451014724835
2022-03-18,1.0189577469548647,0.03938235258425049,1.0189577469548647,0.03938235258425049,1.0,0.0,0.9890023887125802,0.03938235258425049
2022-03-21,1.023529053940634,0.004486257648494751,1.023529053940634,0.004486257648494751,1.0,0.0,0.9934393082433216,0.004486257648494751
2022-03-22,1.0322671695842627,0.008537242406540857,1.0322671695842627,0.008537242406540857,1.007537242406541,0.007537242406540857,1.001920540433981,0.008537242406540857
2022-03-23,0.9972254318493765,-0.03394638400541106,0.9972254318493765,-0.03394638400541106,0.9733349962760556,-0.03394638400541106,0.9679089610255002,-0.03394638400541106
2022-03-24,1.0349647451390755,0.03784431492055984,1.0349647451390755,0.03784431492055984,1.0101701923983286,0.03784431492055984,1.004538812560981,0.03784431492055984
2022-03-25,1.0301986127233693,-0.004605115718280595,1.0301986127233693,-0.004605115718280595,1.0055182417671766,-0.004605115718280595,0.9999127950856336,-0.004605115718280595
2022-03-28,1.0413944602073795,0.010867659251077244,1.0413944602073795,0.010867659251077244,1.0164458713894446,0.010867659251077244,1.0107795066234164,0.010867659251077244
2022-03-29,1.0628419133139417,0.020594936814136044,1.0628419133139417,0.020594936814136044,1.0373795098856997,0.020594936814136044,1.0315964466953493,0.020594936814136044
2022-03-30,1.0260020139533603,-0.034661692297883295,1.0260020139533603,-0.034661692297883295,1.0014221805179127,-0.034661692297883295,0.9958395680844053,-0.034661692297883295
2022-03-31,1.0010773028679287,-0.024293043041301976,1.0010773028679287,-0.024293043041301976,0.9770945883840765,-0.024293043041301976,0.9716475945946993,-0.024293043041301976
2022-04-01,1.0007776885770439,-0.00029929186290267307,1.0007776885770439,-0.00029929186290267307,0.9768021519244869,-0.00029929186290267307,0.9713567883760281,-0.00029929186290267307
2022-04-04,1.020411561533412,0.0196186157829763,1.020411561533412,0.0196186157829763,0.9959656580390779,0.0196186157829763,0.9904134639953632,0.0196186157829763
2022-04-05,0.9688987470621057,-0.050482390060238025,0.9688987470621057,-0.050482390060238025,0.9456869312033476,-0.050482390060238025,0.9404150251850378,-0.050482390060238025
2022-04-06,0.9419956108608468,-0.02776671585429802,0.9419956108608468,-0.02776671585429802,0.9194283108975011,-0.02776671585429802,0.9143027883956124,-0.02776671585429802
2022-04-07,0.937184460160646,-0.005107402459979649,0.937184460160646,-0.005107402459979649,0.9147324204806483,-0.005107402459979649,0.9096330760849944,-0.005107402459979649
2022-04-08,0.915647160837249,-0.022980854078294533,0.915647160837249,-0.022980854078294533,0.8937110882048973,-0.022980854078294533,0.888728931098695,-0.022980854078294533
2022-04-11,0.8958782330273976,-0.02159011533632138,0.8958782330273976,-0.02159011533632138,0.8744157627332043,-0.02159011533632138,0.8695411709735485,-0.02159011533632138
2022-04-12,0.8902729331394129,-0.0062567653519640665,0.8902729331394129,-0.0062567653519640665,0.868944748485724,-0.0062567653519640665,0.864100655902895,-0.0062567653519640665
2022-04-13,0.9183898498526335,0.03158235600185044,0.9183898498526335,0.03158235600185044,0.8963880708783385,0.03158235600185044,0.8913909904390527,0.03158235600185044
2022-04-14,0.8960730584573345,-0.02429991076107818,0.8960730584573345,-0.02429991076107818,0.8746059207486998,-0.02429991076107818,0.8697302689181546,-0.02429991076107818
2022-04-18,0.9076285763369145,0.012895731849670522,0.9076285763369145,0.012895731849670522,0.8737313148279511,-0.001,0.8809460772476649,0.012895731849670522
2022-04-19,0.9249696575946112,0.019105922521394536,0.9249696575946112,0.019105922521394536,0.8737313148279511,0.0,0.8977773647450853,0.019105922521394536
2022-04-20,0.9500889085817481,0.02715683782802092,0.9500889085817481,0.02715683782802092,0.8737313148279511,0.0,0.9221581590451355,0.02715683782802092
2022-04-21,0.9292111794730373,-0.021974500407415665,0.9292111794730373,-0.021974500407415665,0.8737313148279511,-0.0,0.9018941942034965,-0.021974500407415665
2022-04-22,0.9106710699953381,-0.01995252520338109,0.9106710699953381,-0.01995252520338109,0.8737313148279511,-0.0,0.8838991275628681,-0.01995252520338109
2022-04-25,0.898995915786774,-0.012820385530226575,0.898995915786774,-0.012820385530226575,0.8737313148279511,-0.0,0.8725671999776813,-0.012820385530226575
2022-04-26,0.8399588613598779,-0.06566999180995015,0.8399588613598779,-0.06566999180995015,0.8737313148279511,-0.0,0.8152657191015158,-0.06566999180995015
2022-04-27,0.8346382331186648,-0.0063343914636474485,0.8346382331186648,-0.0063343914636474485,0.8737313148279511,-0.0,0.8101015068898347,-0.0063343914636474485
2022-04-28,0.8850870742234519,0.06044396135111452,0.8850870742234519,0.06044396135111452,0.8737313148279511,0.0,0.8590672510627635,0.06044396135111452
2022-04-29,0.8449650278421698,-0.045331185540681385,0.8449650278421698,-0.045331185540681385,0.8737313148279511,-0.0,0.8201247141129142,-0.045331185540681385
2022-05-02,0.855936069431939,0.012984018543094722,0.855936069431939,0.012984018543094722,0.8737313148279511,0.0,0.8307732286086066,0.012984018543094722
2022-05-03,0.8611994968507817,0.006149323070747448,0.8611994968507817,0.006149323070747448,0.8737313148279511,0.0,0.8358819215898489,0.006149323070747448
2022-05-04,0.8943391406837191,0.03848079794997772,0.8943391406837191,0.03848079794997772,0.8737313148279511,0.0,0.8680473249245869,0.03848079794997772
2022-05-05,0.8513756125189653,-0.048039413920661356,0.8513756125189653,-0.048039413920661356,0.8737313148279511,-0.0,0.8263468401798119,-0.048039413920661356
2022-05-06,0.8315008489113171,-0.02334429517994374,0.8315008489113171,-0.02334429517994374,0.8737313148279511,-0.0,0.8070563556216406,-0.02334429517994374
2022-05-09,0.7736430736684138,-0.06958234055762713,0.7736430736684138,-0.06958234055762713,0.8737313148279511,-0.0,0.7508994854355782,-0.06958234055762713
2022-05-10,0.7898052088583878,0.02089094537269931,0.7898052088583878,0.02089094537269931,0.8737313148279511,0.0,0.7665864855662008,0.02089094537269931
2022-05-11,0.7866814824181121,-0.003955059304801112,0.7866814824181121,-0.003955059304801112,0.8737313148279511,-0.0,0.7635545905535274,-0.003955059304801112
2022-05-12,0.7882809639827455,0.002033200984618233,0.7882809639827455,0.002033200984618233,0.8737313148279511,0.0,0.7651070504988505,0.002033200984618233
2022-05-13,0.8274566270408339,0.04969758861124274,0.8274566270408339,0.04969758861124274,0.8737313148279511,0.0,0.8031310259381037,0.04969758861124274
2022-05-16,0.8072804407968349,-0.02438337622136577,0.8072804407968349,-0.02438337622136577,0.8737313148279511,-0.0,0.7835479799776035,-0.02438337622136577
2022-05-17,0.8475426815397668,0.04987392076933084,0.8475426815397668,0.04987392076933084,0.8737313148279511,0.0,0.8226265898499757,0.04987392076933084
2022-05-18,0.7972449324574638,-0.05934538776374654,0.7972449324574638,-0.05934538776374654,0.8737313148279511,-0.0,0.7738074958905604,-0.05934538776374654
2022-05-19,0.7937741464518412,-0.004353475154647901,0.7937741464518412,-0.004353475154647901,0.8737313148279511,-0.0,0.7704387441827205,-0.004353475154647901
2022-05-20,0.8040960396073726,0.01300356430310834,0.8040960396073726,0.01300356430310834,0.8737313148279511,0.0,0.7804571939343066,0.01300356430310834
2022-05-23,0.8369486323916097,0.040856553404091445,0.8369486323916097,0.040856553404091445,0.8737313148279511,0.0,0.812343984957891,0.040856553404091445
2022-05-24,0.8246046758888751,-0.014748762379193203,0.8246046758888751,-0.014748762379193203,0.8737313148279511,-0.0,0.8003629165535802,-0.014748762379193203
2022-05-25,0.8270944820672579,0.0030193937182068087,0.8270944820672579,0.0030193937182068087,0.8737313148279511,0.0,0.8027795273161077,0.0030193937182068087
2022-05-26,0.8451883109191759,0.02187637476034654,0.8451883109191759,0.02187637476034654,0.8737313148279511,0.0,0.8203414331056087,0.02187637476034654
2022-05-27,0.8803649131553911,0.0416198399596408,0.8803649131553911,0.0416198399596408,0.8737313148279511,0.0,0.8544839122637266,0.0416198399596408
2022-05-31,0.869665408913746,-0.012153487811430552,0.869665408913746,-0.012153487811430552,0.8737313148279511,-0.0,0.8440989524509659,-0.012153487811430552
2022-06-01,0.850605828406933,-0.021915992416691954,0.850605828406933,-0.021915992416691954,0.8537088946431275,-0.022915992416691955,0.8255996862101129,-0.021915992416691954
2022-06-02,0.8760789440489334,0.029947026920457365,0.8760789440489334,0.029947026920457365,0.8792749378932392,0.029947026920457365,0.8503239422385683,0.029947026920457365
2022-06-03,0.8505907905867425,-0.029093443730531243,0.8505907905867425,-0.029093443730531243,0.8536938019639759,-0.029093443730531243,0.8255850904723271,-0.029093443730531243
2022-06-06,0.8627236465503466,0.014264034007745119,0.8627236465503466,0.014264034007745119,0.8658709193873914,0.014264034007745119,0.8373612642791117,0.014264034007745119
2022-06-07,0.8707518438344737,0.009305641866000025,0.8707518438344737,0.009305641866000025,0.8739284040653946,0.009305641866000025,0.8451534483169542,0.009305641866000025
2022-06-08,0.856310111415159,-0.016585359562052204,0.856310111415159,-0.016585359562052204,0.8594339872524797,-0.016585359562052204,0.8311362744915092,-0.016585359562052204
2022-06-09,0.8185380575549186,-0.044110250897093084,0.8185380575549186,-0.044110250897093084,0.8215241384452837,-0.044110250897093084,0.7944746448940134,-0.044110250897093084
2022-06-10,0.787028399219343,-0.03849504374872825,0.787028399219343,-0.03849504374872825,0.7898995307951963,-0.03849504374872825,0.7638913086815631,-0.03849504374872825
2022-06-13,0.7448497405748504,-0.053592295635493836,0.7448497405748504,-0.053592295635493836,0.7475670016184822,-0.053592295635493836,0.7229526198333165,-0.053592295635493836
2022-06-14,0.741212967490669,-0.00488255937549853,0.741212967490669,-0.00488255937549853,0.7439169613459166,-0.00488255937549853,0.7194227607413081,-0.00488255937549853
2022-06-15,0.7625814244531925,0.028829038211332314,0.7625814244531925,0.028829038211332314,0.7431730443845707,-0.001,0.7401630270008214,0.028829038211332314
2022-06-16,0.7064739848572139,-0.07357567047507141,0.7064739848572139,-0.07357567047507141,0.7431730443845707,-0.0,0.6857050360283775,-0.07357567047507141
2022-06-17,0.7143213000067075,0.011107719912828218,0.7143213000067075,0.011107719912828218,0.7431730443845707,0.0,0.6933216555113965,0.011107719912828218
2022-06-21,0.7460117928888782,0.04436447979623903,0.7460117928888782,0.04436447979623903,0.7431730443845707,0.0,0.7240805100896268,0.04436447979623903
2022-06-22,0.7326565429783299,-0.017902196772025536,0.7326565429783299,-0.017902196772025536,0.7431730443845707,-0.0,0.7111178783192137,-0.017902196772025536
2022-06-23,0.7326565429783299,0.0,0.7326565429783299,0.0,0.7431730443845707,0.0,0.7111178783192137,0.0
2022-06-24,0.7775667074491411,0.061297704772070194,0.7775667074491411,0.061297704772070194,0.7431730443845707,0.0,0.7547077720825658,0.061297704772070194
2022-06-27,0.7666711404885561,-0.014012388720099245,0.7666711404885561,-0.014012388720099245,0.7431730443845707,-0.0,0.7441325134100648,-0.014012388720099245
2022-06-28,0.7400660005848706,-0.03470215389447373,0.7400660005848706,-0.03470215389447373,0.7431730443845707,-0.0,0.7183095124118272,-0.03470215389447373
2022-06-29,0.7313284084096663,-0.01180650397167149,0.7313284084096663,-0.01180650397167149,0.7431730443845707,-0.0,0.7098287883006476,-0.01180650397167149
2022-06-30,0.7181391931657155,-0.01803459990379952,0.7181391931657155,-0.01803459990379952,0.7431730443845707,-0.0,0.6970273101034465,-0.01803459990379952
2022-07-01,0.6788277138455265,-0.0547407517850339,0.6788277138455265,-0.0547407517850339,0.7431730443845707,-0.0,0.6588715111336839,-0.0547407517850339
2022-07-05,0.6525245200466162,-0.038747966917708765,0.6525245200466162,-0.038747966917708765,0.7431730443845707,-0.0,0.6333415796172551,-0.038747966917708765
2022-07-06,0.6472126480045014,-0.008140494156043787,0.6472126480045014,-0.008140494156043787,0.7431730443845707,-0.0,0.6281858661896014,-0.008140494156043787
2022-07-07,0.6819514878738407,0.05367453799990907,0.6819514878738407,0.05367453799990907,0.7431730443845707,0.0,0.6619034523354009,0.05367453799990907
2022-07-08,0.6835360267943609,0.0023235361293225676,0.6835360267943609,0.0023235361293225676,0.7431730443845707,0.0,0.6634414089210255,0.0023235361293225676
2022-07-11,0.6625750662061778,-0.030665480335375306,0.6625750662061778,-0.030665480335375306,0.7431730443845707,-0.0,0.6430966594420842,-0.030665480335375306
2022-07-12,0.6556785600674657,-0.01040864120981877,0.6556785600674657,-0.01040864120981877,0.7431730443845707,-0.0,0.6364028970507185,-0.01040864120981877
2022-07-13,0.6745721059076811,0.028815256424232327,0.6745721059076811,0.028815256424232327,0.7431730443845707,0.0,0.6547410097183592,0.028815256424232327
2022-07-14,0.689496952094636,0.022124908599463255,0.689496952094636,0.022124908599463255,0.7431730443845707,0.0,0.6692270947146982,0.022124908599463255
2022-07-15,0.7177619627839101,0.04099367024525247,0.7177619627839101,0.04099367024525247,0.7431730443845707,0.0,0.6966611695546209,0.04099367024525247
2022-07-18,0.7145174103136858,-0.004520373937955791,0.7145174103136858,-0.004520373937955791,0.7431730443845707,-0.0,0.6935120005601804,-0.004520373937955791
2022-07-19,0.7520632306385281,0.05254710351754621,0.7520632306385281,0.05254710351754621,0.7431730443845707,0.0,0.7299540474442767,0.05254710351754621
2022-07-20,0.7762989621014322,0.03222565666762778,0.7762989621014322,0.03222565666762778,0.7431730443845707,0.0,0.7534772959603613,0.03222565666762778
2022-07-21,0.8183268618397107,0.054138807070551076,0.8183268618397107,0.054138807070551076,0.7826643734101564,0.053138807070551075,0.7942696579183998,0.054138807070551076
2022-07-22,0.8062391193366782,-0.014771288914869007,0.8062391193366782,-0.014771288914869007,0.77110341182714,-0.014771288914869007,0.7825372713249729,-0.014771288914869007
2022-07-25,0.8133467736025594,0.00881581418640276,0.8133467736025594,0.00881581418640276,0.7779013162243094,0.00881581418640276,0.7894359745029085,0.00881581418640276
2022-07-26,0.7910125173971024,-0.027459697302949615,0.7910125173971024,-0.027459697302949615,0.7565403815492238,-0.027459697302949615,0.7677583016029995,-0.027459697302949615
2022-07-27,0.8242273979190311,0.0419903349080053,0.8242273979190311,0.0419903349080053,0.7883077655419057,0.0419903349080053,0.7999967298157108,0.0419903349080053
2022-07-28,0.8461541577501476,0.026602803894260285,0.8461541577501476,0.026602803894260285,0.8092789624369395,0.026602803894260285,0.8212788859350477,0.026602803894260285
2022-07-29,0.8668737993947033,0.02448684019900993,0.8668737993947033,0.02448684019900993,0.8290956470665535,0.02448684019900993,0.8413894107737602,0.02448684019900993
2022-08-01,0.872472436957287,0.006458422859813018,0.872472436957287,0.006458422859813018,0.8344502973465395,0.006458422859813018,0.846823459378306,0.006458422859813018
2022-08-02,0.8535335397163071,-0.02170715823072722,0.8535335397163071,-0.02170715823072722,0.8163367527063609,-0.02170715823072722,0.8284413285520894,-0.02170715823072722
2022-08-03,0.8810893934546971,0.03228444162551458,0.8810893934546971,0.03228444162551458,0.8426917289458715,0.03228444162551458,0.855187094263893,0.03228444162551458
2022-08-04,0.890159292903289,0.010293960540177949,0.890159292903289,0.010293960540177949,0.8513663643511746,0.010293960540177949,0.863990356466715,0.010293960540177949
2022-08-05,0.8732928547423658,-0.01894766284572802,0.8732928547423658,-0.01894766284572802,0.8352349615212553,-0.01894766284572802,0.8476197584904233,-0.01894766284572802
2022-08-08,0.8663949685505351,-0.007898709069211085,0.8663949685505351,-0.007898709069211085,0.8286376835557652,-0.007898709069211085,0.8409246566167924,-0.007898709069211085
2022-08-09,0.8185333939271379,-0.055242212109644306,0.8185333939271379,-0.055242212109644306,0.7828619048787333,-0.055242212109644306,0.7944701183677377,-0.055242212109644306
2022-08-10,0.8562596680942666,0.04609008556893035,0.8562596680942666,0.04609008556893035,0.8189440770632499,0.04609008556893035,0.831087314105265,0.04609008556893035
2022-08-11,0.850753636854755,-0.006430328841443678,0.850753636854755,-0.006430328841443678,0.8136779973449806,-0.006430328841443678,0.825743149379616,-0.006430328841443678
2022-08-12,0.8712505664787673,0.024092673526250996,0.8712505664787673,0.024092673526250996,0.8332816756905069,0.024092673526250996,0.8456375094941574,0.024092673526250996
2022-08-15,0.8697077622680798,-0.00177079277769987,0.8697077622680798,-0.00177079277769987,0.8318061065174045,-0.00177079277769987,0.8441400606997931,-0.00177079277769987
2022-08-16,0.8572127613308997,-0.01436689596123042,0.8572127613308997,-0.01436689596123042,0.8198556347251528,-0.01436689596123042,0.8320123882710124,-0.01436689596123042
2022-08-17,0.8429936457560514,-0.016587615369575093,0.8429936457560514,-0.016587615369575093,0.8062561847977531,-0.016587615369575093,0.8182112867916513,-0.016587615369575093
2022-08-18,0.8490747308537353,0.007213678452143046,0.8490747308537353,0.007213678452143046,0.8120722576649357,0.007213678452143046,0.8241135999204805,0.007213678452143046
2022-08-19,0.8248110176241474,-0.028576652146026005,0.8248110176241474,-0.028576652146026005,0.7888659512402069,-0.028576652146026005,0.8005631922467437,-0.028576652146026005
2022-08-22,0.7867061806101334,-0.046198263844455245,0.7867061806101334,-0.046198263844455245,0.7524217138869046,-0.046198263844455245,0.7635785626671693,-0.046198263844455245
2022-08-23,0.7952984389155215,0.01092181365439937,0.7952984389155215,0.01092181365439937,0.7606395236355011,0.01092181365439937,0.7719182254391143,0.01092181365439937
2022-08-24,0.7948293636192616,-0.0005898104073982502,0.7948293636192616,-0.0005898104073982502,0.7598788841118657,-0.001,0.7714629400360898,-0.0005898104073982502
2022-08-25,0.816460934847081,0.02721536498012589,0.816460934847081,0.02721536498012589,0.7598788841118657,0.0,0.792458585517813,0.02721536498012589
2022-08-26,0.771382641835975,-0.055211818578373206,0.771382641835975,-0.055211818578373206,0.7598788841118657,-0.0,0.7487055058633293,-0.055211818578373206
2022-08-29,0.7561649864476517,-0.01972776487697936,0.7561649864476517,-0.01972776487697936,0.7598788841118657,-0.0,0.7339352196815576,-0.01972776487697936
2022-08-30,0.7457878911673702,-0.013723321584924952,0.7457878911673702,-0.013723321584924952,0.7598788841118657,-0.0,0.7238631906393651,-0.013723321584924952
2022-08-31,0.7411288794265023,-0.0062471002761592676,0.7411288794265023,-0.0062471002761592676,0.7598788841118657,-0.0,0.7193411447012203,-0.0062471002761592676
2022-09-01,0.7108447082603784,-0.0408622197930788,0.7108447082603784,-0.0408622197930788,0.7598788841118657,-0.0,0.6899472687402342,-0.0408622197930788
2022-09-02,0.7067150658606483,-0.005809486026612576,0.7067150658606483,-0.005809486026612576,0.7598788841118657,-0.0,0.6859390297233883,-0.005809486026612576
2022-09-06,0.7108447082603784,0.0058434333711294695,0.7108447082603784,0.0058434333711294695,0.7598788841118657,0.0,0.689947268740234,0.0058434333711294695
2022-09-07,0.7210704735779829,0.014385371655406543,0.7210704735779829,0.014385371655406543,0.7598788841118657,0.0,0.6998724166236949,0.014385371655406543
2022-09-08,0.730252585621541,0.012734000877883789,0.730252585621541,0.012734000877883789,0.7598788841118657,0.0,0.7087845925913877,0.012734000877883789
2022-09-09,0.7578592157970934,0.03780422105873882,0.7578592157970934,0.03780422105873882,0.7598788841118657,0.0,0.7355796420127406,0.03780422105873882
2022-09-12,0.7638040087522909,0.007844191680040469,0.7638040087522909,0.007844191680040469,0.7598788841118657,0.0,0.7413496697206241,0.007844191680040469
2022-09-13,0.712629640411349,-0.06699934506043981,0.712629640411349,-0.06699934506043981,0.7598788841118657,-0.0,0.691679727388569,-0.06699934506043981
2022-09-14,0.7232184548752626,0.014858790405913203,0.7232184548752626,0.014858790405913203,0.7598788841118657,0.0,0.7019572514858549,0.014858790405913203
2022-09-15,0.7043854886081564,-0.026040494597658448,0.7043854886081564,-0.026040494597658448,0.7598788841118657,-0.0,0.6836779374707502,-0.026040494597658448
2022-09-16,0.7068057686621773,0.00343601634781443,0.7068057686621773,0.00343601634781443,0.7598788841118657,0.0,0.6860270660405398,0.00343601634781443
2022-09-19,0.7126447734076167,0.00826111642593319,0.7126447734076167,0.00826111642593319,0.7598788841118657,0.0,0.691694415504442,0.00826111642593319
2022-09-20,0.6988036496231905,-0.019422192235049596,0.6988036496231905,-0.019422192235049596,0.7598788841118657,-0.0,0.6782601935986045,-0.019422192235049596
2022-09-21,0.6881543031742062,-0.015239397296689328,0.6881543031742062,-0.015239397296689328,0.7598788841118657,-0.0,0.6679239170378259,-0.015239397296689328
2022-09-22,0.6671581274374757,-0.030510854382342356,0.6671581274374757,-0.030510854382342356,0.7598788841118657,-0.0,0.6475449876666011,-0.030510854382342356
2022-09-23,0.6597460524888134,-0.011109922286537621,0.6597460524888134,-0.011109922286537621,0.7598788841118657,-0.0,0.6403508131765882,-0.011109922286537621
2022-09-26,0.6516832587006403,-0.012221056507662587,0.6516832587006403,-0.012221056507662587,0.7598788841118657,-0.0,0.6325250497040293,-0.012221056507662587
2022-09-27,0.6554347665458323,0.005756642962828407,0.6554347665458323,0.005756642962828407,0.7598788841118657,0.0,0.6361662705802207,0.005756642962828407
2022-09-28,0.6674455591904848,0.018324924550386257,0.6674455591904848,0.018324924550386257,0.7598788841118657,0.0,0.6478239694901038,0.018324924550386257
2022-09-29,0.6470998167650336,-0.030482999167943503,0.6470998167650336,-0.030482999167943503,0.7598788841118657,-0.0,0.628076351967163,-0.030482999167943503
2022-09-30,0.6282971164904628,-0.02905687776048027,0.6282971164904628,-0.02905687776048027,0.7598788841118657,-0.0,0.6098264141838048,-0.02905687776048027
2022-10-03,0.6529993059075052,0.039316095472510915,0.6529993059075052,0.039316095472510915,0.7598788841118657,0.0,0.6338024077055142,0.039316095472510915
2022-10-04,0.7035686875140095,0.07744170805239303,0.7035686875140095,0.07744170805239303,0.7598788841118657,0.0,0.6828851487259484,0.07744170805239303
2022-10-05,0.7098916626117837,0.008987004694759548,0.7098916626117837,0.008987004694759548,0.7598788841118657,0.0,0.6890222407635301,0.008987004694759548
2022-10-06,0.6990759959679704,-0.015235658077770609,0.6990759959679704,-0.015235658077770609,0.7598788841118657,-0.0,0.6785245334952776,-0.015235658077770609
2022-10-07,0.6569020009512585,-0.0603281978782807,0.6569020009512585,-0.0603281978782807,0.7598788841118657,-0.0,0.6375903711733064,-0.0603281978782807
2022-10-10,0.6381901462423325,-0.028485001844764324,0.6381901462423325,-0.028485001844764324,0.7598788841118657,-0.0,0.6194286082742309,-0.028485001844764324
2022-10-11,0.6044116329914901,-0.052928603567025334,0.6044116329914901,-0.052928603567025334,0.7598788841118657,-0.0,0.5866431170288099,-0.052928603567025334
2022-10-12,0.6025509882711425,-0.0030784396242318213,0.6025509882711425,-0.0030784396242318213,0.7598788841118657,-0.0,0.5848371716120655,-0.0030784396242318213
2022-10-13,0.6132456861208913,0.01774903378788628,0.6132456861208913,0.01774903378788628,0.7598788841118657,0.0,0.5952174663314199,0.01774903378788628
2022-10-14,0.5735072945066222,-0.06480011602794267,0.5735072945066222,-0.06480011602794267,0.7598788841118657,-0.0,0.5566473054512858,-0.06480011602794267
2022-10-17,0.5933084394185906,0.034526404636235686,0.5933084394185906,0.034526404636235686,0.7598788841118657,0.0,0.5758663355589672,0.034526404636235686
2022-10-18,0.6035492901444244,0.017260584959602587,0.6035492901444244,0.017260584959602587,0.7598788841118657,0.0,0.5858061253692577,0.017260584959602587
2022-10-19,0.6414121419822709,0.06273365316822144,0.6414121419822709,0.06273365316822144,0.7598788841118657,0.0,0.6225558836619923,0.06273365316822144
2022-10-20,0.6614552244823682,0.0312483677626596,0.6614552244823682,0.0312483677626596,0.7598788841118657,0.0,0.6420097388674698,0.0312483677626596
2022-10-21,0.6992120977583023,0.057081525518951626,0.6992120977583023,0.057081525518951626,0.7598788841118657,0.0,0.6786566341600487,0.057081525518951626
2022-10-24,0.7154584637765586,0.023235247316719443,0.7154584637765586,0.023235247316719443,0.7598788841118657,0.0,0.6944253888978899,0.023235247316719443
2022-10-25,0.7351839912952273,0.02757047196639073,0.7351839912952273,0.02757047196639073,0.7800692247000124,0.02657047196639073,0.7135710246152491,0.02757047196639073
2022-10-26,0.7322795505367173,-0.003950631124860271,0.7322795505367173,-0.003950631124860271,0.7769874589413669,-0.003950631124860271,0.7107519687156056,-0.003950631124860271
2022-10-27,0.7176366158902964,-0.019996372472355084,0.7176366158902964,-0.019996372472355084,0.7614505283060267,-0.019996372472355084,0.6965395076137088,-0.019996372472355084
2022-10-28,0.7399792000025044,0.03113356205283635,0.7399792000025044,0.03113356205283635,0.7851571955792074,0.03113356205283635,0.7182252635962523,0.03113356205283635
2022-10-31,0.7146264820981055,-0.03426139262335082,0.7146264820981055,-0.03426139262335082,0.7582566166304191,-0.03426139262335082,0.6936178658481714,-0.03426139262335082
2022-11-01,0.7191040406478769,0.006265592812381593,0.7191040406478769,0.006265592812381593,0.7630075438375195,0.006265592812381593,0.6979637929629692,0.006265592812381593
2022-11-02,0.6751602464764621,-0.06110909087901051,0.6751602464764621,-0.06110909087901051,0.7163808464997818,-0.06110909087901051,0.6553118601085363,-0.06110909087901051
2022-11-03,0.6674678779805774,-0.0113933966580968,0.6674678779805774,-0.0113933966580968,0.7082188353573466,-0.0113933966580968,0.6478456321515644,-0.0113933966580968
2022-11-04,0.7112253649809607,0.06555744245366757,0.7112253649809607,0.06555744245366757,0.7075106165219893,-0.001,0.6903167349002005,0.06555744245366757
2022-11-07,0.7334227103994296,0.031210002499085787,0.7334227103994296,0.031210002499085787,0.7075106165219893,0.0,0.7118615219215965,0.031210002499085787
2022-11-08,0.7640709776487111,0.0417879986734937,0.7640709776487111,0.0417879986734937,0.7363685586101708,0.0407879986734937,0.7416087902553673,0.0417879986734937
2022-11-09,0.7426322331532085,-0.028058577177576427,0.7426322331532085,-0.028058577177576427,0.7157071045772666,-0.028058577177576427,0.720800302778418,-0.028058577177576427
2022-11-10,0.8508573787788538,0.14573181824618975,0.8508573787788538,0.14573181824618975,0.8200084022590275,0.14573181824618975,0.8258438414947209,0.14573181824618975
2022-11-11,0.8746025727400996,0.0279073726731085,0.8746025727400996,0.0279073726731085,0.8428926823359504,0.0279073726731085,0.8488909733491056,0.0279073726731085
2022-11-14,0.8766964464375162,0.0023940859113376067,0.8766964464375162,0.0023940859113376067,0.8449106398315005,0.0023940859113376067,0.8509232912686623,0.0023940859113376067
2022-11-15,0.9065101622542614,0.03400688566480925,0.9065101622542614,0.03400688566480925,0.8736434193572311,0.03400688566480925,0.8798605423443588,0.03400688566480925
2022-11-16,0.8749969824038311,-0.034763184311210615,0.8749969824038311,-0.034763184311210615,0.8432727921478395,-0.034763184311210615,0.8492737881426802,-0.034763184311210615
2022-11-17,0.8937047921294778,0.021380427706449767,0.8937047921294778,0.021380427706449767,0.8613023251171724,0.021380427706449767,0.8674316249730475,0.021380427706449767
2022-11-18,0.8999709946972289,0.007011490396980236,0.8999709946972289,0.007011490396980236,0.8673413380986282,0.007011490396980236,0.873513613481583,0.007011490396980236
2022-11-21,0.8804440044755062,-0.021697355066750745,0.8804440044755062,-0.021697355066750745,0.8485223251218316,-0.021697355066750745,0.8545606784542326,-0.021697355066750745
2022-11-22,0.9045986459206741,0.027434614038353455,0.9045986459206741,0.027434614038353455,0.8718012076144753,0.027434614038353455,0.8780052208399779,0.027434614038353455
2022-11-23,0.9161901403574189,0.012813963948561158,0.9161901403574189,0.012813963948561158,0.8829724368591593,0.012813963948561158,0.8892559480864699,0.012813963948561158
2022-11-25,0.8979682045056498,-0.019888814612936567,0.8979682045056498,-0.019888814612936567,0.8654111617541346,-0.019888814612936567,0.871569701391527,-0.019888814612936567
2022-11-28,0.8850715605228744,-0.014362027428215351,0.8850715605228744,-0.014362027428215351,0.852982102912338,-0.014362027428215351,0.8590521934345404,-0.014362027428215351
2022-11-29,0.8782135531073717,-0.007748534380034977,0.8782135531073717,-0.007748534380034977,0.8463727417623672,-0.007748534380034977,0.8523957979794684,-0.007748534380034977
2022-11-30,0.9226690614576121,0.05062038520465095,0.9226690614576121,0.05062038520465095,0.8892164559770948,0.05062038520465095,0.8955444016200149,0.05062038520465095
2022-12-01,0.927433195175698,0.005163426321632247,0.927433195175698,0.005163426321632247,0.8938078596315154,0.005163426321632247,0.9001684791555301,0.005163426321632247
2022-12-02,0.9190125869254595,-0.009079476876653336,0.9190125869254595,-0.009079476876653336,0.88569255183782,-0.009079476876653336,0.8919954202639453,-0.009079476876653336
2022-12-05,0.9115476416659374,-0.008122788921200663,0.9115476416659374,-0.008122788921200663,0.8784982581901618,-0.008122788921200663,0.8847499297464636,-0.008122788921200663
2022-12-06,0.8998041510339757,-0.012883024534515175,0.8998041510339757,-0.012883024534515175,0.8671805435763691,-0.012883024534515175,0.8733516746946294,-0.012883024534515175
2022-12-07,0.9123974688588571,0.013995620947525378,0.9123974688588571,0.013995620947525378,0.8793172737573329,0.013995620947525378,0.8855747736875419,0.013995620947525378
2022-12-08,0.9208028489367507,0.009212410560943685,0.9208028489367507,0.009212410560943685,0.8874179054965152,0.009212410560943685,0.8937330520851663,0.009212410560943685
2022-12-09,0.9068593632813441,-0.015142748169716391,0.9068593632813441,-0.015142748169716391,0.8739799596322844,-0.015142748169716391,0.8801994775464886,-0.015142748169716391
2022-12-12,0.9255062603176116,0.020562060437680607,0.9255062603176116,0.020562060437680607,0.891950788383565,0.020562060437680607,0.8982981924010144,0.020562060437680607
2022-12-13,0.9532416161375163,0.029967766841886734,0.9532416161375163,0.029967766841886734,0.9186805616442807,0.029967766841886734,0.9252181831853763,0.029967766841886734
2022-12-14,0.9344124569134964,-0.01975276667033765,0.9344124569134964,-0.01975276667033765,0.9005340788655465,-0.01975276667033765,0.9069425642937619,-0.01975276667033765
2022-12-15,0.8896233564128269,-0.04793290176012277,0.8896233564128269,-0.04793290176012277,0.8573688673316416,-0.04793290176012277,0.8634701754573951,-0.04793290176012277
2022-12-16,0.8713860020365587,-0.020500084945842212,0.8713860020365587,-0.020500084945842212,0.8397927327214224,-0.020500084945842212,0.8457689635123172,-0.020500084945842212
2022-12-19,0.8627224092613427,-0.00994231345806329,0.8627224092613427,-0.00994231345806329,0.8314432501329024,-0.00994231345806329,0.8373600633639765,-0.00994231345806329
2022-12-20,0.8544535116780898,-0.009584656077651577,0.8544535116780898,-0.009584656077651577,0.8234741525322937,-0.009584656077651577,0.8293342551434723,-0.009584656077651577
2022-12-21,0.8814605801556022,0.03160741703135184,0.8814605801556022,0.03160741703135184,0.8226506783797615,-0.001,0.8555473688041775,0.03160741703135184
2022-12-22,0.8435142588980905,-0.04304936841397167,0.8435142588980905,-0.04304936841397167,0.8226506783797615,-0.0,0.8187165949289223,-0.04304936841397167
2022-12-23,0.8365650728006729,-0.00823837418764617,0.8365650728006729,-0.00823837418764617,0.8226506783797615,-0.0,0.8119717012662624,-0.00823837418764617
2022-12-27,0.8150352923873712,-0.025735930309908617,0.8150352923873712,-0.025735930309908617,0.8226506783797615,-0.0,0.7910748541488559,-0.025735930309908617
2022-12-28,0.8066299123094774,-0.01031290320358147,0.8066299123094774,-0.01031290320358147,0.8226506783797615,-0.0,0.7829165757512314,-0.01031290320358147
2022-12-29,0.8367169738198127,0.03729970963287532,0.8367169738198127,0.03729970963287532,0.8226506783797615,0.0,0.8121191366935174,0.03729970963287532
2022-12-30,0.8290245577358895,-0.009193570017834718,0.8290245577358895,-0.009193570017834718,0.8226506783797615,-0.0,0.8046528625475021,-0.009193570017834718
2023-01-03,0.8338342807949328,0.005801665359804309,0.8338342807949328,0.005801665359804309,0.8226506783797615,0.0,0.8093211891868114,0.005801665359804309
2023-01-04,0.8660907858079462,0.03868455130228243,0.8660907858079462,0.03868455130228243,0.8226506783797615,0.0,0.8406294162499328,0.03868455130228243
2023-01-05,0.8577307095427784,-0.009652655821027922,0.8577307095427784,-0.009652655821027922,0.8226506783797615,-0.0,0.8325151098218406,-0.009652655821027922
2023-01-06,0.9040524304138798,0.054004969573484995,0.9040524304138798,0.054004969573484995,0.8226506783797615,0.0,0.8774750629972357,0.054004969573484995
2023-01-09,0.9427118108414392,0.04276232121831791,0.9427118108414392,0.04276232121831791,0.8226506783797615,0.0,0.9149979335021872,0.04276232121831791
2023-01-10,0.9610098875549326,0.01941004292410531,0.9610098875549326,0.01941004292410531,0.8226506783797615,0.0,0.9327580826669323,0.01941004292410531
2023-01-11,0.9781395827452674,0.017824681527385033,0.9781395827452674,0.017824681527385033,0.8364915140517881,0.016824681527385033,0.9493841984325646,0.017824681527385033
2023-01-12,0.9900956015575167,0.012223223579904019,0.9900956015575167,0.012223223579904019,0.8467161368507355,0.012223223579904019,0.9609887337532338,0.012223223579904019
2023-01-13,1.000913504839143,0.010926119926811806,1.000913504839143,0.010926119926811806,0.8559674589059335,0.010926119926811806,0.9714886119065367,0.010926119926811806
2023-01-17,0.9986376544822054,-0.0022737732540669686,0.9986376544822054,-0.0022737732540669686,0.8540211829915215,-0.0022737732540669686,0.9692796670841529,-0.0022737732540669686
2023-01-18,0.9896858685453631,-0.008963997999338225,0.9896858685453631,-0.008963997999338225,0.846365738815793,-0.008963997999338225,0.9605910460876114,-0.008963997999338225
2023-01-19,0.9562458490129235,-0.03378851875655209,0.9562458490129235,-0.03378851875655209,0.8177682941749125,-0.03378851875655209,0.9281340975095042,-0.03378851875655209
2023-01-20,0.9844665076502432,0.029511927990537368,0.9844665076502432,0.029511927990537368,0.841902213185547,0.029511927990537368,0.9555251241607671,0.029511927990537368
2023-01-23,1.0257053501208657,0.0418895332143423,1.0257053501208657,0.0418895332143423,0.8771691039080113,0.0418895332143423,0.9955516255864381,0.0418895332143423
2023-01-24,1.0165714923484253,-0.008904952841831348,1.0165714923484253,-0.008904952841831348,0.869357954403399,-0.008904952841831348,0.9866862853089823,-0.008904952841831348
2023-01-25,1.0340501982136885,0.017193779283427357,1.0340501982136885,0.017193779283427357,0.884305503189703,0.017193779283427357,1.0036511515205697,0.017193779283427357
2023-01-26,1.037646045584693,0.003477439854676634,1.037646045584693,0.003477439854676634,0.8873806223902048,0.003477439854676634,1.0071412880350594,0.003477439854676634
2023-01-27,1.0125963683099566,-0.024140869019185995,1.0125963683099566,-0.024140869019185995,0.8659584830149191,-0.024140869019185995,0.9828280221167908,-0.024140869019185995
2023-01-30,0.9866817308460328,-0.025592267832419524,0.9866817308460328,-0.025592267832419524,0.8437966415858456,-0.025592267832419524,0.9576752241415707,-0.025592267832419524
2023-01-31,1.002658272685554,0.016192193835211643,1.002658272685554,0.016192193835211643,0.8574595603639041,0.016192193835211643,0.9731820870020508,0.016192193835211643
2023-02-01,1.029498402323736,0.02676897041530646,1.029498402323736,0.02676897041530646,0.8804128699676071,0.02676897041530646,0.9992331694977149,0.02676897041530646
2023-02-02,1.056839253303832,0.02655744867440646,1.056839253303832,0.02655744867440646,0.9037943895740588,0.02655744867440646,1.025770253110415,0.02655744867440646
2023-02-03,1.0311522770164636,-0.024305471439546866,1.0311522770164636,-0.024305471439546866,0.8818272408510438,-0.024305471439546866,1.000838423519903,-0.024305471439546866
2023-02-06,1.0065526874105948,-0.023856408169941057,1.0065526874105948,-0.023856408169941057,0.8607900102579283,-0.023856408169941057,0.9769620135762519,-0.023856408169941057
2023-02-07,1.032021996009509,0.02530350265561876,1.032021996009509,0.02530350265561876,0.88257101256842,0.02530350265561876,1.0016825744812172,0.02530350265561876
2023-02-08,1.0077998747256378,-0.023470547505314854,1.0077998747256378,-0.023470547505314854,0.8618565876911191,-0.023470547505314854,0.9781725360316097,-0.023470547505314854
2023-02-09,1.0098372138332243,0.0020215711062090413,1.0098372138332243,0.0020215711062090413,0.8635988920664913,0.0020215711062090413,0.9801499813673384,0.0020215711062090413
2023-02-10,0.9980074936753599,-0.011714482290625994,0.9980074936753599,-0.011714482290625994,0.8534822781391742,-0.011714482290625994,0.9686680317684534,-0.011714482290625994
2023-02-13,1.016847122267867,0.018877241615818274,1.016847122267867,0.018877241615818274,0.8695936693184264,0.018877241615818274,0.9869538122496656,0.018877241615818274
2023-02-14,1.0301363675689081,0.013069069096052655,1.0301363675689081,0.013069069096052655,0.8809584490682388,0.013069069096052655,0.999852379816569,0.013069069096052655
2023-02-15,1.0291177931911921,-0.0009887762531090027,1.0291177931911921,-0.0009887762531090027,0.8800873782738244,-0.0009887762531090027,0.9988637495267919,-0.0009887762531090027
2023-02-16,0.9979011819971777,-0.03033337038825734,0.9979011819971777,-0.03033337038825734,0.8533913618546142,-0.03033337038825734,0.9685648454449922,-0.03033337038825734
2023-02-17,0.991286539810961,-0.006628554315346369,0.991286539810961,-0.006628554315346369,0.8477346108603134,-0.006628554315346369,0.962144660759025,-0.006628554315346369
2023-02-21,0.9576067717401673,-0.03397581498202984,0.9576067717401673,-0.03397581498202984,0.8189321365678603,-0.03397581498202984,0.9294550117791286,-0.03397581498202984
2023-02-22,0.949137242986271,-0.00884447458376414,0.949137242986271,-0.00884447458376414,0.8116891121001583,-0.00884447458376414,0.9212344705506958,-0.00884447458376414
2023-02-23,0.9702423477433058,0.022236093792539213,0.9702423477433058,0.022236093792539213,0.8108774229880581,-0.001,0.9417191266427813,0.022236093792539213
2023-02-24,0.9402724479839487,-0.030889086452538628,0.9402724479839487,-0.030889086452538628,0.8108774229880581,-0.0,0.9126302831259033,-0.030889086452538628
2023-02-27,0.9611039215191619,0.0221547207725572,0.9611039215191619,0.0221547207725572,0.8108774229880581,0.0,0.9328493522171375,0.0221547207725572
2023-02-28,0.939284139598768,-0.02270283309832366,0.939284139598768,-0.02270283309832366,0.8108774229880581,-0.0,0.9116710290678725,-0.02270283309832366
2023-03-01,0.9350569893079922,-0.004500395687061731,0.9350569893079922,-0.004500395687061731,0.8108774229880581,-0.0,0.9075681487006363,-0.004500395687061731
2023-03-02,0.9490764254729688,0.014993135525730894,0.9490764254729688,0.014993135525730894,0.8108774229880581,0.0,0.9211754409529416,0.014993135525730894
2023-03-03,0.969162765500133,0.02116409120282836,0.969162765500133,0.02116409120282836,0.8108774229880581,0.0,0.9406712819990752,0.02116409120282836
2023-03-06,0.9442105485284037,-0.02574615726064633,0.9442105485284037,-0.02574615726064633,0.8108774229880581,-0.0,0.9164526112421533,-0.02574615726064633
2023-03-07,0.926176966133325,-0.019099111340351915,0.926176966133325,-0.019099111340351915,0.8108774229880581,-0.0,0.8989491807818831,-0.019099111340351915
2023-03-08,0.9418235325133486,0.01689371140954421,0.9418235325133486,0.01689371140954421,0.8108774229880581,0.0,0.9141357688138585,0.01689371140954421
2023-03-09,0.9195322483067273,-0.02366821749201231,0.9195322483067273,-0.02366821749201231,0.8108774229880581,-0.0,0.8924998046203442,-0.02366821749201231
2023-03-10,0.9141649837877082,-0.005836950828970622,0.9141649837877082,-0.005836950828970622,0.8108774229880581,-0.0,0.8872903271459094,-0.005836950828970622
2023-03-13,0.919593351348261,0.005938061134283634,0.919593351348261,0.005938061134283634,0.8108774229880581,0.0,0.8925591113523603,0.005938061134283634
2023-03-14,0.9431918789746104,0.025661916315239175,0.9431918789746104,0.025661916315239175,0.8108774229880581,0.0,0.9154638885742888,0.025661916315239175
2023-03-15,0.9224974589905008,-0.02194083775043476,0.9224974589905008,-0.02194083775043476,0.8108774229880581,-0.0,0.8953778439286982,-0.02194083775043476
2023-03-16,0.9587926656615224,0.039344505849089106,0.9587926656615224,0.039344505849089106,0.8108774229880581,0.0,0.9306060427462957,0.039344505849089106
2023-03-17,0.9635521357518277,0.004964024299269676,0.9635521357518277,0.004964024299269676,0.8108774229880581,0.0,0.9352255937555355,0.004964024299269676
2023-03-20,0.9827715168921844,0.019946384245581594,0.9827715168921844,0.019946384245581594,0.8108774229880581,0.0,0.9538799628048856,0.019946384245581594
2023-03-21,0.9763853924672177,-0.006498076424886201,0.9763853924672177,-0.006498076424886201,0.8108774229880581,-0.0,0.9476815779064118,-0.006498076424886201
2023-03-22,0.9737092315297647,-0.0027408858818448456,0.9737092315297647,-0.0027408858818448456,0.8108774229880581,-0.0,0.9450840908490437,-0.0027408858818448456
2023-03-23,1.0098828031741818,0.03715028108297358,1.0098828031741818,0.03715028108297358,0.8401908697529136,0.03615028108297358,0.9801942304711322,0.03715028108297358
2023-03-24,0.9845963278194829,-0.02503901965180555,0.9845963278194829,-0.02503901965180555,0.8191533140539028,-0.02503901965180555,0.9556511278717791,-0.02503901965180555
2023-03-27,0.9793047282818023,-0.00537438479930108,0.9793047282818023,-0.00537438479930108,0.8147508689345544,-0.00537438479930108,0.95051509097671,-0.00537438479930108
2023-03-28,0.9727057901483163,-0.006738390965459584,0.9727057901483163,-0.006738390965459584,0.8092607590402254,-0.006738390965459584,0.9441101486751396,-0.006738390965459584
2023-03-29,1.0022192254416364,0.03034158487821892,1.0022192254416364,0.03034158487821892,0.8338150130492563,0.03034158487821892,0.9727559468855543,0.03034158487821892
2023-03-30,1.0289201124789402,0.026641762959134896,1.0289201124789402,0.026641762959134896,0.8560293149786826,0.026641762959134896,0.9986718802395681,0.026641762959134896
2023-03-31,1.0350478338544304,0.005955487992869379,1.0350478338544304,0.005955487992869379,0.8611273872855824,0.005955487992869379,1.0046194586311512,0.005955487992869379
2023-04-03,1.024829920563191,-0.009871923747899358,1.024829920563191,-0.009871923747899358,0.8526264033810713,-0.009871923747899358,0.9947019319398885,-0.009871923747899358
2023-04-04,1.0167556580577206,-0.007878636584920495,1.0167556580577206,-0.007878636584920495,0.845908869806124,-0.007878636584920495,0.9868650369078158,-0.007878636584920495
2023-04-05,1.009487632101833,-0.007148252284891798,1.009487632101833,-0.007148252284891798,0.8398620997947222,-0.007148252284891798,0.9798106766528597,-0.007148252284891798
2023-04-06,0.9991783497765244,-0.010212390917404002,0.9991783497765244,-0.010212390917404002,0.8312850997149067,-0.010212390917404002,0.9698044669978345,-0.010212390917404002
2023-04-10,1.0060512998361406,0.006878601864375167,1.0060512998361406,0.006878601864375167,0.837003178951633,0.006878601864375167,0.9764753658126052,0.006878601864375167
2023-04-11,1.003207914531126,-0.002826282621450682,1.003207914531126,-0.002826282621450682,0.834637571412863,-0.002826282621450682,0.9737155704559344,-0.002826282621450682
2023-04-12,0.9954377395921667,-0.007745328586837075,0.9954377395921667,-0.007745328586837075,0.8281730291713507,-0.007745328586837075,0.9661738234126337,-0.007745328586837075
2023-04-13,1.0117835646110505,0.016420740714111037,1.0117835646110505,0.016420740714111037,0.8417722437497934,0.016420740714111037,0.9820391132516538,0.016420740714111037
2023-04-14,1.0129848770569048,0.0011873215654734093,1.0129848770569048,0.0011873215654734093,0.8427716980880144,0.0011873215654734093,0.9832051094689559,0.0011873215654734093
2023-04-17,0.971686930242369,-0.040768571920364316,0.971686930242369,-0.040768571920364316,0.8084130995020656,-0.040768571920364316,0.9431212412511011,-0.040768571920364316
2023-04-18,0.9782100130423621,0.006713152762449992,0.9782100130423621,0.006713152762449992,0.8138401001341887,0.006713152762449992,0.9494525582171311,0.006713152762449992
2023-04-19,0.9482097521143925,-0.03066852774759976,0.9482097521143925,-0.03066852774759976,0.788880822441114,-0.03066852774759976,0.9203342460904195,-0.03066852774759976
2023-04-20,0.9633694928597667,0.015987750296355685,0.9633694928597667,0.015987750296355685,0.8014932520438862,0.015987750296355685,0.9350483202060978,0.015987750296355685
2023-04-21,0.9647380296731829,0.0014205731275065414,0.9647380296731829,0.0014205731275065414,0.8006917587918423,-0.001,0.9363766247227028,0.0014205731275065414
2023-04-24,0.9539574354138015,-0.011174633867220396,0.9539574354138015,-0.011174633867220396,0.8006917587918423,-0.0,0.9259129587796029,-0.011174633867220396
2023-04-25,0.9210833328361274,-0.03446076455540614,0.9210833328361274,-0.03446076455540614,0.8006917587918423,-0.0,0.8940052903082996,-0.03446076455540614
2023-04-26,0.9261618331370574,0.00551361654248228,0.9261618331370574,0.00551361654248228,0.8006917587918423,0.0,0.8989344926660101,0.00551361654248228
2023-04-27,0.9567854973703942,0.03306513304441583,0.9567854973703942,0.03306513304441583,0.8006917587918423,0.0,0.9286578812642262,0.03306513304441583
2023-04-28,0.9683721378272039,0.012109966642109615,0.9683721378272039,0.012109966642109615,0.8006917587918423,0.0,0.9399038972282682,0.012109966642109615
2023-05-01,0.9686741315200177,0.0003118570650859631,0.9686741315200177,0.0003118570650859631,0.8006917587918423,0.0,0.9401970128991206,0.0003118570650859631
2023-05-02,0.966920417122354,-0.0018104276150244791,0.966920417122354,-0.0018104276150244791,0.8006917587918423,-0.0,0.9384948542634045,-0.0018104276150244791
2023-05-03,0.9679724934792286,0.0010880692332526642,0.9679724934792286,0.0010880692332526642,0.8006917587918423,0.0,0.9395160016398945,0.0010880692332526642
2023-05-04,0.9684454234066132,0.0004885778579148958,0.9684454234066132,0.0004885778579148958,0.8006917587918423,0.0,0.9399750283554524,0.0004885778579148958
2023-05-05,0.9917319638520475,0.024045279044761614,0.9917319638520475,0.024045279044761614,0.8006917587918423,0.0,0.962576990207367,0.024045279044761614
2023-05-08,0.9988537041773476,0.007181114035730074,0.9988537041773476,0.007181114035730074,0.8006917587918423,0.0,0.9694893653422159,0.007181114035730074
2023-05-09,0.9806451881524575,-0.018229412324086702,0.9806451881524575,-0.018229412324086702,0.8006917587918423,-0.0,0.9518161439575755,-0.018229412324086702
2023-05-10,1.002132424859271,0.021911326304772327,1.002132424859271,0.021911326304772327,0.8006917587918423,0.0,0.9726716980699801,0.021911326304772327
2023-05-11,0.991533616907256,-0.010576254883183922,0.991533616907256,-0.010576254883183922,0.8006917587918423,-0.0,0.9623844742735327,-0.010576254883183922
2023-05-12,0.9874465658020529,-0.00412194910541841,0.9874465658020529,-0.00412194910541841,0.8006917587918423,-0.0,0.9584175744507323,-0.00412194910541841
2023-05-15,0.9999211990587218,0.012633223597811938,0.9999211990587218,0.012633223597811938,0.8006917587918423,0.0,0.9705254779688409,0.012633223597811938
2023-05-16,0.9943701495347157,-0.005551486986406062,0.9943701495347157,-0.005551486986406062,0.8006917587918423,-0.0,0.9651376184079213,-0.005551486986406062
2023-05-17,1.0225061966394442,0.02829534566971259,1.0225061966394442,0.02829534566971259,0.8225469171229557,0.02729534566971259,0.9924465209396166,0.02829534566971259
2023-05-18,1.0612868313892994,0.037927041300396036,1.0612868313892994,0.037927041300396036,0.8537436880201915,0.037927041300396036,1.0300870811277278,0.037927041300396036
2023-05-19,1.0583435112032715,-0.002773350331855884,1.0583435112032715,-0.002773350331855884,0.8513759576797009,-0.002773350331855884,1.0272302887794418,-0.002773350331855884
2023-05-22,1.0654193766593827,0.006685792827384018,1.0654193766593827,0.006685792827384018,0.857068080950963,0.006685792827384018,1.034098137676235,0.006685792827384018
2023-05-23,1.0392050297284967,-0.024604721394387297,1.0392050297284967,-0.024604721394387297,0.8359801596031423,-0.024604721394387297,1.0086544411042566,-0.024604721394387297
2023-05-24,1.0168484547329468,-0.021513151260815877,1.0168484547329468,-0.021513151260815877,0.8179955919785589,-0.021513151260815877,0.986955105542887,-0.021513151260815877
2023-05-25,1.0804253128640737,0.06252343486898848,1.0804253128640737,0.06252343486898848,0.86913948609675,0.06252343486898848,1.0486629288029135,0.06252343486898848
2023-05-26,1.1222863213510603,0.03874493497011677,1.1222863213510603,0.03874493497011677,0.9028142389655293,0.03874493497011677,1.0892933057849545,0.03874493497011677
2023-05-30,1.1105897525251363,-0.010422089803111212,1.1105897525251363,-0.010422089803111212,0.893405027891503,-0.010422089803111212,1.0779405931301358,-0.010422089803111212
2023-05-31,1.102461620359996,-0.007318753073904616,1.102461620359996,-0.007318753073904616,0.8868664170973802,-0.007318753073904616,1.0700514121006781,-0.007318753073904616
2023-06-01,1.1083176140352076,0.005311743798663393,1.1083176140352076,0.005311743798663393,0.8915772242886401,0.005311743798663393,1.0757352510531548,0.005311743798663393
2023-06-02,1.1050842923420876,-0.0029173241065330036,1.1050842923420876,-0.0029173241065330036,0.888976204559387,-0.0029173241065330036,1.0725969826730102,-0.0029173241065330036
2023-06-05,1.1013482506094332,-0.0033807753476762237,1.1013482506094332,-0.0033807753476762237,0.8859707757223418,-0.0033807753476762237,1.0689707732359974,-0.0033807753476762237
2023-06-06,1.0928541664276308,-0.007712441706882678,1.0928541664276308,-0.007712441706882678,0.8791377777605817,-0.007712441706882678,1.0607263984610535,-0.007712441706882678
2023-06-07,1.0830635937228188,-0.008958718377599983,1.0830635937228188,-0.008958718377599983,0.8712618299945155,-0.008958718377599983,1.051223649381555,-0.008958718377599983
2023-06-08,1.0980694347514328,0.013854995325837116,1.0980694347514328,0.013854995325837116,0.8833331585766698,0.013854995325837116,1.0657883481301458,0.013854995325837116
2023-06-09,1.0916796936355342,-0.005819068370066294,1.0916796936355342,-0.005819068370066294,0.8781929825333655,-0.005819068370066294,1.0595864528643564,-0.005819068370066294
2023-06-12,1.1135023308382428,0.01998996347549009,1.1135023308382428,0.01998996347549009,0.8957480281786392,0.01998996347549009,1.080767547356239,0.01998996347549009
2023-06-13,1.124329846903662,0.009723837809363367,1.124329846903662,0.009723837809363367,0.9044581367227054,0.009723837809363367,1.0912767556963545,0.009723837809363367
2023-06-14,1.1288134967223713,0.003987842029682831,1.1288134967223713,0.003987842029682831,0.9080649728944168,0.003987842029682831,1.0956285950087363,0.003987842029682831
2023-06-15,1.1264952930110996,-0.0020536640623122215,1.1264952930110996,-0.0020536640623122215,0.906200112493339,-0.0020536640623122215,1.0933785419375253,-0.0020536640623122215
2023-06-16,1.100860282861858,-0.02275642899556163,1.100860282861858,-0.02275642899556163,0.8855782339776144,-0.02275642899556163,1.0684971507826533,-0.02275642899556163
2023-06-20,1.0986186007166192,-0.002036300319066209,1.0986186007166192,-0.002036300319066209,0.8837749307372077,-0.002036300319066209,1.0663213696935931,-0.002036300319066209
2023-06-21,1.0786258187732984,-0.018198109817437635,1.0786258187732984,-0.018198109817437635,0.8676918974937536,-0.018198109817437635,1.0469163363072287,-0.018198109817437635
2023-06-22,1.0940433915116863,0.014293717496881353,1.0940433915116863,0.014293717496881353,0.8800944403508623,0.014293717496881353,1.0618806626612742,0.014293717496881353
2023-06-23,1.064275645740207,-0.02720892608322223,1.064275645740207,-0.02720892608322223,0.8561480157771009,-0.02720892608322223,1.0329880302017205,-0.02720892608322223
2023-06-26,1.0678595009254899,0.0033674125680009936,1.0678595009254899,0.0033674125680009936,0.8590310193654977,0.0033674125680009936,1.0364665270772164,0.0033674125680009936
2023-06-27,1.1057402458658416,0.035473528968484436,1.1057402458658416,0.035473528968484436,0.8895038811157865,0.035473528968484436,1.0732336524503545,0.035473528968484436
2023-06-28,1.104383035005607,-0.001227422864736094,1.104383035005607,-0.001227422864736094,0.8884120837138335,-0.001227422864736094,1.0719163409261327,-0.001227422864736094
2023-06-29,1.1031019650070966,-0.0011599870315862626,1.1031019650070966,-0.0011599870315862626,0.8873815372180209,-0.0011599870315862626,1.070672931871713,-0.0011599870315862626
2023-06-30,1.1052369547698442,0.0019354418997286071,1.1052369547698442,0.0019354418997286071,0.8890990126261983,0.0019354418997286071,1.0727451571249627,0.0019354418997286071
2023-07-03,1.1191601679208165,0.012597491507033265,1.1191601679208165,0.012597491507033265,0.9002994298866684,0.012597491507033265,1.0862590551310554,0.012597491507033265
2023-07-05,1.09139007283275,-0.024813334037484536,1.09139007283275,-0.024813334037484536,0.8779599993991336,-0.024813334037484536,1.059305346344846,-0.024813334037484536
2023-07-06,1.066441091847644,-0.0228598203393493,1.066441091847644,-0.0228598203393493,0.8578899915477342,-0.0228598203393493,1.0350898164428908,-0.0228598203393493
2023-07-07,1.0625218361664657,-0.003675079393638203,1.0625218361664657,-0.003675079393638203,0.8547371777177887,-0.003675079393638203,1.0312857791879169,-0.003675079393638203
2023-07-10,1.0824840665890194,0.01878759545740416,1.0824840665890194,0.01878759545740416,0.8538824405400709,-0.001,1.0506611592082733,0.01878759545740416
2023-07-11,1.0751184851540474,-0.006804332426047943,1.0751184851540474,-0.006804332426047943,0.8538824405400709,-0.0,1.0435121114138832,-0.006804332426047943
2023-07-12,1.1054046550177914,0.028170076398048804,1.1054046550177914,0.028170076398048804,0.8538824405400709,0.0,1.0729079273147015,0.028170076398048804
2023-07-13,1.144871509283936,0.03570353543111282,1.144871509283936,0.03570353543111282,0.8538824405400709,0.0,1.1112145335119037,0.03570353543111282
2023-07-14,1.1498733928427562,0.004368947535386303,1.1498733928427562,0.004368947535386303,0.8538824405400709,0.0,1.116069371509376,0.004368947535386303
2023-07-17,1.1505900687037358,0.0006232650180797439,1.1505900687037358,0.0006232650180797439,0.853560753154272,-0.00037673498192025614,1.116764978506388,0.0006232650180797439
2023-07-18,1.1544635446918023,0.003366512621154838,1.1544635446918023,0.003366512621154838,0.8564342762026883,0.003366512621154838,1.1205245819013934,0.003366512621154838
2023-07-19,1.0915577730806976,-0.054489179758290485,1.0915577730806976,-0.054489179758290485,0.8097678749755186,-0.054489179758290485,1.059468116534585,-0.054489179758290485
2023-07-20,1.0310919353835462,-0.05539407916678474,1.0310919353835462,-0.05539407916678474,0.7649115292024057,-0.05539407916678474,1.0007798558125838,-0.05539407916678474
2023-07-21,1.057367480532043,0.025483222442936437,1.057367480532043,0.025483222442936437,0.7844039398502373,0.025483222442936437,1.0262829514946656,0.025483222442936437
2023-07-24,1.0438255427461547,-0.012807219850448193,1.0438255427461547,-0.012807219850448193,0.783619535910387,-0.001,1.0131391201061066,-0.012807219850448193
2023-07-25,1.04812597861634,0.004119879897622969,1.04812597861634,0.004119879897622969,0.783619535910387,0.0,1.0173131316005273,0.004119879897622969
2023-07-26,1.0435510549396387,-0.0043648604939080515,1.0435510549396387,-0.0043648604939080515,0.783619535910387,-0.0,1.0128727017024703,-0.0043648604939080515
2023-07-27,1.0798763372510412,0.03480930055070819,1.0798763372510412,0.03480930055070819,0.783619535910387,0.0,1.0481300919956393,0.03480930055070819
2023-07-28,1.0955075802826428,0.014475030605257011,1.0955075802826428,0.014475030605257011,0.783619535910387,0.0,1.063301807155567,0.014475030605257011
2023-07-31,1.0925184804035033,-0.0027285067971581922,1.0925184804035033,-0.0027285067971581922,0.783619535910387,-0.0,1.0604005809473125,-0.0027285067971581922
2023-08-01,1.083184943221191,-0.008543138948885365,1.083184943221191,-0.008543138948885365,0.783619535910387,-0.0,1.051341431442801,-0.008543138948885365
2023-08-02,1.0439814411605348,-0.036192805583201926,1.0439814411605348,-0.036192805583201926,0.783619535910387,-0.0,1.0132904354130263,-0.036192805583201926
2023-08-03,1.0408483398766593,-0.0030011082193114325,1.0408483398766593,-0.0030011082193114325,0.783619535910387,-0.0,1.0102494411587586,-0.0030011082193114325
2023-08-04,1.036308916876737,-0.004361272268023408,1.036308916876737,-0.004361272268023408,0.783619535910387,-0.0,1.0058434682872468,-0.004361272268023408
2023-08-07,1.0598156947647086,0.022683176324311827,1.0598156947647086,0.022683176324311827,0.783619535910387,0.0,1.0286591930330637,0.022683176324311827
2023-08-08,1.03834168753262,-0.020262020404270498,1.03834168753262,-0.020262020404270498,0.783619535910387,-0.0,1.0078164794747875,-0.020262020404270498
2023-08-09,1.0278263490002704,-0.010127050332859988,1.0278263490002704,-0.010127050332859988,0.783619535910387,-0.0,0.9976102712608605,-0.010127050332859988
2023-08-10,1.0359574316238025,0.007910949774191822,1.0359574316238025,0.007910949774191822,0.783619535910387,0.0,1.005502316011023,0.007910949774191822
2023-08-11,1.011457396194638,-0.023649654591272218,1.011457396194638,-0.023649654591272218,0.783619535910387,-0.0,0.9817225335466381,-0.023649654591272218
2023-08-14,1.0187477885286573,0.007207809603694271,1.0187477885286573,0.007207809603694271,0.783619535910387,0.0,0.9887986026520986,0.007207809603694271
2023-08-15,0.9960512445855088,-0.022278864502791595,0.9960512445855088,-0.022278864502791595,0.783619535910387,-0.0,0.9667692925630629,-0.022278864502791595
2023-08-16,0.9880118165242773,-0.008071299649424102,0.9880118165242773,-0.008071299649424102,0.783619535910387,-0.0,0.9589662079109247,-0.008071299649424102
2023-08-17,0.9848023840265232,-0.0032483746085593124,0.9848023840265232,-0.0032483746085593124,0.783619535910387,-0.0,0.9558511264306804,-0.0032483746085593124
2023-08-18,1.0015991532989688,0.01705597949892157,1.0015991532989688,0.01705597949892157,0.783619535910387,0.0,0.9721541036471032,0.01705597949892157
2023-08-21,1.012588563871629,0.010971864878743576,1.012588563871629,0.010971864878743576,0.783619535910387,0.0,0.9828204471136353,0.010971864878743576
2023-08-22,1.0202304414585828,0.007546873290505074,1.0202304414585828,0.007546873290505074,0.783619535910387,0.0,0.9902376684953194,0.007546873290505074
2023-08-23,1.0349029758649988,0.014381588521745536,1.0349029758649988,0.014381588521745536,0.783619535910387,0.0,1.0044788591823517,0.014381588521745536
2023-08-24,0.990121108746193,-0.04327156087398043,0.990121108746193,-0.04327156087398043,0.783619535910387,-0.0,0.9610134910806162,-0.04327156087398043
2023-08-25,0.9949967888267051,0.004924326971158299,0.9949967888267051,0.004924326971158299,0.783619535910387,0.0,0.9657458357343914,0.004924326971158299
2023-08-28,1.0071931272337717,0.012257666099051878,1.0071931272337717,0.012257666099051878,0.783619535910387,0.0,0.9775836257253734,0.012257666099051878
2023-08-29,1.0202151181101606,0.01292899099912792,1.0202151181101606,0.01292899099912792,0.783619535910387,0.0,0.9902227956232715,0.01292899099912792
2023-08-30,1.023348124217959,0.003070926956661779,1.023348124217959,0.003070926956661779,0.783619535910387,0.0,0.993263697499452,0.003070926956661779
2023-08-31,1.0095470219739766,-0.01348622420598955,1.0095470219739766,-0.01348622420598955,0.783619535910387,-0.0,0.9798683205793042,-0.01348622420598955
2023-09-01,1.0125885638716285,0.0030127788319407323,1.0125885638716285,0.0030127788319407323,0.783619535910387,0.0,0.9828204471136348,0.0030127788319407323
2023-09-05,1.0141780043601223,0.0015696804656932795,1.0141780043601223,0.0015696804656932795,0.783619535910387,0.0,0.9843631611707531,0.0015696804656932795
2023-09-06,1.0179682964567551,0.0037373045760584755,1.0179682964567551,0.0037373045760584755,0.783619535910387,0.0,0.9880420261174999,0.0037373045760584755
2023-09-07,0.9747912883509422,-0.04241488488010803,0.9747912883509422,-0.04241488488010803,0.783619535910387,-0.0,0.9461343373230174,-0.04241488488010803
2023-09-08,0.9596144159116801,-0.015569355841225208,0.9596144159116801,-0.015569355841225208,0.783619535910387,-0.0,0.9314036351516336,-0.015569355841225208
2023-09-11,0.9593852319178902,-0.00023882925265583665,0.9593852319178902,-0.00023882925265583665,0.783619535910387,-0.0,0.9311811887175294,-0.00023882925265583665
2023-09-12,0.9457670580942005,-0.014194687775697656,0.9457670580942005,-0.014194687775697656,0.783619535910387,-0.0,0.9179633624810811,-0.014194687775697656
2023-09-13,0.9430925151500592,-0.0028279087553870763,0.9430925151500592,-0.0028279087553870763,0.783619535910387,-0.0,0.9153674458511963,-0.0028279087553870763
2023-09-14,0.9505053039193001,0.007860086524026144,0.9505053039193001,0.007860086524026144,0.783619535910387,0.0,0.9225623131768635,0.007860086524026144
2023-09-15,0.9119287266788659,-0.04058533611687176,0.9119287266788659,-0.04058533611687176,0.783619535910387,-0.0,0.8851198116078218,-0.04058533611687176
2023-09-18,0.9135640420365484,0.0017932490882681673,0.9135640420365484,0.0017932490882681673,0.783619535910387,0.0,0.8867070519029956,0.0017932490882681673
2023-09-19,0.9075116049380881,-0.006625082446292341,0.9075116049380881,-0.006625082446292341,0.783619535910387,-0.0,0.8808325445784294,-0.006625082446292341
2023-09-20,0.9015661457503505,-0.006551386401436932,0.9015661457503505,-0.006551386401436932,0.783619535910387,-0.0,0.8750618702239352,-0.006551386401436932
2023-09-21,0.8897059692477964,-0.013155081918790557,0.8897059692477964,-0.013155081918790557,0.783619535910387,-0.0,0.8635503596371293,-0.013155081918790557
2023-09-22,0.8973172001379063,0.00855477107402658,0.8973172001379063,0.00855477107402658,0.783619535910387,0.0,0.8709378352747184,0.00855477107402658
2023-09-25,0.8958346423840581,-0.0016522114516698272,0.8958346423840581,-0.0016522114516698272,0.783619535910387,-0.0,0.8694988618095849,-0.0016522114516698272
2023-09-26,0.8753237218767039,-0.022895877807057152,0.8753237218767039,-0.022895877807057152,0.783619535910387,-0.0,0.8495909221162173,-0.022895877807057152
2023-09-27,0.8781055282597992,0.0031780315254463787,0.8781055282597992,0.0031780315254463787,0.783619535910387,0.0,0.8522909488504358,0.0031780315254463787
2023-09-28,0.8874591475943913,0.010652044695731222,0.8874591475943913,0.010652044695731222,0.783619535910387,0.0,0.8613695901313578,0.010652044695731222
2023-09-29,0.8997014560467239,0.01379478535492873,0.8997014560467239,0.01379478535492873,0.783619535910387,0.0,0.8732519987384828,0.01379478535492873
2023-10-02,0.8897976238100972,-0.011007909534951787,0.8897976238100972,-0.011007909534951787,0.783619535910387,-0.0,0.8636393197351537,-0.011007909534951787
2023-10-03,0.8720988708544508,-0.019890762216087543,0.8720988708544508,-0.019890762216087543,0.783619535910387,-0.0,0.8464608753858381,-0.019890762216087543
2023-10-04,0.9030639316765436,0.03550636499707238,0.9030639316765436,0.03550636499707238,0.783619535910387,0.0,0.8765156241830291,0.03550636499707238
2023-10-05,0.8890487784350392,-0.015519558195049687,0.8890487784350392,-0.015519558195049687,0.783619535910387,-0.0,0.8629124889446502,-0.015519558195049687
2023-10-06,0.9129985057860918,0.026938597669759368,0.9129985057860918,0.026938597669759368,0.783619535910387,0.0,0.8861581413085409,0.026938597669759368
2023-10-09,0.9038434237484457,-0.010027488522298844,0.9038434237484457,-0.010027488522298844,0.783619535910387,-0.0,0.8772722007176278,-0.010027488522298844
2023-10-10,0.9203196399930322,0.018229060268266206,0.9203196399930322,0.018229060268266206,0.783619535910387,0.0,0.8932640485361839,0.018229060268266206
2023-10-11,0.9264942831745598,0.006709237653098832,0.9264942831745598,0.006709237653098832,0.783619535910387,0.0,0.8992571693247824,0.006709237653098832
2023-10-12,0.94264918498267,0.017436590922889073,0.94264918498267,0.017436590922889073,0.783619535910387,0.0,0.9149371487207738,0.017436590922889073
2023-10-13,0.9166513636273125,-0.02757952987126966,0.9166513636273125,-0.02757952987126966,0.783619535910387,-0.0,0.8897036122972949,-0.02757952987126966
2023-10-16,0.922841330157262,0.006752803492764192,0.922841330157262,0.006752803492764192,0.783619535910387,0.0,0.895711605957941,0.006752803492764192
2023-10-17,0.9302233770535818,0.007999259087216881,0.9302233770535818,0.007999259087216881,0.783619535910387,0.0,0.9028766351614257,0.007999259087216881
2023-10-18,0.8914329391677797,-0.04170013229367353,0.8914329391677797,-0.04170013229367353,0.783619535910387,-0.0,0.8652265600303274,-0.04170013229367353
2023-10-19,0.8982800013344094,0.0076809615909212425,0.8982800013344094,0.0076809615909212425,0.7888548679316999,0.0066809615909212425,0.8718723320053653,0.0076809615909212425
2023-10-20,0.8866184573048785,-0.012982081324539707,0.8866184573048785,-0.012982081324539707,0.7786138898829515,-0.012982081324539707,0.8605536144866556,-0.012982081324539707
2023-10-23,0.8983718462488643,0.013256422587584638,0.8983718462488643,0.013256422587584638,0.7889355246398031,0.013256422587584638,0.871961476859564,0.013256422587584638
2023-10-24,0.9181797962503493,0.022048720787714693,0.9181797962503493,0.022048720787714693,0.8063305437420953,0.022048720787714693,0.891187112000484,0.022048720787714693
2023-10-25,0.891570563775346,-0.02898041601837642,0.891570563775346,-0.02898041601837642,0.7829627491361257,-0.02898041601837642,0.8653601387444945,-0.02898041601837642
2023-10-26,0.8989984855408548,0.008331277486389066,0.8989984855408548,0.008331277486389066,0.7894858290606849,0.008331277486389066,0.872569694186035,0.008331277486389066
2023-10-27,0.9017494548749517,0.0030600377846485838,0.9017494548749517,0.0030600377846485838,0.7919016855280552,0.0030600377846485838,0.8752397904199836,0.0030600377846485838
2023-10-30,0.9000378083033906,-0.001898139846170932,0.9000378083033906,-0.001898139846170932,0.7903985453845045,-0.001898139846170932,0.8735784628988331,-0.001898139846170932
2023-10-31,0.9152147759187299,0.016862588966066294,0.9152147759187299,0.016862588966066294,0.8037267111747001,0.016862588966066294,0.8883092574483041,0.016862588966066294
2023-11-01,0.9320547551302039,0.018400029866835643,0.9320547551302039,0.018400029866835643,0.8185153066650881,0.018400029866835643,0.9046541743163395,0.018400029866835643
2023-11-02,0.9674816704493374,0.03800947865362758,0.9674816704493374,0.03800947865362758,0.8496266467414422,0.03800947865362758,0.9390396078439316,0.03800947865362758
2023-11-03,0.9843675245300002,0.01745340981273613,0.9843675245300002,0.01745340981273613,0.8644555287948413,0.01745340981273613,0.9554290509500227,0.01745340981273613
2023-11-06,0.9767522010685727,-0.007736260361762226,0.9767522010685727,-0.007736260361762226,0.8577678757529196,-0.007736260361762226,0.948037603054682,-0.007736260361762226
2023-11-07,0.9750206626968863,-0.0017727509288355536,0.9750206626968863,-0.0017727509288355536,0.8562472669544533,-0.0017727509288355536,0.9463569685132958,-0.0017727509288355536
2023-11-08,0.9795868301744892,0.004683149447287649,0.9795868301744892,0.004683149447287649,0.8602572008694326,0.004683149447287649,0.9507888996273256,0.004683149447287649
2023-11-09,0.9718794714464525,-0.007867968913652934,0.9718794714464525,-0.007867968913652934,0.8534887239552458,-0.007867968913652934,0.9433081221216115,-0.007867968913652934
2023-11-10,1.0132823022980135,0.042600787513230376,1.0132823022980135,0.042600787513230376,0.8898480157294013,0.042600787513230376,0.9834937909916187,0.042600787513230376
2023-11-13,1.0030463055521148,-0.010101821301610303,1.0030463055521148,-0.010101821301610303,0.8808589300889104,-0.010101821301610303,0.9735587124637781,-0.010101821301610303
2023-11-14,1.0349337177379199,0.03179056840078087,1.0349337177379199,0.03179056840078087,0.9088619361573406,0.03179056840078087,1.004508697304534,0.03179056840078087
2023-11-15,1.0389023698031419,0.0038346920166987264,1.0389023698031419,0.0038346920166987264,0.9123471417682044,0.0038346920166987264,1.0083606787867923,0.0038346920166987264
2023-11-16,1.04330007562418,0.0042330308880431655,1.04330007562418,0.0042330308880431655,0.9162091353999271,0.0042330308880431655,1.012629100686385,0.0042330308880431655
2023-11-17,1.0512985779722346,0.007666540561946489,1.0512985779722346,0.007666540561946489,0.9232332898996966,0.007666540561946489,1.0203924627610046,0.007666540561946489
2023-11-20,1.0638942751990448,0.011981084623081228,1.0638942751990448,0.011981084623081228,0.9342946260728305,0.011981084623081228,1.0326178712060985,0.011981084623081228
2023-11-21,1.0487396739618369,-0.01424446168240967,1.0487396739618369,-0.01424446168240967,0.9209861020716549,-0.01424446168240967,1.0179087855071318,-0.01424446168240967
2023-11-22,1.0493219612018732,0.0005552257194929577,1.0493219612018732,0.0005552257194929577,0.9214974572428206,0.0005552257194929577,1.0184739546449433,0.0005552257194929577
2023-11-24,1.0590981623190348,0.009316683990835406,1.0590981623190348,0.009316683990835406,0.9300827578503104,0.009316683990835406,1.0279627546332666,0.009316683990835406
2023-11-27,1.0548076247608735,-0.004051123598181383,1.0548076247608735,-0.004051123598181383,0.9263148776417214,-0.004051123598181383,1.0237983504599202,-0.004051123598181383
2023-11-28,1.035822376770319,-0.01799877773433667,1.035822376770319,-0.01799877773433667,0.9096423420470388,-0.01799877773433667,1.0053712315052115,-0.01799877773433667
2023-11-29,1.0536278221084563,0.017189670485449948,1.0536278221084563,0.017189670485449948,0.9252787941664403,0.017189670485449948,1.022653231690337,0.017189670485449948
2023-11-30,1.0477283329659846,-0.005599215414287317,1.0477283329659846,-0.005599215414287317,0.9200979588796304,-0.005599215414287317,1.0169271759519858,-0.005599215414287317
2023-12-01,1.0606610486820016,0.012343577346435097,1.0606610486820016,0.012343577346435097,0.9314552592013582,0.012343577346435097,1.029479695204041,0.012343577346435097
2023-12-04,1.057780354354742,-0.002715942412365613,1.057780354354742,-0.002715942412365613,0.9289254803576722,-0.002715942412365613,1.0266836876371672,-0.002715942412365613
2023-12-05,1.0642313888643287,0.006098652223052392,1.0642313888643287,0.006098652223052392,0.9345906738035056,0.006098652223052392,1.0329450743911472,0.006098652223052392
2023-12-06,1.0604772636770148,-0.0035275460079410292,1.0604772636770148,-0.0035275460079410292,0.9312938622030711,-0.0035275460079410292,1.0293013131175563,-0.0035275460079410292
2023-12-07,1.0720768480803176,0.010938079297507342,1.0720768480803176,0.010938079297507342,0.9414804283171302,0.010938079297507342,1.0405598925014645,0.010938079297507342
2023-12-08,1.067142634712355,-0.004602481041165896,1.067142634712355,-0.004602481041165896,0.9371472824951719,-0.004602481041165896,1.0357707353240289,-0.004602481041165896
2023-12-11,1.0883038933549112,0.0198298315091312,1.0883038933549112,0.0198298315091312,0.9557307552062914,0.0198298315091312,1.0563098944875933,0.0198298315091312
2023-12-12,1.1041172082221107,0.014530238257672634,1.1041172082221107,0.014530238257672634,0.9696177507896242,0.014530238257672634,1.071658328928435,0.014530238257672634
2023-12-13,1.1266879293912597,0.02044232351517583,1.1266879293912597,0.02044232351517583,0.9894389905373229,0.02044232351517583,1.0935655151861228,0.02044232351517583
2023-12-14,1.15491325165636,0.025051588402433822,1.15491325165636,0.025051588402433822,1.0142260088775834,0.025051588402433822,1.120961068363661,0.025051588402433822
2023-12-15,1.1537639053486326,-0.000995179773094712,1.1537639053486326,-0.000995179773094712,1.0132166716682018,-0.000995179773094712,1.1198455105819989,-0.000995179773094712
2023-12-18,1.1370617410968795,-0.014476240914042315,1.1370617410968795,-0.014476240914042315,0.9985491030310089,-0.014476240914042315,1.1036343571843052,-0.014476240914042315
2023-12-19,1.1411376566010554,0.0035846035064410753,1.1411376566010554,0.0035846035064410753,1.0021285056470874,0.0035846035064410753,1.107590448770897,0.0035846035064410753
2023-12-20,1.1179844578397156,-0.02028957560677025,1.1179844578397156,-0.02028957560677025,0.9817957435640612,-0.02028957560677025,1.0851179086192233,-0.02028957560677025
2023-12-21,1.1573035036580381,0.035169581779606274,1.1573035036580381,0.035169581779606274,1.0163250892582067,0.035169581779606274,1.1232810516469225,0.035169581779606274
2023-12-22,1.153104906190409,-0.003627913900163704,1.153104906190409,-0.003627913900163704,1.012637949339802,-0.003627913900163704,1.1192058847058621,-0.003627913900163704
2023-12-26,1.1686580096626662,0.013488021244867365,1.1686580096626662,0.013488021244867365,1.026296431513856,0.013488021244867365,1.1343017574561554,0.013488021244867365
2023-12-27,1.1707265665235596,0.0017700275391006048,1.1707265665235596,0.0017700275391006048,1.0281130044609164,0.0017700275391006048,1.136309502804503,0.0017700275391006048
2023-12-28,1.1612569275509153,-0.008088685473982338,1.1612569275509153,-0.008088685473982338,1.019796921736121,-0.008088685473982338,1.1271182526352201,-0.008088685473982338
2023-12-29,1.1598318561476688,-0.0012271801092733625,1.1598318561476688,-0.0012271801092733625,1.0185454472382682,-0.0012271801092733625,1.1257350755347872,-0.0012271801092733625
2024-01-02,1.0985396997486552,-0.052845725933578835,1.0985396997486552,-0.052845725933578835,0.9647196736826202,-0.052845725933578835,1.0662447882592592,-0.052845725933578835
2024-01-03,1.077776848165071,-0.018900410780179122,1.077776848165071,-0.018900410780179122,0.9464860755622984,-0.018900410780179122,1.0460923237689341,-0.018900410780179122
2024-01-04,1.073057352027171,-0.004378917719317421,1.073057352027171,-0.004378917719317421,0.9423414909149314,-0.004378917719317421,1.0415115715563403,-0.004378917719317421
2024-01-05,1.0777308781198052,0.0043553367243653884,1.0777308781198052,0.0043553367243653884,0.9464457054172064,0.0043553367243653884,1.0460477051527912,0.0043553367243653884
2024-01-08,1.1045462619779267,0.024881335779209923,1.1045462619779267,0.024881335779209923,0.9699945388104831,0.024881335779209923,1.0720747693457697,0.024881335779209923
2024-01-09,1.097053334951721,-0.0067837149824653276,1.097053334951721,-0.0067837149824653276,0.9634143723246449,-0.0067837149824653276,1.0648021196706359,-0.0067837149824653276
2024-01-10,1.0998726407092154,0.0025698894189301047,1.0998726407092154,0.0025698894189301047,0.9658902407261272,0.0025698894189301047,1.0675385433712319,0.0025698894189301047
2024-01-11,1.101006568492444,0.001030962805381952,1.101006568492444,0.001030962805381952,0.9668860376383972,0.001030962805381952,1.0686391359027592,0.001030962805381952
2024-01-12,1.092869965656437,-0.007390149222404885,1.092869965656437,-0.007390149222404885,0.9597406055391896,-0.007390149222404885,1.060741733223536,-0.007390149222404885
2024-01-16,1.0825729610450816,-0.009421985172014868,1.0825729610450816,-0.009421985172014868,0.9506979437848188,-0.009421985172014868,1.0507474403417665,-0.009421985172014868
2024-01-17,1.0914145330845781,0.008167183513396736,1.0914145330845781,0.008167183513396736,0.949747245841034,-0.001,1.0593290875132695,0.008167183513396736
2024-01-18,1.140846512981038,0.04529166361451509,1.140846512981038,0.04529166361451509,0.949747245841034,0.0,1.1073078642019918,0.04529166361451509
2024-01-19,1.161226280854072,0.01786372455991625,1.161226280854072,0.01786372455991625,0.949747245841034,0.0,1.1270885068911254,0.01786372455991625
2024-01-22,1.1747869683271601,0.011677902659173567,1.1747869683271601,0.011677902659173567,0.949747245841034,0.0,1.1402505367628732,0.011677902659173567
2024-01-23,1.1927303238010956,0.01527371000674771,1.1927303238010956,0.01527371000674771,0.9633036626078764,0.014273710006747709,1.1576663927964277,0.01527371000674771
2024-01-24,1.2983368424279282,0.08854182418224821,1.2983368424279282,0.08854182418224821,1.0485963261366187,0.08854182418224821,1.2601682870091064,0.08854182418224821
2024-01-25,1.331695010534014,0.02569299970237693,1.331695010534014,0.02569299970237693,1.0755379112319603,0.02569299970237693,1.2925457904321762,0.02569299970237693
2024-01-26,1.3296570051938874,-0.0015303844529005461,1.3296570051938874,-0.0015303844529005461,1.0738919247341059,-0.0015303844529005461,1.2905676984498367,-0.0015303844529005461
2024-01-29,1.3524425387691763,0.017136399452102546,1.3524425387691763,0.017136399452102546,1.0922945657247367,0.017136399452102546,1.3126833820504538,0.017136399452102546
2024-01-30,1.330086154125781,-0.01653037670919566,1.330086154125781,-0.01653037670919566,1.0742385250758995,-0.01653037670919566,1.2909842312452589,-0.01653037670919566
2024-01-31,1.3328289383172427,0.0020621101745581516,1.3328289383172427,0.0020621101745581516,1.0764537232683609,0.0020621101745581516,1.293646382963704,0.0020621101745581516
2024-02-01,1.3645782500150954,0.02382099516681979,1.3645782500150954,0.02382099516681979,1.1020959222076416,0.02382099516681979,1.3244623271998561,0.02382099516681979
2024-02-02,1.3647622253722365,0.00013482213800419807,1.3647622253722365,0.00013482213800419807,1.1022445091361595,0.00013482213800419807,1.3246408940425152,0.00013482213800419807
2024-02-05,1.3792462159698082,0.010612830812796847,1.3792462159698082,0.010612830812796847,1.1139424436259557,0.010612830812796847,1.3386990837387003,0.010612830812796847
2024-02-06,1.3889933883834373,0.0070670285702219005,1.3889933883834373,0.0070670285702219005,1.1218147067006432,0.0070670285702219005,1.3481597084104116,0.0070670285702219005
2024-02-07,1.4156099494163816,0.0191624821655354,1.4156099494163816,0.0191624821655354,1.1433114610108297,0.0191624821655354,1.3739937947791194,0.0191624821655354
2024-02-08,1.4166999058519643,0.0007699553369429069,1.4166999058519643,0.0007699553369429069,1.144191759772023,0.0007699553369429069,1.3750517086343361,0.0007699553369429069
2024-02-09,1.457622668570354,0.02888597828612105,1.457622668570354,0.02888597828612105,1.1772428580999563,0.02888597828612105,1.4147714224322412,0.02888597828612105
2024-02-12,1.4263243011260631,-0.021472201358523346,1.4263243011260631,-0.021472201358523346,1.1519648624029506,-0.021472201358523346,1.3843931655734916,-0.021472201358523346
2024-02-13,1.3865834349337882,-0.027862433642124818,1.3865834349337882,-0.027862433642124818,1.119868317866189,-0.027862433642124818,1.345820602863089,-0.027862433642124818
2024-02-14,1.4190025006865825,0.023380537323628436,1.4190025006865825,0.023380537323628436,1.1460514408696085,0.023380537323628436,1.3772866116992375,0.023380537323628436
2024-02-15,1.427291385246038,0.005841345984552548,1.427291385246038,0.005841345984552548,1.152745923851823,0.005841345984552548,1.3853318193180648,0.005841345984552548
2024-02-16,1.4259099044861288,-0.0009679038030984133,1.4259099044861288,-0.0009679038030984133,1.1516301766881205,-0.0009679038030984133,1.3839909513815936,-0.0009679038030984133
2024-02-20,1.3961772786871198,-0.02085168614473154,1.3961772786871198,-0.02085168614473154,1.127616745689018,-0.02085168614473154,1.3551324064362362,-0.02085168614473154
2024-02-21,1.3940895914347182,-0.001495288087172364,1.3940895914347182,-0.001495288087172364,1.1259306338022932,-0.001495288087172364,1.3531060930923509,-0.001495288087172364
2024-02-22,1.4610763228820884,0.04805052118524977,1.4610763228820884,0.04805052118524977,1.180032187574932,0.04805052118524977,1.4181235460843755,0.04805052118524977
2024-02-23,1.432525593609194,-0.019540888334002804,1.432525593609194,-0.019540888334002804,1.1569733103670012,-0.019540888334002804,1.3904121522265207,-0.019540888334002804
2024-02-26,1.4545374408532874,0.015365761939816647,1.4545374408532874,0.015365761939816647,1.174751086824822,0.015365761939816647,1.4117768943558615,0.015365761939816647
2024-02-27,1.4449897574973758,-0.006564068471355822,1.4449897574973758,-0.006564068471355822,1.1670399402541043,-0.006564068471355822,1.4025098941550316,-0.006564068471355822
2024-02-28,1.442119342186449,-0.001986460662460443,1.442119342186449,-0.001986460662460443,1.1647216613212694,-0.001986460662460443,1.399723863421581,-0.001986460662460443
2024-02-29,1.4608153500785286,0.012964258466801937,1.4608153500785286,0.012964258466801937,1.1798214139805212,0.012964258466801937,1.417870245369129,0.012964258466801937
2024-03-01,1.5210790337878022,0.04125345732849395,1.5210790337878022,0.04125345732849395,1.22849312633741,0.04125345732849395,1.4763622950338056,0.04125345732849395
2024-03-04,1.5319773608546245,0.00716486574644537,1.5319773608546245,0.00716486574644537,1.2372951146580484,0.00716486574644537,1.4869402326708367,0.00716486574644537
2024-03-05,1.487155710135568,-0.029257384517779372,1.487155710135568,-0.029257384517779372,1.201095095726528,-0.029257384517779372,1.4434362505286298,-0.029257384517779372
2024-03-06,1.5410184219518384,0.03621860942278898,1.5410184219518384,0.03621860942278898,1.2445970898782746,0.03621860942278898,1.4957155043132213,0.03621860942278898
2024-03-07,1.6077287620711493,0.04328977458609251,1.6077287620711493,0.04328977458609251,1.2984754173496118,0.04328977458609251,1.5604646913398643,0.04328977458609251
2024-03-08,1.5262825954541137,-0.05065914633020119,1.5262825954541137,-0.05065914633020119,1.2326957611759288,-0.05065914633020119,1.4814128821981658,-0.05065914633020119
2024-03-11,1.4776848338739204,-0.031840605222740015,1.4776848338739204,-0.031840605222740015,1.193445982084581,-0.031840605222740015,1.4342437994442125,-0.031840605222740015
2024-03-12,1.510871304336818,0.022458422596038696,1.510871304336818,0.022458422596038696,1.220248896295781,0.022458422596038696,1.4664546527978788,0.022458422596038696
2024-03-13,1.4870637700450355,-0.015757486573108603,1.4870637700450355,-0.015757486573108603,1.2010208406965495,-0.015757486573108603,1.4433470132963435,-0.015757486573108603
2024-03-14,1.473248962445943,-0.009289990030941442,1.473248962445943,-0.009289990030941442,1.1898633690595255,-0.009289990030941442,1.4299383339316314,-0.009289990030941442
2024-03-15,1.4432091082698768,-0.02039020894757182,1.4432091082698768,-0.02039020894757182,1.16560180634534,-0.02039020894757182,1.4007815925206226,-0.02039020894757182
2024-03-18,1.4449436922760324,0.0012018937492952464,1.4449436922760324,0.0012018937492952464,1.1670027358705537,0.0012018937492952464,1.402465183160801,0.0012018937492952464
2024-03-19,1.4611683581486974,0.011228580019688073,1.4611683581486974,0.011228580019688073,1.180106519473471,0.011228580019688073,1.4182128756947485,0.011228580019688073
2024-03-20,1.4903485819958968,0.01997047341222946,1.4903485819958968,0.01997047341222946,1.2036738053442146,0.01997047341222946,1.446535258221692,0.01997047341222946
2024-03-21,1.520848612505009,0.020465031387667754,1.520848612505009,0.020465031387667754,1.2283070275510974,0.020465031387667754,1.476138647684567,0.020465031387667754
2024-03-22,1.5042247781647546,-0.01093063057267285,1.5042247781647546,-0.01093063057267285,1.2148808572031184,-0.01093063057267285,1.460003521452682,-0.01093063057267285
2024-03-25,1.5026437131710508,-0.0010510829343157724,1.5026437131710508,-0.0010510829343157724,1.2136039166668853,-0.0010510829343157724,1.4584689366672423,-0.0010510829343157724
2024-03-26,1.490932011348859,-0.00779406436771124,1.490932011348859,-0.00779406436771124,1.2041450096234771,-0.00779406436771124,1.4471015358965504,-0.00779406436771124
2024-03-27,1.4950916818009319,0.002789979972533718,1.4950916818009319,0.002789979972533718,1.207504550084353,0.002789979972533718,1.4511389201999245,0.002789979972533718
2024-03-28,1.4896577940279039,-0.003634484653464498,1.4896577940279039,-0.003634484653464498,1.203115893328083,-0.003634484653464498,1.445864778064413,-0.003634484653464498
2024-04-01,1.5241643566809455,0.023164086940893336,1.5241643566809455,0.023164086940893336,1.2309849744811052,0.023164086940893336,1.4793569154882724,0.023164086940893336
2024-04-02,1.483886316709206,-0.026426310125405306,1.483886316709206,-0.026426310125405306,1.1984545837857534,-0.026426310125405306,1.4402629708534163,-0.026426310125405306
2024-04-03,1.5047007537266084,0.014026975505483597,1.5047007537266084,0.014026975505483597,1.2152652768769507,0.014026975505483597,1.4604655042670323,0.014026975505483597
2024-04-04,1.4634708578072386,-0.027400727897063937,1.4634708578072386,-0.027400727897063937,1.2140500116000739,-0.001,1.420447686381563,-0.027400727897063937
2024-04-05,1.5035954739426038,0.027417434328337098,1.5035954739426038,0.027417434328337098,1.2140500116000739,0.0,1.4593927175397678,0.027417434328337098
2024-04-08,1.508446122714824,0.003226033102840642,1.508446122714824,0.003226033102840642,1.2140500116000739,0.0,1.4641007667565957,0.003226033102840642
2024-04-09,1.5193752868306452,0.007245312876108079,1.5193752868306452,0.007245312876108079,1.2140500116000739,0.0,1.474708634893897,0.007245312876108079
2024-04-10,1.4960125103474093,-0.015376567386435225,1.4960125103474093,-0.015376567386435225,1.2140500116000739,-0.0,1.452032678194093,-0.015376567386435225
2024-04-11,1.5229823649787542,0.01802782693647509,1.5229823649787542,0.01802782693647509,1.2347226450898254,0.017027826936475088,1.4782096720226827,0.01802782693647509
2024-04-12,1.4764109972572743,-0.030579059083280624,1.4764109972572743,-0.030579059083280624,1.196965988374159,-0.030579059083280624,1.4330074111244242,-0.030579059083280624
2024-04-15,1.465635256977828,-0.007298604724202518,1.465635256977828,-0.007298604724202518,1.1882298067567016,-0.007298604724202518,1.4225484564637743,-0.007298604724202518
2024-04-16,1.4995586758061392,0.023145880714047662,1.4995586758061392,0.023145880714047662,1.2157324321247682,0.023145880714047662,1.4554745933470374,0.023145880714047662
2024-04-17,1.3931684773600097,-0.07094767291378967,1.3931684773600097,-0.07094767291378967,1.129479045179694,-0.07094767291378967,1.3522120579639207,-0.07094767291378967
2024-04-18,1.3646485851361136,-0.02047124428047631,1.3646485851361136,-0.02047124428047631,1.1063572037361415,-0.02047124428047631,1.3245305946063357,-0.02047124428047631
2024-04-19,1.3193817959042016,-0.03317102272699535,1.3193817959042016,-0.03317102272699535,1.1052508465324054,-0.001,1.2805945601500484,-0.03317102272699535
2024-04-22,1.338584616407133,0.014554407649509438,1.338584616407133,0.014554407649509438,1.1052508465324054,0.0,1.2992328554122163,0.014554407649509438
2024-04-23,1.3838972805082341,0.03385117649321545,1.3838972805082341,0.03385117649321545,1.1052508465324054,0.0,1.3432134161065596,0.03385117649321545
2024-04-24,1.369698627789974,-0.010259903620191801,1.369698627789974,-0.010259903620191801,1.1052508465324054,-0.0,1.3294321759159577,-0.010259903620191801
2024-04-25,1.3853403401900628,0.011419820450084606,1.3853403401900628,0.011419820450084606,1.1052508465324054,0.0,1.3446140526654833,0.011419820450084606
2024-04-26,1.4135395842100225,0.020355462987593942,1.4135395842100225,0.020355462987593942,1.1052508465324054,0.0,1.3719842942471143,0.020355462987593942
2024-04-29,1.399388329178186,-0.0100112194875287,1.399388329178186,-0.0100112194875287,1.1052508465324054,-0.0,1.3582490583439644,-0.0100112194875287
2024-04-30,1.3420140959952702,-0.04099950813267794,1.3420140959952702,-0.04099950813267794,1.1052508465324054,-0.0,1.3025615150301888,-0.04099950813267794
2024-05-01,1.3118198662220582,-0.02249918973527565,1.3118198662220582,-0.02249918973527565,1.1052508465324054,-0.0,1.2732549363616565,-0.02249918973527565
2024-05-02,1.3386457194486667,0.020449342106599655,1.3386457194486667,0.020449342106599655,1.1052508465324054,0.0,1.2992921621442328,0.020449342106599655
2024-05-03,1.3868675355240967,0.03602283664365702,1.3868675355240967,0.03602283664365702,1.1052508465324054,0.0,1.3460963514535385,0.03602283664365702
2024-05-06,1.41038630559779,0.016958194976282037,1.41038630559779,0.016958194976282037,1.1052508465324054,0.0,1.3689237158383494,0.016958194976282037
2024-05-07,1.3970040732693685,-0.009488345338655058,1.3970040732693685,-0.009488345338655058,1.1052508465324054,-0.0,1.3559348948802001,-0.009488345338655058
2024-05-08,1.402003291898028,0.0035785283123477285,1.402003291898028,0.0035785283123477285,1.1052508465324054,0.0,1.360787146291229,0.0035785283123477285
2024-05-09,1.4051872172071045,0.002270982762648144,1.4051872172071045,0.002270982762648144,1.1052508465324054,0.0,1.3638774704440897,0.002270982762648144
2024-05-10,1.4309517619973544,0.018335311106415064,1.4309517619973544,0.018335311106415064,1.1052508465324054,0.0,1.3888845881757126,0.018335311106415064
2024-05-13,1.4108785562688375,-0.014027870303956469,1.4108785562688375,-0.014027870303956469,1.1052508465324054,-0.0,1.3694014953056197,-0.014027870303956469
2024-05-14,1.4074791523210815,-0.0024094234990330587,1.4074791523210815,-0.0024094234990330587,1.1052508465324054,-0.0,1.3661020271632194,-0.0024094234990330587
2024-05-15,1.4419189965440373,0.024469168275893072,1.4419189965440373,0.024469168275893072,1.1052508465324054,0.0,1.3995294075479148,0.024469168275893072
2024-05-16,1.4144163462327772,-0.019073644481540142,1.4144163462327772,-0.019073644481540142,1.1052508465324054,-0.0,1.3728352811868854,-0.019073644481540142
2024-05-17,1.422768522883541,0.005905034025525335,1.422768522883541,0.005905034025525335,1.1106721395413877,0.004905034025525335,1.3809419202337356,0.005905034025525335
2024-05-20,1.4450260195827722,0.015643793309484844,1.4450260195827722,0.015643793309484844,1.1280472649269764,0.015643793309484844,1.4025450902062753,0.015643793309484844
2024-05-21,1.4232301268577443,-0.015083391184416928,1.4232301268577443,-0.015083391184416928,1.1110324867555712,-0.015083391184416928,1.3813899539569108,-0.015083391184416928
2024-05-22,1.4187079307277872,-0.0031774173723693178,1.4187079307277872,-0.0031774173723693178,1.1075022728308874,-0.0031774173723693178,1.3770007015191916,-0.0031774173723693178
2024-05-23,1.437043030935294,0.01292380186956521,1.437043030935294,0.01292380186956521,1.121815412775047,0.01292380186956521,1.394796785759878,0.01292380186956521
2024-05-24,1.4708366295943653,0.02351606592954769,1.4708366295943653,0.02351606592954769,1.1481960979826478,0.02351606592954769,1.4275969189321285,0.02351606592954769
2024-05-28,1.525642060454859,0.0372613992320876,1.525642060454859,0.0372613992320876,1.1909794911863043,0.0372613992320876,1.4807911776709568,0.0372613992320876
2024-05-29,1.4733901085683647,-0.034249155316887214,1.4733901085683647,-0.034249155316887214,1.1501894496134373,-0.034249155316887214,1.4300753306350278,-0.034249155316887214
2024-05-30,1.4860647067631367,0.00860233696497903,1.4860647067631367,0.00860233696497903,1.1600837668325759,0.00860233696497903,1.442377320514454,0.00860233696497903
2024-05-31,1.4771893472162503,-0.005972391044948733,1.4771893472162503,-0.005972391044948733,1.1531552929321547,-0.005972391044948733,1.4337628791219765,-0.005972391044948733
2024-06-03,1.4850802054210426,0.0053418055171210455,1.4850802054210426,0.0053418055171210455,1.159315224238037,0.0053418055171210455,1.4414217615799136,0.0053418055171210455
2024-06-04,1.4625151948165227,-0.015194472677064863,1.4625151948165227,-0.015194472677064863,1.1417000407392468,-0.015194472677064863,1.419520118007461,-0.015194472677064863
2024-06-05,1.6017663615416788,0.09521348374272831,1.6017663615416788,0.09521348374272831,1.2504052790072453,0.09521348374272831,1.5546775736858403,0.09521348374272831
2024-06-06,1.6191015418825918,0.01082253988916837,1.6191015418825918,0.01082253988916837,1.2639378400169279,0.01082253988916837,1.5715031337418508,0.01082253988916837
2024-06-07,1.5818934062794967,-0.0229807301398971,1.5818934062794967,-0.0229807301398971,1.2348916256018945,-0.0229807301398971,1.5353888443113266,-0.0229807301398971
2024-06-10,1.602335324130913,0.01292243697980533,1.602335324130913,0.01292243697980533,1.2508494348106243,0.01292243697980533,1.5552298098914359,0.01292243697980533
2024-06-11,1.5935677990794435,-0.005471716762048495,1.5935677990794435,-0.005471716762048495,1.2440051409913722,-0.005471716762048495,1.5467200328718154,-0.005471716762048495
2024-06-12,1.6440968736172723,0.03170814229994989,1.6440968736172723,0.03170814229994989,1.2834502330237958,0.03170814229994989,1.595763651772298,0.03170814229994989
2024-06-13,1.6192553464232746,-0.015109527663867195,1.6192553464232746,-0.015109527663867195,1.264057906222726,-0.015109527663867195,1.5716524167308508,-0.015109527663867195
2024-06-14,1.581093451351006,-0.023567558480855566,1.581093451351006,-0.023567558480855566,1.234267147594634,-0.023567558480855566,1.5346124064879685,-0.023567558480855566
2024-06-17,1.6188862535960662,0.023902952866427407,1.6188862535960662,0.023902952866427407,1.2637697770481684,0.023902952866427407,1.5712941745084852,0.023902952866427407
2024-06-18,1.6325916087064303,0.008465916045627075,1.6325916087064303,0.008465916045627075,1.274468745881659,0.008465916045627075,1.5845966190728569,0.008465916045627075
2024-06-20,1.6162255111831125,-0.01002461205609484,1.6162255111831125,-0.01002461205609484,1.2616926911265778,-0.01002461205609484,1.568711652701252,-0.01002461205609484
2024-06-21,1.5944753981511963,-0.013457350401550494,1.5944753981511963,-0.013457350401550494,1.2447136504830123,-0.013457350401550494,1.5476009503118557,-0.013457350401550494
2024-06-24,1.541269877147683,-0.03336866850702458,1.541269877147683,-0.03336866850702458,1.2031792132938761,-0.03336866850702458,1.4959595672197432,-0.03336866850702458
2024-06-25,1.5740794503450457,0.02128736419482946,1.5740794503450457,0.02128736419482946,1.2287917273989113,0.02128736419482946,1.5278046033478894,0.02128736419482946
2024-06-26,1.5637119202605183,-0.006586408381263564,1.5637119202605183,-0.006586408381263564,1.2206984032667438,-0.006586408381263564,1.5177418583034659,-0.006586408381263564
2024-06-27,1.581262579240111,0.011223716307456888,1.581262579240111,0.011223716307456888,1.2343991758419754,0.011223716307456888,1.5347765623490164,0.011223716307456888
2024-06-28,1.5731409190482173,-0.005136186929685427,1.5731409190482173,-0.005136186929685427,1.2280590709290014,-0.005136186929685427,1.5268936630294918,-0.005136186929685427
2024-07-01,1.589691467809062,0.010520703237989704,1.589691467809062,0.010520703237989704,1.2409791159729666,0.010520703237989704,1.5429576581341922,0.010520703237989704
2024-07-02,1.6118413203650306,0.013933428595736208,1.6118413203650306,0.013933428595736208,1.2582702098741758,0.013933428595736208,1.5644563484900493,0.013933428595736208
2024-07-03,1.648019460461151,0.022445224377252826,1.648019460461151,0.022445224377252826,1.2865123670620147,0.022445224377252826,1.599570922260326,0.022445224377252826
2024-07-05,1.6527415263531344,0.002865297410178602,1.6527415263531344,0.002865297410178602,1.2901986076155203,0.002865297410178602,1.6041541686812755,0.002865297410178602
2024-07-08,1.6572176572617483,0.002708306675448968,1.6572176572617483,0.002708306675448968,1.2936928611171803,0.002708306675448968,1.6084987101247643,0.002708306675448968
2024-07-09,1.6304223555559065,-0.016168848786052736,1.6304223555559065,-0.016168848786052736,1.2727753368701806,-0.016168848786052736,1.582491137708196,-0.016168848786052736
2024-07-10,1.6903806192335886,0.03677468201620604,1.6903806192335886,0.03677468201620604,1.319581245161651,0.03677468201620604,1.6406867460908792,0.03677468201620604
2024-07-11,1.6343142957029413,-0.033167869350080204,1.6343142957029413,-0.033167869350080204,1.2758135468253133,-0.033167869350080204,1.5862686624521287,-0.033167869350080204
2024-07-12,1.669323292867286,0.02142121454630419,1.669323292867286,0.02142121454630419,1.3031430225329397,0.02142121454630419,1.6202484637985948,0.02142121454630419
2024-07-15,1.6360522108717972,-0.01993087985871289,1.6360522108717972,-0.01993087985871289,1.2771702355121157,-0.01993087985871289,1.5879554863253609,-0.01993087985871289
2024-07-16,1.643066497405989,0.004287324382181046,1.643066497405989,0.004287324382181046,1.2826458786030228,0.004287324382181046,1.5947635665997018,0.004287324382181046
2024-07-17,1.433674368860459,-0.1274398381782541,1.433674368860459,-0.1274398381782541,1.119185695393849,-0.1274398381782541,1.3915271557396605,-0.1274398381782541
2024-07-18,1.4215074398612333,-0.008486535899289605,1.4215074398612333,-0.008486535899289605,1.1096876858119178,-0.008486535899289605,1.3797179105776394,-0.008486535899289605
2024-07-19,1.3772385717982947,-0.031142199345266963,1.3772385717982947,-0.031142199345266963,1.108577998126106,-0.001,1.3367504603661953,-0.031142199345266963
2024-07-22,1.4478254335401413,0.051252457771117754,1.4478254335401413,0.051252457771117754,1.108577998126106,0.0,1.4052622068866358,0.051252457771117754
2024-07-23,1.4348279029155813,-0.0089772774558734,1.4348279029155813,-0.0089772774558734,1.108577998126106,-0.0,1.3926467781571616,-0.0089772774558734
2024-07-24,1.3424450532726295,-0.0643860141381618,1.3424450532726295,-0.0643860141381618,1.108577998126106,-0.0,1.3029798030092692,-0.0643860141381618
2024-07-25,1.3268786251495708,-0.01159557933869304,1.3268786251495708,-0.01159557933869304,1.108577998126106,-0.0,1.2878709973267606,-0.01159557933869304
2024-07-26,1.3665021392387133,0.029862199404015577,1.3665021392387133,0.029862199404015577,1.108577998126106,0.0,1.3263296578555808,0.029862199404015577
2024-07-29,1.34154202265258,-0.018265698874089353,1.34154202265258,-0.018265698874089353,1.108577998126106,-0.0,1.3021033197174168,-0.018265698874089353
2024-07-30,1.3256539945648134,-0.01184310876550243,1.3256539945648134,-0.01184310876550243,1.108577998126106,-0.0,1.2866823684780817,-0.01184310876550243
2024-07-31,1.4434810263223101,0.08888219116042961,1.4434810263223101,0.08888219116042961,1.108577998126106,0.0,1.4010455167159048,0.08888219116042961
2024-08-01,1.3618221411728324,-0.05657080603097886,1.3618221411728324,-0.05657080603097886,1.108577998126106,-0.0,1.3217872425491968,-0.05657080603097886
2024-08-02,1.2472311912146932,-0.08414531273478254,1.2472311912146932,-0.08414531273478254,1.108577998126106,-0.0,1.2105650416560487,-0.08414531273478254
2024-08-05,1.2641823360842845,0.013591020645564944,1.2641823360842845,0.013591020645564944,1.108577998126106,0.0,1.2270178561299954,0.013591020645564944
2024-08-06,1.2991021532643348,0.02762245301434274,1.2991021532643348,0.02762245301434274,1.108577998126106,0.0,1.2609110992087058,0.02762245301434274
2024-08-07,1.2888389361603696,-0.007900238698070217,1.2888389361603696,-0.007900238698070217,1.108577998126106,-0.0,1.250949600547911,-0.007900238698070217
2024-08-08,1.350942278264978,0.048185494992588396,1.350942278264978,0.048185494992588396,1.108577998126106,0.0,1.311227226261093,0.048185494992588396
2024-08-09,1.326131778472133,-0.018365329290537358,1.326131778472133,-0.018365329290537358,1.108577998126106,-0.0,1.28714610647609,-0.018365329290537358
2024-08-12,1.3142813099294488,-0.008936116858867083,1.3142813099294488,-0.008936116858867083,1.108577998126106,-0.0,1.275644018454184,-0.008936116858867083
2024-08-13,1.3399086108164406,0.019499098627802525,1.3399086108164406,0.019499098627802525,1.108577998126106,0.0,1.3005179269839884,0.019499098627802525
2024-08-14,1.355457526541303,0.011604459885803609,1.355457526541303,0.011604459885803609,1.108577998126106,0.0,1.3156097350984426,0.011604459885803609
2024-08-15,1.4304593209741527,0.05533319411655091,1.4304593209741527,0.05533319411655091,1.108577998126106,0.0,1.3884066239522688,0.05533319411655091
2024-08-16,1.41568095076994,-0.010331206198963216,1.41568095076994,-0.010331206198963216,1.108577998126106,-0.0,1.3740627088322115,-0.010331206198963216
2024-08-19,1.4380104005835006,0.015772939376924144,1.4380104005835006,0.015772939376924144,1.108577998126106,0.0,1.395735716638714,0.015772939376924144
2024-08-20,1.427269494748293,-0.007469282441107117,1.427269494748293,-0.007469282441107117,1.108577998126106,-0.0,1.3853105723579986,-0.007469282441107117
2024-08-21,1.4541295161866001,0.018819165922861814,1.4541295161866001,0.018819165922861814,1.108577998126106,0.0,1.4113809618738984,0.018819165922861814
2024-08-22,1.3988067081706899,-0.0380453098572624,1.3988067081706899,-0.0380453098572624,1.108577998126106,-0.0,1.357684535852765,-0.0380453098572624
2024-08-23,1.3981132552725364,-0.0004957460484732445,1.3981132552725364,-0.0004957460484732445,1.1069198469659844,-0.0014957460484732446,1.3570114691090427,-0.0004957460484732445
2024-08-26,1.3612055905450204,-0.026398193843260143,1.3612055905450204,-0.026398193843260143,1.0776991622768246,-0.026398193843260143,1.321188817299975,-0.026398193843260143
2024-08-27,1.3713301361045704,0.007437925343442231,1.3713301361045704,0.007437925343442231,1.0857150081885298,0.007437925343442231,1.331015721087643,0.007437925343442231
2024-08-28,1.368633417134452,-0.001966498729313093,1.368633417134452,-0.001966498729313093,1.083579951004531,-0.001966498729313093,1.3283982803634284,-0.001966498729313093
2024-08-29,1.3679861246337188,-0.0004729480462989377,1.3679861246337188,-0.0004729480462989377,1.0830674739836947,-0.0004729480462989377,1.3277700169920237,-0.0004729480462989377
2024-08-30,1.3928891355735589,0.01820414000654269,1.3928891355735589,0.01820414000654269,1.081984406509711,-0.001,1.351940928277836,0.01820414000654269
2024-09-03,1.3027697633975146,-0.06469960162259092,1.3027697633975146,-0.06469960162259092,1.081984406509711,-0.0,1.2644708888009843,-0.06469960162259092
2024-09-04,1.2505134334114711,-0.04011171540377423,1.2505134334114711,-0.04011171540377423,1.0375021715179622,-0.04111171540377423,1.2137507923730417,-0.04011171540377423
2024-09-05,1.2260419508054534,-0.019569148121230673,1.2260419508054534,-0.019569148121230673,1.0171991378474288,-0.019569148121230673,1.1899987233348326,-0.019569148121230673
2024-09-06,1.1600705577491761,-0.053808430464338586,1.1600705577491761,-0.053808430464338586,1.0161819387095814,-0.001,1.1259667597776186,-0.053808430464338586
2024-09-09,1.1554937305509319,-0.003945300712677735,1.1554937305509319,-0.003945300712677735,1.0161819387095814,-0.0,1.1215244823178165,-0.003945300712677735
2024-09-10,1.1578977830837978,0.0020805413904925185,1.1578977830837978,0.0020805413904925185,1.0161819387095814,0.0,1.1238578604237295,0.0020805413904925185
2024-09-11,1.23303834423714,0.06489395027013733,1.23303834423714,0.06489395027013733,1.0161819387095814,0.0,1.19678943652877,0.06489395027013733
2024-09-12,1.2330845998106374,3.751349154201833e-05,1.2330845998106374,3.751349154201833e-05,1.0161819387095814,0.0,1.1968343322791748,3.751349154201833e-05
2024-09-13,1.258033771147898,0.020233138375981508,1.258033771147898,0.020233138375981508,1.0161819387095814,0.0,1.2210500469373047,0.020233138375981508
2024-09-16,1.2375072417638904,-0.016316357998305664,1.2375072417638904,-0.016316357998305664,1.0161819387095814,-0.0,1.2011269572376277,-0.016316357998305664
2024-09-17,1.241590961706393,0.0032999563999980275,1.241590961706393,0.0032999563999980275,1.0161819387095814,0.0,1.2050906238273742,0.0032999563999980275
2024-09-18,1.2140836477673522,-0.022154892220893507,1.2140836477673522,-0.022154892220893507,1.0161819387095814,-0.0,1.1783919709400694,-0.022154892220893507
2024-09-19,1.276217731744882,0.051177762003294935,1.276217731744882,0.051177762003294935,1.0161819387095814,0.0,1.2386994347754339,0.051177762003294935
2024-09-20,1.225548843549712,-0.03970238536483428,1.225548843549712,-0.03970238536483428,1.0161819387095814,-0.0,1.1895201124647772,-0.03970238536483428
2024-09-23,1.238216113186543,0.010335997380684692,1.238216113186543,0.010335997380684692,1.0161819387095814,0.0,1.2018149892314849,0.010335997380684692
2024-09-24,1.2543969028876394,0.01306782356389724,1.2543969028876394,0.01306782356389724,1.0161819387095814,0.0,1.217520095467209,0.01306782356389724
2024-09-25,1.2608383246134334,0.005135074641021253,1.2608383246134334,0.005135074641021253,1.0161819387095814,0.0,1.2237721520343765,0.005135074641021253
2024-09-26,1.3136340174287158,0.041873483526501554,1.3136340174287158,0.041873483526501554,1.0161819387095814,0.0,1.2750157550827794,0.041873483526501554
2024-09-27,1.2968367722758845,-0.012786853057984882,1.2968367722758845,-0.012786853057984882,1.0161819387095814,-0.0,1.2587123159759204,-0.012786853057984882
2024-09-30,1.2840617633197136,-0.009850899688594872,1.2840617633197136,-0.009850899688594872,1.0161819387095814,-0.0,1.2463128672144426,-0.009850899688594872
2024-10-01,1.2672646133429595,-0.013081263266751297,1.2672646133429595,-0.013081263266751297,1.0161819387095814,-0.0,1.2300095204856707,-0.013081263266751297
2024-10-02,1.282428256307497,0.011965648535341655,1.282428256307497,0.011965648535341655,1.0161819387095814,0.0,1.2447273821029263,0.011965648535341655
2024-10-03,1.2827670831421698,0.0002642072435681264,1.2827670831421698,0.0002642072435681264,1.0161819387095814,0.0,1.2450562480935454,0.0002642072435681264
2024-10-04,1.2836763953833115,0.0007088677695987755,1.2836763953833115,0.0007088677695987755,1.0158860953952715,-0.0002911322304012245,1.2459388283391566,0.0007088677695987755
2024-10-07,1.2594051632436283,-0.018907594022117724,1.2594051632436283,-0.018907594022117724,0.9966781335308234,-0.018907594022117724,1.2223811227965269,-0.018907594022117724
2024-10-08,1.2702077431768326,0.008577525524337215,1.2702077431768326,0.008577525524337215,1.0052271656607328,0.008577525524337215,1.2328661280777822,0.008577525524337215
2024-10-09,1.30355582261874,0.026254035704823098,1.30355582261874,0.026254035704823098,1.0316184355594478,0.026254035704823098,1.2652338394236033,0.026254035704823098
2024-10-10,1.2851711356750355,-0.014103490333671531,1.2851711356750355,-0.014103490333671531,1.0170690149254977,-0.014103490333671531,1.2473896261994584,-0.014103490333671531
2024-10-11,1.2955270542781498,0.008058007463476846,1.2955270542781498,0.008058007463476846,1.0252645646386385,0.008058007463476846,1.2574411011172373,0.008058007463476846
2024-10-14,1.344192581225278,0.037564269141599604,1.344192581225278,0.037564269141599604,1.0637778786860692,0.037564269141599604,1.3046759570693145,0.037564269141599604
2024-10-15,1.1256132011280233,-0.1626101669881349,1.1256132011280233,-0.1626101669881349,0.8907967801946436,-0.1626101669881349,1.0925223818248686,-0.1626101669881349
2024-10-16,1.0533235441897912,-0.0642224672434436,1.0533235441897912,-0.0642224672434436,0.8335876131580281,-0.0642224672434436,1.022357898945392,-0.0642224672434436
2024-10-17,1.0796442979749368,0.024988289619398252,1.0796442979749368,0.024988289619398252,0.8327540255448701,-0.001,1.047904874218919,0.024988289619398252
2024-10-18,1.114564115154987,0.03234381661214569,1.114564115154987,0.03234381661214569,0.8327540255448701,0.0,1.0817981172976292,0.03234381661214569
2024-10-21,1.1004481704477749,-0.012664991197253062,1.1004481704477749,-0.012664991197253062,0.8327540255448701,-0.0,1.0680971536648498,-0.012664991197253062
2024-10-22,1.1109425702431504,0.009536478025226058,1.1109425702431504,0.009536478025226058,0.8327540255448701,0.0,1.0782830386995812,0.009536478025226058
2024-10-23,1.092003482650016,-0.01704776475438252,1.092003482650016,-0.01704776475438252,0.8327540255448701,-0.0,1.05990072311719,-0.01704776475438252
2024-10-24,1.095378235993789,0.003090423608891113,1.095378235993789,0.003090423608891113,0.8327540255448701,0.0,1.063176265334992,0.003090423608891113
2024-10-25,1.0967496280895197,0.0012519804124888623,1.0967496280895197,0.0012519804124888623,0.8327540255448701,0.0,1.0645073411942145,0.0012519804124888623
2024-10-28,1.0920496430474365,-0.004285376463058821,1.0920496430474365,-0.004285376463058821,0.8327540255448701,-0.0,1.0599455264895075,-0.004285376463058821
2024-10-29,1.1046088878366962,0.011500617091190435,1.1046088878366962,0.011500617091190435,0.8327540255448701,0.0,1.0721355541271835,0.011500617091190435
2024-10-30,1.056247258103925,-0.04378167717578685,1.056247258103925,-0.04378167717578685,0.8327540255448701,-0.0,1.0251956614077038,-0.04378167717578685
2024-10-31,1.0388241350677205,-0.016495307232778922,1.0388241350677205,-0.016495307232778922,0.8327540255448701,-0.0,1.0082847439990716,-0.016495307232778922
2024-11-01,1.042191274325321,0.003241298641353696,1.042191274325321,0.003241298641353696,0.8327540255448701,0.0,1.0115528959698934,0.003241298641353696
2024-11-04,1.036677057943174,-0.005290983064233257,1.036677057943174,-0.005290983064233257,0.8327540255448701,-0.0,1.0062007867287406,-0.005290983064233257
2024-11-05,1.0448636282196877,0.007896933971661468,1.0448636282196877,0.007896933971661468,0.8327540255448701,0.0,1.0141466879037713,0.007896933971661468
2024-11-06,1.0216480891278112,-0.022218726410673018,1.0216480891278112,-0.022218726410673018,0.8327540255448701,-0.0,0.9916136401049472,-0.022218726410673018
2024-11-07,1.046022016254745,0.023857458733899106,1.046022016254745,0.023857458733899106,0.8327540255448701,0.0,1.0152710216037224,0.023857458733899106
2024-11-08,1.0340666636750355,-0.011429350810908567,1.0340666636750355,-0.011429350810908567,0.8327540255448701,-0.0,1.003667132929664,-0.011429350810908567
2024-11-11,1.0369088116910474,0.0027485152706798743,1.0369088116910474,0.0027485152706798743,0.8327540255448701,0.0,1.0064257273712007,0.0027485152706798743
2024-11-12,1.0336187650559427,-0.003172937290154776,1.0336187650559427,-0.003172937290154776,0.8327540255448701,-0.0,1.0032324016510534,-0.003172937290154776
2024-11-13,1.040152317224423,0.006321046394824892,1.040152317224423,0.006321046394824892,0.8327540255448701,0.0,1.0095738802066814,0.006321046394824892
2024-11-14,1.0703494974560268,0.02903149830227081,1.0703494974560268,0.02903149830227081,0.8327540255448701,0.0,1.0388833225959186,0.02903149830227081
2024-11-15,1.0173231930057969,-0.049541112109886654,1.0173231930057969,-0.049541112109886654,0.8327540255448701,-0.0,0.9874158874421027,-0.049541112109886654
2024-11-18,1.0275175026299015,0.01002071877864541,1.0275175026299015,0.01002071877864541,0.8327540255448701,0.0,0.9973105043677266,0.01002071877864541
2024-11-19,1.02277564011387,-0.004614872743184395,1.02277564011387,-0.004614872743184395,0.8327540255448701,-0.0,0.9927080433046285,-0.004614872743184395
2024-11-20,1.0170142514593508,-0.005633091392240996,1.0170142514593508,-0.005633091392240996,0.8327540255448701,-0.0,0.9871160281708807,-0.005633091392240996
2024-11-21,1.0382215753232502,0.020852533613435975,1.0382215753232502,0.020852533613435975,0.8327540255448701,0.0,1.0076998983286753,0.020852533613435975
2024-11-22,1.0393338029608872,0.0010712815684750243,1.0393338029608872,0.0010712815684750243,0.8327540255448701,0.0,1.008779428656309,0.0010712815684750243
2024-11-25,1.05723575684126,0.01722445072927803,1.05723575684126,0.01722445072927803,0.8327540255448701,0.0,1.026155100221909,0.01722445072927803
2024-11-26,1.0379282426534575,-0.018262259919668455,1.0379282426534575,-0.018262259919668455,0.8327540255448701,-0.0,1.007415189063763,-0.018262259919668455
2024-11-27,1.035626694755688,-0.0022174441384171795,1.035626694755688,-0.0022174441384171795,0.8327540255448701,-0.0,1.005181302157821,-0.0022174441384171795
2024-11-29,1.0605412220008639,0.02405744016771738,1.0605412220008639,0.02405744016771738,0.8327540255448701,0.0,1.0293633911921911,0.02405744016771738
2024-12-02,1.098940105505249,0.036206875044366704,1.098940105505249,0.036206875044366704,0.8327540255448701,0.0,1.0666334228723324,0.036206875044366704
2024-12-03,1.1091189014287774,0.009262375513039212,1.1091189014287774,0.009262375513039212,0.8396345520139168,0.00826237551303921,1.0765129821697343,0.009262375513039212
2024-12-04,1.1119919816698647,0.002590416805074769,1.1119919816698647,0.002590416805074769,0.8418095554675751,0.002590416805074769,1.079301599489628,0.002590416805074769
2024-12-05,1.0989863610787465,-0.01169578630557011,1.0989863610787465,-0.01169578630557011,0.8319639307968394,-0.01169578630557011,1.0666783186227373,-0.01169578630557011
2024-12-06,1.095093945051326,-0.0035418237798691132,1.095093945051326,-0.0035418237798691132,0.8290172611627498,-0.0035418237798691132,1.0629003319883685,-0.0035418237798691132
2024-12-09,1.0912942305230546,-0.0034697612432631475,1.0912942305230546,-0.0034697612432631475,0.826140769199971,-0.0034697612432631475,1.0592123216109837,-0.0034697612432631475
2024-12-10,1.0893636789740364,-0.0017690477004472793,1.0893636789740364,-0.0017690477004472793,0.8246792867719721,-0.0017690477004472793,1.0573385244891522,-0.0017690477004472793
2024-12-11,1.1035120787235584,0.012987765263889672,1.1035120787235584,0.012987765263889672,0.8353900277665585,0.012987765263889672,1.0710709890496848,0.012987765263889672
2024-12-12,1.1014577982742382,-0.0018615840179079246,1.1014577982742382,-0.0018615840179079246,0.8338348790421486,-0.0018615840179079246,1.069077100414425,-0.0018615840179079246
2024-12-13,1.109922187519968,0.007684714983172247,1.109922187519968,0.007684714983172247,0.8402426624306154,0.007684714983172247,1.0772926532261462,0.007684714983172247
2024-12-16,1.115791791374213,0.0052883021172502875,1.115791791374213,0.0052883021172502875,0.8446861194813512,0.0052883021172502875,1.0829897022451003,0.0052883021172502875
2024-12-17,1.1355780412301066,0.01773292294212414,1.1355780412301066,0.01773292294212414,0.8596648733483958,0.01773292294212414,1.1021942751821265,0.01773292294212414
2024-12-18,1.1113278430034748,-0.021354937614294633,1.1113278430034748,-0.021354937614294633,0.8413067836088404,-0.021354937614294633,1.0786569851967795,-0.021354937614294633
2024-12-19,1.0970712280542272,-0.012828451153277687,1.0970712280542272,-0.012828451153277687,0.8305141206303932,-0.012828451153277687,1.064819486751041,-0.012828451153277687
2024-12-20,1.0899967902392733,-0.006448476301307404,1.0899967902392733,-0.006448476301307404,0.825158570005607,-0.006448476301307404,1.0579530235255565,-0.006448476301307404
2024-12-23,1.1137219020482392,0.021766221718650947,1.1137219020482392,0.021766221718650947,0.843119154393394,0.021766221718650947,1.0809806636035308,0.021766221718650947
2024-12-24,1.1116677167749962,-0.0018444328601826543,1.1116677167749962,-0.0018444328601826543,0.8415640777199814,-0.0018444328601826543,1.0789868673463585,-0.0018444328601826543
2024-12-26,1.1057208299461012,-0.005349518331023595,1.1057208299461012,-0.005349518331023595,0.8370621152594874,-0.005349518331023595,1.0732148073205554,-0.005349518331023595
2024-12-27,1.102214733615854,-0.003170869387002506,1.102214733615854,-0.003170869387002506,0.8344079006231915,-0.003170869387002506,1.0698117833423448,-0.003170869387002506
2024-12-30,1.0752767629703566,-0.02443985715662378,1.0752767629703566,-0.02443985715662378,0.8140150907216024,-0.02443985715662378,1.043665736172985,-0.02443985715662378
2024-12-31,1.070534900454325,-0.00440989955268134,1.070534900454325,-0.00440989955268134,0.8104253659371533,-0.00440989955268134,1.039063275109887,-0.00440989955268134
2025-01-02,1.0818721795889878,0.010590293814663587,1.0818721795889878,0.010590293814663587,0.8190080086772841,0.010590293814663587,1.0500672604853272,0.010590293814663587
2025-01-03,1.1034039586999098,0.019902331825467634,1.1034039586999098,0.019902331825467634,0.8181890006686068,-0.001,1.070966047542566,0.019902331825467634
2025-01-06,1.1870444097757609,0.07580220318803343,1.1870444097757609,0.07580220318803343,0.8181890006686068,0.0,1.1521476334858727,0.07580220318803343
2025-01-07,1.1701618868577985,-0.014222317866904088,1.1701618868577985,-0.014222317866904088,0.8181890006686068,-0.0,1.1357614236128353,-0.014222317866904088
2025-01-08,1.1491550989884651,-0.0179520356159798,1.1491550989884651,-0.0179520356159798,0.8026826535873324,-0.0189520356159798,1.1153721940848818,-0.0179520356159798
2025-01-10,1.1414785773094267,-0.0066801441213597545,1.1414785773094267,-0.0066801441213597545,0.7973206177776535,-0.0066801441213597545,1.1079213470794376,-0.0066801441213597545
2025-01-13,1.1235611097284774,-0.01569671821891072,1.1235611097284774,-0.01569671821891072,0.7848053007102699,-0.01569671821891072,1.0905306178856156,-0.01569671821891072
2025-01-14,1.1372771245594828,0.012207626903640412,1.1372771245594828,0.012207626903640412,0.7943859110133402,0.012207626903640412,1.1038434087957596,0.012207626903640412
2025-01-15,1.1218466078746019,-0.013567947821739534,1.1218466078746019,-0.013567947821739534,0.7836077244223862,-0.013567947821739534,1.0888665190218476,-0.013567947821739534
2025-01-16,1.1588862818211323,0.03301670093445663,1.1588862818211323,0.03301670093445663,0.8094798663095703,0.03301670093445663,1.1248172992379348,0.03301670093445663
2025-01-17,1.1682310497805488,0.008063576302526965,1.1682310497805488,0.008063576302526965,0.8160071689769168,0.008063576302526965,1.1338873493567423,0.008063576302526965
2025-01-21,1.1785335746043792,0.008818910288136639,1.1785335746043792,0.008818910288136639,0.8232034629946006,0.008818910288136639,1.1438870001675725,0.008818910288136639
2025-01-22,1.1842642213859773,0.004862523143239095,1.1842642213859773,0.004862523143239095,0.8272063088850063,0.004862523143239095,1.1494491771791377,0.004862523143239095
2025-01-23,1.1526459671463676,-0.026698648552099358,1.1526459671463676,-0.026698648552099358,0.8051210183640062,-0.026698648552099358,1.1187604375691322,-0.026698648552099358
2025-01-24,1.1310369050607956,-0.018747354089191925,1.1310369050607956,-0.018747354089191925,0.7900271295480854,-0.018747354089191925,1.0977866395050444,-0.018747354089191925
2025-01-27,1.066009087633436,-0.05749398373863335,1.066009087633436,-0.05749398373863335,0.7446053226087685,-0.05749398373863335,1.0346705123048525,-0.05749398373863335
2025-01-28,1.0555056461107308,-0.009853050639580418,1.0555056461107308,-0.009853050639580418,0.7372686886586033,-0.009853050639580418,1.0244758513518322,-0.009853050639580418
2025-01-29,1.1007627273827731,0.04287715697097694,1.1007627273827731,0.04287715697097694,0.7365314199699446,-0.001,1.0684024632432199,0.04287715697097694
2025-01-30,1.138358419972045,0.03415422020934611,1.138358419972045,0.03415422020934611,0.7365314199699446,0.0,1.1048929162450365,0.03415422020934611
2025-01-31,1.1419419896290965,0.0031480152421059504,1.1419419896290965,0.0031480152421059504,0.7365314199699446,0.0,1.1083711359862707,0.0031480152421059504
2025-02-03,1.1291988646587725,-0.011159170155800036,1.1291988646587725,-0.011159170155800036,0.7275758091094371,-0.012159170155800036,1.0960026338840225,-0.011159170155800036
2025-02-04,1.1297395599530917,0.00047883088731470735,1.1297395599530917,0.00047883088731470735,0.7279241948797017,0.00047883088731470735,1.0965274337977045,0.00047883088731470735
2025-02-05,1.1470082122160732,0.01528551612700757,1.1470082122160732,0.01528551612700757,0.7390508918997744,0.01528551612700757,1.1132884215707255,0.01528551612700757
2025-02-06,1.1416638851316485,-0.004659362528973698,1.1416638851316485,-0.004659362528973698,0.735607385867052,-0.004659362528973698,1.1081012072153187,-0.004659362528973698
2025-02-07,1.124009103523648,-0.01546407996077126,1.124009103523648,-0.01546407996077126,0.7348717784811849,-0.001,1.0909654415423138,-0.01546407996077126
2025-02-10,1.1493096649377657,0.022509213968822106,1.1493096649377657,0.022509213968822106,0.7348717784811849,0.0,1.1155222160985803,0.022509213968822106
2025-02-11,1.1655158666514625,0.014100813912997445,1.1655158666514625,0.014100813912997445,0.7348717784811849,0.0,1.1312519872836009,0.014100813912997445
2025-02-12,1.170453696710357,0.004236604751749029,1.170453696710357,0.004236604751749029,0.7348717784811849,0.0,1.136044654828352,0.004236604751749029
2025-02-13,1.2026802212590664,0.02753336132756412,1.2026802212590664,0.02753336132756412,0.7543703969090557,0.02653336132756412,1.1673237827939889,0.02753336132756412
2025-02-14,1.163302451801139,-0.03274167876204326,1.163302451801139,-0.03274167876204326,0.7296710437058643,-0.03274167876204326,1.129103642486455,-0.03274167876204326
2025-02-18,1.1519565116434551,-0.00975321606183932,1.1519565116434551,-0.00975321606183932,0.7225544043625333,-0.00975321606183932,1.1180912507050746,-0.00975321606183932
2025-02-19,1.152854307579261,0.0007793661711457123,1.152854307579261,0.0007793661711457123,0.7231175388221057,0.0007793661711457123,1.1189626532021282,0.0007793661711457123
2025-02-20,1.150207460873572,-0.0022959073738005875,1.150207460873572,-0.0022959073738005875,0.7214573279325995,-0.0022959073738005875,1.116393618595634,-0.0022959073738005875
2025-02-21,1.1411060581434416,-0.007912835762009407,1.1411060581434416,-0.007912835762009407,0.7207358706046669,-0.001,1.1075597792459313,-0.007912835762009407
2025-02-24,1.1391711284948742,-0.0016956615336136682,1.1391711284948742,-0.0016956615336136682,0.7207358706046669,-0.0,1.1056817327320863,-0.0016956615336136682
2025-02-25,1.1302399005906976,-0.007840110832142533,1.1302399005906976,-0.007840110832142533,0.7207358706046669,-0.0,1.0970130654023913,-0.007840110832142533
2025-02-26,1.156151302067998,0.02292557665302608,1.156151302067998,0.02292557665302608,0.7207358706046669,0.0,1.122162722522645,0.02292557665302608
2025-02-27,1.0799496228304515,-0.06590978109979673,1.0799496228304515,-0.06590978109979673,0.6725115912717372,-0.06690978109979673,1.0482012231228255,-0.06590978109979673
2025-02-28,1.0975643353099698,0.016310679782777004,1.0975643353099698,0.016310679782777004,0.6834807124871763,0.016310679782777004,1.065298097621097,0.016310679782777004
2025-03-03,1.083292968068763,-0.013002761461974988,1.083292968068763,-0.013002761461974988,0.6745935758188449,-0.013002761461974988,1.051446280571834,-0.013002761461974988
2025-03-04,1.0962332026948756,0.011945277046505387,1.0962332026948756,0.011945277046505387,0.673918982243026,-0.001,1.0640060976927823,0.011945277046505387
2025-03-05,1.1450375915385733,0.044520079052268846,1.1450375915385733,0.044520079052268846,0.673918982243026,0.0,1.1113757332741612,0.044520079052268846
2025-03-06,1.1064802398657245,-0.03367343741181439,1.1064802398657245,-0.03367343741181439,0.673918982243026,-0.0,1.0739518920787443,-0.03367343741181439
2025-03-07,1.1333820436019033,0.024312954508291407,1.1333820436019033,0.024312954508291407,0.673918982243026,0.0,1.1000628355749482,0.024312954508291407
2025-03-10,1.0573661480669636,-0.06706996635782236,1.0573661480669636,-0.06706996635782236,0.673918982243026,-0.0,1.0262816582014458,-0.06706996635782236
2025-03-11,1.0683560345200096,0.010393643179458012,1.0683560345200096,0.010393643179458012,0.673918982243026,0.0,1.036948463558414,0.010393643179458012
2025-03-12,1.088726094433174,0.019066733612185915,1.088726094433174,0.019066733612185915,0.673918982243026,0.0,1.0567196836826478,0.019066733612185915
2025-03-13,1.0751357120240137,-0.012482829683838848,1.0751357120240137,-0.012482829683838848,0.673918982243026,-0.0,1.0435288318476772,-0.012482829683838848
2025-03-14,1.105179849123552,0.027944506692069826,1.105179849123552,0.027944506692069826,0.673918982243026,0.0,1.0726897302726124,0.027944506692069826
2025-03-17,1.130456616518381,0.022871180120479284,1.130456616518381,0.022871180120479284,0.673918982243026,0.0,1.0972234103070657,0.022871180120479284
2025-03-18,1.1316640202331731,0.001068067272241624,1.1316640202331731,0.001068067272241624,0.673918982243026,0.0,1.098395318721952,0.001068067272241624
2025-03-19,1.137545806625294,0.005197466992817201,1.137545806625294,0.005197466992817201,0.673918982243026,0.0,1.1041041921360741,0.005197466992817201
2025-03-20,1.136230187710776,-0.0011565414833014653,1.136230187710776,-0.0011565414833014653,0.673918982243026,-0.0,1.1028272498359817,-0.0011565414833014653
2025-03-21,1.1086161813892443,-0.024303179602336744,1.1086161813892443,-0.024303179602336744,0.673918982243026,-0.0,1.0760250411128667,-0.024303179602336744
2025-03-24,1.126602461273977,0.01622408204631598,1.126602461273977,0.01622408204631598,0.673918982243026,0.0,1.0934825596637723,0.01622408204631598
2025-03-25,1.1248997612536684,-0.001511358335204549,1.1248997612536684,-0.001511358335204549,0.673918982243026,-0.0,1.0918299156828237,-0.001511358335204549
2025-03-26,1.0924253982000467,-0.028868672722830002,1.0924253982000467,-0.028868672722830002,0.673918982243026,-0.0,1.0603102351779812,-0.028868672722830002
2025-03-27,1.0690060871269806,-0.021437904237354033,1.0690060871269806,-0.021437904237354033,0.673918982243026,-0.0,1.0375794058943493,-0.021437904237354033
2025-03-28,1.0441628467635942,-0.02323956866340604,1.0441628467635942,-0.02323956866340604,0.673918982243026,-0.0,1.0134665080473315,-0.02323956866340604
2025-03-31,1.0256658520488462,-0.017714664692466076,1.0256658520488462,-0.017714664692466076,0.673918982243026,-0.0,0.9955132886802286,-0.017714664692466076
2025-04-01,1.0329562443828655,0.007107960472171548,1.0329562443828655,0.007107960472171548,0.673918982243026,0.0,1.0025893577856893,0.007107960472171548
2025-04-02,1.0355412266384036,0.002502508958724059,1.0355412266384036,0.002502508958724059,0.673918982243026,0.0,1.0050983466354693,0.002502508958724059
2025-04-03,0.9646640778612332,-0.06844454566744129,0.9646640778612332,-0.06844454566744129,0.673918982243026,-0.0,0.9363048469489081,-0.06844454566744129
2025-04-04,0.9373132333930358,-0.02835271375382531,0.9373132333930358,-0.02835271375382531,0.673918982243026,-0.0,0.9097580636370466,-0.02835271375382531
2025-04-07,0.9532409499049762,0.016992949575973304,0.9532409499049762,0.016992949575973304,0.673918982243026,0.0,0.925217536538766,0.016992949575973304
2025-04-08,0.9215558820592034,-0.03323930623094962,0.9215558820592034,-0.03323930623094962,0.673918982243026,-0.0,0.8944639475115091,-0.03323930623094962
2025-04-09,1.0637898670424069,0.1543411395360894,1.0637898670424069,0.1543411395360894,0.673918982243026,0.0,1.0325165324443843,0.1543411395360894
2025-04-10,1.0054195210359838,-0.054870184248611786,1.0054195210359838,-0.054870184248611786,0.673918982243026,-0.0,0.9758621600694233,-0.054870184248611786
2025-04-11,1.0352316188594173,0.02965140142963918,1.0352316188594173,0.02965140142963918,0.673918982243026,0.0,1.0047978407176366,0.02965140142963918
2025-04-14,1.041516000057905,0.006070507395641078,1.041516000057905,0.006070507395641078,0.673918982243026,0.0,1.0108974734408371,0.006070507395641078
2025-04-15,1.0574435262176909,0.015292637039565848,1.0574435262176909,0.015292637039565848,0.673918982243026,0.0,1.026356761586382,0.015292637039565848
2025-04-16,0.9827896955229208,-0.07059840912903881,0.9827896955229208,-0.07059840912903881,0.673918982243026,-0.0,0.9538976070195513,-0.07059840912903881
2025-04-17,0.9908851822935969,0.008237252392403915,0.9908851822935969,0.008237252392403915,0.673918982243026,0.0,0.9617551023650814,0.008237252392403915
2025-04-21,0.9669396426899391,-0.02416580652486,0.9669396426899391,-0.02416580652486,0.673918982243026,-0.0,0.9385135146370299,-0.02416580652486
2025-04-22,0.9886097126409678,0.022410985126997574,0.9886097126409678,0.022410985126997574,0.673918982243026,0.0,0.9595465270550466,0.022410985126997574
2025-04-23,1.018468161213976,0.030202463309048966,1.018468161213976,0.030202463309048966,0.673918982243026,0.0,0.988527195831752,0.030202463309048966
2025-04-24,1.0448128993705648,0.025867021827355563,1.0448128993705648,0.025867021827355563,0.673918982243026,0.0,1.0140974503832665,0.025867021827355563
2025-04-25,1.0483267049630614,0.0033630955308969757,1.0483267049630614,0.0033630955308969757,0.673918982243026,0.0,1.0175079569865444,0.0033630955308969757
2025-04-28,1.0445707714302814,-0.003582789139109255,1.0445707714302814,-0.003582789139109255,0.673918982243026,-0.0,1.0138624405292957,-0.003582789139109255
2025-04-29,1.034245499524011,-0.009884703065291212,1.034245499524011,-0.009884703065291212,0.673918982243026,-0.0,1.0038407113556123,-0.009884703065291212
2025-04-30,1.037304268291628,0.0029574881099554418,1.037304268291628,0.0029574881099554418,0.673918982243026,0.0,1.0068095583237358,0.0029574881099554418
2025-05-01,1.0351925966677833,-0.0020357301983559006,1.0351925966677833,-0.0020357301983559006,0.673918982243026,-0.0,1.0047599657018627,-0.0020357301983559006
2025-05-02,1.0718510904253067,0.035412244905464574,1.0718510904253067,0.035412244905464574,0.673918982243026,0.0,1.0403407716785031,0.035412244905464574
2025-05-05,1.0610289042202083,-0.010096725470330137,1.0610289042202083,-0.010096725470330137,0.673918982243026,-0.0,1.029836736511274,-0.010096725470330137
2025-05-06,1.0557965042025181,-0.004931439659069059,1.0557965042025181,-0.004931439659069059,0.6699216724647503,-0.005931439659069059,1.024758158786476,-0.004931439659069059
2025-05-07,1.0874708171515723,0.030000395741960784,1.0874708171515723,0.030000395741960784,0.6900195877548091,0.030000395741960784,1.0555013090898735,0.030000395741960784
2025-05-08,1.099333182703901,0.010908215066772975,1.099333182703901,0.010908215066772975,0.6975464698183246,0.010908215066772975,1.0670149443726862,0.010908215066772975
2025-05-09,1.09650740497316,-0.002570447044808355,1.09650740497316,-0.002570447044808355,0.6957534635563636,-0.002570447044808355,1.064272238962157,-0.002570447044808355
2025-05-12,1.1648090891025078,0.062290216937495035,1.1648090891025078,0.062290216937495035,0.739092097736303,0.062290216937495035,1.1305659876076635,0.062290216937495035
2025-05-13,1.18608056164241,0.018261767304968313,1.18608056164241,0.018261767304968313,0.7525892256421043,0.018261767304968313,1.1512121205962662,0.018261767304968313
2025-05-14,1.1938593976043903,0.006558438114194098,1.1938593976043903,0.006558438114194098,0.7575250355038873,0.006558438114194098,1.158762274045507,0.006558438114194098
2025-05-15,1.177478833317345,-0.013720681279482894,1.177478833317345,-0.013720681279482894,0.7471312759305094,-0.013720681279482894,1.1428632662046398,-0.013720681279482894
2025-05-16,1.1615484518752441,-0.013529229563490008,1.1615484518752441,-0.013529229563490008,0.7370231653843824,-0.013529229563490008,1.1274012067164774,-0.013529229563490008
2025-05-19,1.1631476954996847,0.001376820417485547,1.1631476954996847,0.001376820417485547,0.7380379139266434,0.001376820417485547,1.1289534357165825,0.001376820417485547
2025-05-20,1.1625733078740523,-0.0004938217458149152,1.1625733078740523,-0.0004938217458149152,0.7376734547555106,-0.0004938217458149152,1.1283959339600131,-0.0004938217458149152
2025-05-21,1.1445777959098358,-0.015479034175594597,1.1445777959098358,-0.015479034175594597,0.7262549821389211,-0.015479034175594597,1.1109294547346442,-0.015479034175594597
2025-05-22,1.1500587006649783,0.004788582108379735,1.1500587006649783,0.004788582108379735,0.7297327137525133,0.004788582108379735,1.1162492316452586,0.004788582108379735
2025-05-23,1.1373113879472596,-0.01108405397946044,1.1373113879472596,-0.01108405397946044,0.7216443169627023,-0.01108405397946044,1.1038766649071714,-0.01108405397946044
2025-05-27,1.175041183629243,0.033174551914126216,1.175041183629243,0.033174551914126216,0.7455845438193156,0.033174551914126216,1.140497278633927,0.033174551914126216
2025-05-28,1.1590797747859896,-0.013583701631592837,1.1590797747859896,-0.013583701631592837,0.7354567458349468,-0.013583701631592837,1.12500510388932,-0.013583701631592837
2025-05-29,1.1599493034268804,0.0007501887788969874,1.1599493034268804,0.0007501887788969874,0.7360084772330363,0.0007501887788969874,1.1258490700944597,0.0007501887788969874
2025-05-30,1.1439567720063972,-0.013787267575605111,1.1439567720063972,-0.013787267575605111,0.7258609314195108,-0.013787267575605111,1.110326687715321,-0.013787267575605111
2025-06-02,1.1591108021871421,0.013247030439940577,1.1591108021871421,0.013247030439940577,0.7354764332731887,0.013247030439940577,1.1250352191457642,0.013247030439940577
2025-06-03,1.160228645213331,0.0009643970395925017,1.160228645213331,0.0009643970395925017,0.7361857245681274,0.0009643970395925017,1.1261201997805457,0.0009643970395925017
2025-06-04,1.153288310491089,-0.005981868100632837,1.153288310491089,-0.005981868100632837,0.731781958666192,-0.005981868100632837,1.11938389728,-0.005981868100632837
2025-06-05,1.1610206053513403,0.006704563628984417,1.1610206053513403,0.006704563628984417,0.7366882373706123,0.006704563628984417,1.1268888778445745,0.006704563628984417
2025-06-06,1.1691876645320372,0.007034379185910655,1.1691876645320372,0.007034379185910655,0.7418703817740774,0.007034379185910655,1.1348158415117187,0.007034379185910655
2025-06-09,1.1958623781481232,0.022814740888292384,1.1958623781481232,0.022814740888292384,0.7587959623069515,0.022814740888292384,1.160706370891738,0.022814740888292384
2025-06-10,1.2187951491147713,0.01917676430473625,1.2187951491147713,0.01917676430473625,0.7733472136314974,0.01917676430473625,1.1829649633933346,0.01917676430473625
2025-06-11,1.2174288965272069,-0.0011209862367410617,1.2174288965272069,-0.0011209862367410617,0.7724803020487945,-0.0011209862367410617,1.1816388759508238,-0.0011209862367410617
2025-06-12,1.2207205611556229,0.0027037838824146565,1.2207205611556229,0.0027037838824146565,0.7745689218389568,0.0027037838824146565,1.1848337720984543,0.0027037838824146565
2025-06-13,1.1815777814321917,-0.03206530713824929,1.1815777814321917,-0.03206530713824929,0.749732131460448,-0.03206530713824929,1.1468417132883468,-0.03206530713824929
2025-06-16,1.2036721463351785,0.018699035518598084,1.2036721463351785,0.018699035518598084,0.7637513992160612,0.018699035518598084,1.1682865472193356,0.018699035518598084
2025-06-17,1.1798076967492572,-0.019826370211009192,1.1798076967492572,-0.019826370211009192,0.7486089812260273,-0.019826370211009192,1.1451236656216233,-0.019826370211009192
2025-06-18,1.1825716100298473,0.0023426811744029497,1.1825716100298473,0.0023426811744029497,0.7503627333933345,0.0023426811744029497,1.1478063252754382,0.0023426811744029497
2025-06-20,1.1746374467099496,-0.00670924555655239,1.1746374467099496,-0.00670924555655239,0.7453283655585128,-0.00670924555655239,1.1401054107878013,-0.00670924555655239
2025-06-23,1.2106436988107276,0.03065307699973996,1.2106436988107276,0.03065307699973996,0.7681749733380682,0.03065307699973996,1.1750531497324999,0.03065307699973996
2025-06-24,1.2628753781927877,0.04314372546883094,1.2628753781927877,0.04314372546883094,0.8013169034997923,0.04314372546883094,1.2257493202358438,0.04314372546883094
2025-06-25,1.265794428479141,0.0023114317823904607,1.265794428479141,0.0023114317823904607,0.8031690928583085,0.0023114317823904607,1.2285825561718804,0.0023114317823904607
2025-06-26,1.2391661607887068,-0.02103680273141051,1.2391661607887068,-0.02103680273141051,0.7862729830918823,-0.02103680273141051,1.2027371072984405,-0.02103680273141051
2025-06-27,1.235843468759138,-0.0026813934520726335,1.235843468759138,-0.0026813934520726335,0.7841646758634782,-0.0026813934520726335,1.1995120958943657,-0.0026813934520726335
2025-06-30,1.2442899649023627,0.0068346003007204725,1.2442899649023627,0.0068346003007204725,0.789524127992949,0.0068346003007204725,1.2077102816256833,0.0068346003007204725
2025-07-01,1.227334822637531,-0.013626359404226407,1.227334822637531,-0.013626359404226407,0.7787657884666086,-0.013626359404226407,1.1912535872720722,-0.013626359404226407
2025-07-02,1.2414952145727742,0.011537513377818831,1.2414952145727742,0.011537513377818831,0.7877508091692297,0.011537513377818831,1.2049976914715983,0.011537513377818831
2025-07-03,1.233592078654029,-0.006365820686199508,1.233592078654029,-0.006365820686199508,0.7827361287726498,-0.006365820686199508,1.1973268922404057,-0.006365820686199508
2025-07-07,1.218981503873841,-0.011843927204955529,1.218981503873841,-0.011843927204955529,0.7734654590427777,-0.011843927204955529,1.1831458396881747,-0.011843927204955529
2025-07-08,1.2329710547505908,0.01147642587872899,1.2329710547505908,0.01147642587872899,0.7823420780532393,0.01147642587872899,1.1967241252210825,0.01147642587872899
2025-07-09,1.2418678289148373,0.00721572021497785,1.2418678289148373,0.00721572021497785,0.7879872396008758,0.00721572021497785,1.205359351683192,0.00721572021497785
2025-07-10,1.2453768757034762,0.0028256201722409724,1.2453768757034762,0.0028256201722409724,0.7902137922405605,0.0028256201722409724,1.2087652393821073,0.0028256201722409724
2025-07-11,1.245128466142101,-0.00019946537166515288,1.245128466142101,-0.00019946537166515288,0.7900561719527963,-0.00019946537166515288,1.208524132574378,-0.00019946537166515288
2025-07-14,1.25258113368767,0.005985460736160242,1.25258113368767,0.005985460736160242,0.7947850221493808,0.005985460736160242,1.215757706318604,0.005985460736160242
2025-07-15,1.2778741761916925,0.020192737878430567,1.2778741761916925,0.020192737878430567,0.8108339077713459,0.020192737878430567,1.2403071830059775,0.020192737878430567
2025-07-16,1.1714078368838388,-0.08331519745171123,1.1714078368838388,-0.08331519745171123,0.7432791206448336,-0.08331519745171123,1.1369707451530588,-0.08331519745171123
2025-07-17,1.156595393644004,-0.01264499243853312,1.156595393644004,-0.01264499243853312,0.7338803617845602,-0.01264499243853312,1.122593758677765,-0.01264499243853312
2025-07-18,1.1405565114739462,-0.013867323230058237,1.1405565114739462,-0.013867323230058237,0.7331464814227756,-0.001,1.1070263881701345,-0.013867323230058237
2025-07-21,1.1174216816954974,-0.020283808426600047,1.1174216816954974,-0.020283808426600047,0.7331464814227756,-0.0,1.0845716769893006,-0.020283808426600047
2025-07-22,1.0953738578942394,-0.019730979058688147,1.0953738578942394,-0.019730979058688147,0.7331464814227756,-0.0,1.0631720159429785,-0.019730979058688147
2025-07-23,1.1131518925221562,0.016230106734602456,1.1131518925221562,0.016230106734602456,0.7331464814227756,0.0,1.0804274112389756,0.016230106734602456
2025-07-24,1.1258062182124942,0.011368013453820769,1.1258062182124942,0.011368013453820769,0.7331464814227756,0.0,1.092709724585817,0.011368013453820769
2025-07-25,1.1043327820368685,-0.01907382978370853,1.1043327820368685,-0.01907382978370853,0.7331464814227756,-0.0,1.071867565296064,-0.01907382978370853
2025-07-28,1.133429726816557,0.026347986089864328,1.133429726816557,0.026347986089864328,0.7331464814227756,0.0,1.1001091169966615,0.026347986089864328
2025-07-29,1.1184038036356632,-0.013257039960560157,1.1184038036356632,-0.013257039960560157,0.7331464814227756,-0.0,1.0855249264716602,-0.013257039960560157
2025-07-30,1.1230113727068287,0.004119772354302942,1.1230113727068287,0.004119772354302942,0.7331464814227756,0.0,1.089997042053645,0.004119772354302942
2025-07-31,1.0813878285323446,-0.03706422320030256,1.0813878285323446,-0.03706422320030256,0.7331464814227756,-0.0,1.049597148399299,-0.03706422320030256
2025-08-01,1.0737760265857719,-0.007038919567740498,1.0737760265857719,-0.007038919567740498,0.7331464814227756,-0.0,1.0422091184931865,-0.007038919567740498
2025-08-04,1.0886259692000055,0.013829646263803452,1.0886259692000055,0.013829646263803452,0.7331464814227756,0.0,1.0566225019348576,0.013829646263803452
2025-08-05,1.073480219337973,-0.013912721440186182,1.073480219337973,-0.013912721440186182,0.7331464814227756,-0.0,1.0419220073980053,-0.013912721440186182
2025-08-06,1.0755505845443325,0.0019286477468920538,1.0755505845443325,0.0019286477468920538,0.7331464814227756,0.0,1.0439315079300107,0.0019286477468920538
2025-08-07,1.1100448694834213,0.032071280918602785,1.1100448694834213,0.032071280918602785,0.7331464814227756,0.0,1.0774117285806146,0.032071280918602785
2025-08-08,1.1243656331086713,0.012901067352272477,1.1243656331086713,0.012901067352272477,0.7331464814227756,0.0,1.0913114898571614,0.012901067352272477
2025-08-11,1.1227934194901428,-0.0013983116988213196,1.1227934194901428,-0.0013983116988213196,0.7331464814227756,-0.0,1.089785496233836,-0.0013983116988213196
2025-08-12,1.1546726465333124,0.02839278044365967,1.1546726465333124,0.02839278044365967,0.7331464814227756,0.0,1.120727536559088,0.02839278044365967
2025-08-13,1.176122669393958,0.01857671343046463,1.176122669393958,0.01857671343046463,0.7331464814227756,0.0,1.1415469708393768,0.01857671343046463
2025-08-14,1.1755622726516675,-0.00047647814031104296,1.1755622726516675,-0.00047647814031104296,0.7331464814227756,-0.0,1.1410030486616336,-0.00047647814031104296
2025-08-15,1.155248556976179,-0.017279999663197376,1.155248556976179,-0.017279999663197376,0.7331464814227756,-0.0,1.1212865163650534,-0.017279999663197376
2025-08-18,1.163638708881728,0.007262637858219678,1.163638708881728,0.007262637858219678,0.7331464814227756,0.0,1.1294300142687175,0.007262637858219678
2025-08-19,1.1575056576459173,-0.0052705802832089255,1.1575056576459173,-0.0052705802832089255,0.7331464814227756,-0.0,1.1234772627042484,-0.0052705802832089255
2025-08-20,1.1666584554577115,0.007907346068967591,1.1666584554577115,0.007907346068967591,0.7382105778892087,0.006907346068967591,1.1323609862210673,0.007907346068967591
2025-08-21,1.1447259850619658,-0.01879939265270325,1.1447259850619658,-0.01879939265270325,0.7243326673750905,-0.01879939265270325,1.1110732874164952,-0.01879939265270325
2025-08-22,1.1750642162399139,0.02650261422719935,1.1750642162399139,0.02650261422719935,0.7435293766306909,0.02650261422719935,1.1405196341310408,0.02650261422719935
2025-08-25,1.1743948428892805,-0.0005696483148599496,1.1743948428892805,-0.0005696483148599496,0.7431058263742443,-0.0005696483148599496,1.1398699390433935,-0.0005696483148599496
2025-08-26,1.1879995968860912,0.011584480363810101,1.1879995968860912,0.011584480363810101,0.7517143212281095,0.011584480363810101,1.1530747399695391,0.011584480363810101
2025-08-27,1.1985844139547643,0.008909781700614516,1.1985844139547643,0.008909781700614516,0.7584119317314776,0.008909781700614516,1.1633483841871606,0.008909781700614516
2025-08-28,1.1884042855661556,-0.008493459676335191,1.1884042855661556,-0.008493459676335191,0.7519703905712648,-0.008493459676335191,1.1534675315965373,-0.008493459676335191
2025-08-29,1.1559646617806956,-0.027296791318794145,1.1559646617806956,-0.027296791318794145,0.7314440117419289,-0.027296791318794145,1.121981569093542,-0.027296791318794145
2025-09-02,1.1298603383950012,-0.022582284951065956,1.1298603383950012,-0.022582284951065956,0.7149263346430218,-0.022582284951065956,1.0966446615904275,-0.022582284951065956
2025-09-03,1.1469363542778204,0.015113386409399965,1.1469363542778204,0.015113386409399965,0.7257312925927378,0.015113386409399965,1.1132186761148493,0.015113386409399965
2025-09-04,1.172791506693522,0.02254279613621768,1.172791506693522,0.02254279613621768,0.7420913051713297,0.02254279613621768,1.1383137377855364,0.02254279613621768
2025-09-05,1.2167967370227404,0.03752178462929301,1.2167967370227404,0.03752178462929301,0.7699358952992393,0.03752178462929301,1.1810253006952907,0.03752178462929301
2025-09-08,1.2394453122230027,0.018613277395597594,1.2394453122230027,0.018613277395597594,0.7842669256952719,0.018613277395597594,1.203008052228351,0.018613277395597594
2025-09-09,1.253267924260422,0.011152256498213609,1.253267924260422,0.011152256498213609,0.793013271613691,0.011152256498213609,1.216424306596218,0.011152256498213609
2025-09-10,1.2346042762345752,-0.014891985715552836,1.2346042762345752,-0.014891985715552836,0.781203729300576,-0.014891985715552836,1.1983093331983359,-0.014891985715552836
2025-09-11,1.251757955796353,0.013894071073603298,1.251757955796353,0.013894071073603298,0.7920578294384422,0.013894071073603298,1.2149587282419558,0.013894071073603298
2025-09-12,1.2668725830811556,0.012074720368113745,1.2668725830811556,0.012074720368113745,0.8016217062442865,0.012074720368113745,1.2296290151442766,0.012074720368113745
2025-09-15,1.350041912575088,0.06564932464767415,1.350041912575088,0.06564932464767415,0.8542476298821402,0.06564932464767415,1.310353329555683,0.06564932464767415
2025-09-16,1.367351300199092,0.012821370553591116,1.367351300199092,0.012821370553591116,0.865200255289386,0.012821370553591116,1.3271538551500484,0.012821370553591116
2025-09-17,1.357778300006657,-0.0070011270629875,1.357778300006657,-0.0070011270629875,0.8591428783671758,-0.0070011270629875,1.317862282378009,-0.0070011270629875
2025-09-18,1.444216356694411,0.06366139206034616,1.444216356694411,0.06366139206034616,0.9138371099827629,0.06366139206034616,1.4017592298180181,0.06366139206034616
2025-09-19,1.4509876587036252,0.004688564824672614,1.4509876587036252,0.004688564824672614,0.9181216945121086,0.004688564824672614,1.408331468835603,0.004688564824672614
2025-09-22,1.4909144989506615,0.02751700885086006,1.4909144989506615,0.02751700885086006,0.9433856573061649,0.02751700885086006,1.4470845383284971,0.02751700885086006
2025-09-23,1.4998027072679638,0.005961581514941416,1.4998027072679638,0.005961581514941416,0.9490097278022221,0.005961581514941416,1.4557114507627538,0.005961581514941416
2025-09-24,1.4740098000067217,-0.01719753347307018,1.4740098000067217,-0.01719753347307018,0.9326891012420742,-0.01719753347307018,1.4306768043611298,-0.01719753347307018
2025-09-25,1.478072486036173,0.00275621371678314,1.478072486036173,0.00275621371678314,0.9352597917364117,0.00275621371678314,1.4346200553935933,0.00275621371678314
2025-09-26,1.4811390592421168,0.0020747109731862334,1.4811390592421168,0.0020747109731862334,0.9372001854891071,0.0020747109731862334,1.4375964773648715,0.0020747109731862334
2025-09-29,1.4984017154122375,0.011654986790338162,1.4984017154122375,0.011654986790338162,0.9481232412708851,0.011654986790338162,1.4543516453183958,0.011654986790338162
2025-09-30,1.506931966503359,0.005692899976942778,1.506931966503359,0.005692899976942778,0.953520812049255,0.005692899976942778,1.4626311237664955,0.005692899976942778
2025-10-01,1.5616933308401297,0.036339639448911276,1.5616933308401297,0.036339639448911276,0.988171414566158,0.036339639448911276,1.5157826114509259,0.036339639448911276
2025-10-02,1.6035659508085292,0.02681231912918114,1.6035659508085292,0.02681231912918114,1.0146665818878402,0.02681231912918114,1.5564242585596118,0.02681231912918114
2025-10-03,1.606756823971238,0.001989860885422301,1.606756823971238,0.001989860885422301,1.016685627230884,0.001989860885422301,1.559521326312842,0.001989860885422301
2025-10-06,1.6240040616168594,0.010734192871198367,1.6240040616168594,0.010734192871198367,1.0275989268429555,0.010734192871198367,1.5762615290162312,0.010734192871198367
2025-10-07,1.5601833623760608,-0.03929836183861435,1.5601833623760608,-0.03929836183861435,0.9872159723909092,-0.03929836183861435,1.5143170330966638,-0.03929836183861435
2025-10-08,1.537628154907488,-0.014456767077827837,1.537628154907488,-0.014456767077827837,0.9729440210225425,-0.014456767077827837,1.492424904467198,-0.014456767077827837
2025-10-09,1.5263116241576449,-0.0073597317490091685,1.5263116241576449,-0.0073597317490091685,0.9657834140210143,-0.0073597317490091685,1.4814410575147787,-0.0073597317490091685
2025-10-10,1.4572763228255843,-0.04523014844374296,1.4572763228255843,-0.04523014844374296,0.922100886840339,-0.04523014844374296,1.4144352585727298,-0.04523014844374296
2025-10-13,1.5327248737646009,0.05177367514811859,1.5327248737646009,0.05177367514811859,0.9698414386094028,0.05177367514811859,1.4876657701681195,0.05177367514811859
2025-10-14,1.5304210416409796,-0.0015030956716731714,1.5304210416409796,-0.0015030956716731714,0.9683836741408197,-0.0015030956716731714,1.4854296661880835,-0.0015030956716731714
2025-10-15,1.5718734592287382,0.027085629679602263,1.5718734592287382,0.027085629679602263,0.9946129557263705,0.027085629679602263,1.5256634640415492,0.027085629679602263
2025-10-16,1.5870970631218837,0.009685006005900165,1.5870970631218837,0.009685006005900165,1.0042457881761266,0.009685006005900165,1.540439523853774,0.009685006005900165
2025-10-17,1.602164958952803,0.009493997677294086,1.602164958952803,0.009493997677294086,1.0137800953565033,0.009493997677294086,1.5550644531152538,0.009493997677294086
2025-10-20,1.6222139899577226,0.012513712082446116,1.6222139899577226,0.012513712082446116,1.0264662475847093,0.012513712082446116,1.5745240819511845,0.012513712082446116
2025-10-21,1.595549365005815,-0.01643718098658642,1.595549365005815,-0.01643718098658642,1.0095940360965372,-0.01643718098658642,1.548643344648414,-0.01643718098658642
2025-10-22,1.574613102609654,-0.013121663832748154,1.574613102609654,-0.013121663832748154,0.996346482547331,-0.013121663832748154,1.5283225672831149,-0.013121663832748154
2025-10-23,1.6132790501865368,0.02455584010624623,1.6132790501865368,0.02455584010624623,1.0208126074631843,0.02455584010624623,1.565851811876087,0.02455584010624623
2025-10-24,1.6081265980736572,-0.0031937761246474405,1.6081265980736572,-0.0031937761246474405,1.0175523605297292,-0.0031937761246474405,1.560850831744581,-0.0031937761246474405
2025-10-27,1.6499680954648268,0.026018783248340505,1.6499680954648268,0.026018783248340505,1.0440278348421894,0.026018783248340505,1.6014622712187354,0.026018783248340505
2025-10-28,1.6382936074888026,-0.007075584072269714,1.6382936074888026,-0.007075584072269714,1.0366407281229737,-0.007075584072269714,1.5901309902801593,-0.007075584072269714
2025-10-29,1.6698302006542132,0.019249658926369317,1.6698302006542132,0.019249658926369317,1.056595708568524,0.019249658926369317,1.6207404694913021,0.019249658926369317
2025-10-30,1.6770188497617533,0.004305018022026319,1.6770188497617533,0.004305018022026319,1.0611443721359073,0.004305018022026319,1.6277177864214896,0.004305018022026319
2025-10-31,1.6517259976098853,-0.015082032116372046,1.6517259976098853,-0.015082032116372046,1.045140158635246,-0.015082032116372046,1.6031684944902906,-0.015082032116372046
2025-11-03,1.663561523508456,0.007165550409509391,1.663561523508456,0.007165550409509391,1.0526291631269495,0.007165550409509391,1.6146560791524982,0.007165550409509391
2025-11-04,1.606364127476895,-0.03438249516070291,1.606364127476895,-0.03438249516070291,1.0164371460197223,-0.03438249516070291,1.5591401743248379,-0.03438249516070291
2025-11-05,1.6275870602174478,0.013211782047130027,1.6275870602174478,0.013211782047130027,1.0298660920575418,0.013211782047130027,1.5797391944889418,0.013211782047130027
2025-11-06,1.6048982255365487,-0.01394016654191621,1.6048982255365487,-0.01394016654191621,1.0155095872183872,-0.01394016654191621,1.5577173670249735,-0.01394016654191621
2025-11-07,1.5858117101999007,-0.011892663991367347,1.5858117101999007,-0.011892663991367347,1.0034324729175867,-0.011892663991367347,1.539191957785428,-0.011892663991367347
2025-11-10,1.6198526714834987,0.02146595403770024,1.6198526714834987,0.02146595403770024,1.0249721082611716,0.02146595403770024,1.572232181606448,0.02146595403770024
2025-11-11,1.5943257813579057,-0.01575877274210058,1.5943257813579057,-0.01575877274210058,1.0088198057400921,-0.01575877274210058,1.547455731958695,-0.01575877274210058
2025-11-12,1.6175758693657893,0.01458302203962436,1.6175758693657893,0.01458302203962436,1.0235314472012094,0.01458302203962436,1.5700223130031916,0.01458302203962436
2025-11-13,1.5903338111537806,-0.016841286228317487,1.5903338111537806,-0.016841286228317487,1.0062938611352097,-0.016841286228317487,1.5435811178450598,-0.016841286228317487
2025-11-14,1.5702491842960051,-0.012629189366982096,1.5702491842960051,-0.012629189366982096,0.9935851854041016,-0.012629189366982096,1.5240869396044967,-0.012629189366982096
2025-11-17,1.5905521450747748,0.012929769989259432,1.5905521450747748,0.012929769989259432,1.0064320133161122,0.012929769989259432,1.5437930331772172,0.012929769989259432
2025-11-18,1.5656958655888182,-0.01562745337392768,1.5656958655888182,-0.01562745337392768,1.0054255813027961,-0.001,1.5196674795322458,-0.01562745337392768
2025-11-19,1.6206945990620143,0.035127341575059035,1.6206945990620143,0.035127341575059035,1.0054255813027961,0.0,1.573049358166284,0.035127341575059035
2025-11-20,1.5297992563289229,-0.056084189325797396,1.5297992563289229,-0.056084189325797396,1.0054255813027961,-0.0,1.4848261601440622,-0.056084189325797396
2025-11-21,1.5072352926612518,-0.014749623896286979,1.5072352926612518,-0.014749623896286979,0.9895905065415714,-0.01574962389628698,1.4629255327305692,-0.014749623896286979
2025-11-24,1.5403717956836427,0.021984956949809398,1.5403717956836427,0.021984956949809398,0.9886009160350299,-0.001,1.4950878875884277,0.021984956949809398
2025-11-25,1.5643859572389291,0.015589847608595386,1.5643859572389291,0.015589847608595386,0.9886009160350299,0.0,1.5183960799173881,0.015589847608595386
2025-11-26,1.6232519802551768,0.03762883624968327,1.6232519802551768,0.03762883624968327,0.9886009160350299,0.0,1.5755315573707604,0.03762883624968327
2025-11-28,1.652926738999275,0.01828105500874444,1.652926738999275,0.01828105500874444,0.9886009160350299,0.0,1.604333936439068,0.01828105500874444
2025-12-01,1.6965733458697723,0.026405651164504773,1.6965733458697723,0.026405651164504773,0.9886009160350299,0.0,1.6466974187160548,0.026405651164504773
2025-12-02,1.728992601974721,0.019108667588036754,1.728992601974721,0.019108667588036754,0.9886009160350299,0.0,1.678163612308378,0.019108667588036754
2025-12-03,1.7791106110353163,0.028986826781881136,1.7791106110353163,0.028986826781881136,1.016268718628511,0.027986826781881136,1.726808250250017,0.028986826781881136
2025-12-04,1.731019662065975,-0.027030893228923936,1.731019662065975,-0.027030893228923936,0.9887980674033685,-0.027030893228923936,1.680131080810684,-0.027030893228923936
2025-12-05,1.7144748238697596,-0.009557856885616833,1.7144748238697596,-0.009557856885616833,0.9793472769863526,-0.009557856885616833,1.6640726283912186,-0.009557856885616833
2025-12-08,1.7460051354140778,0.01839065298908893,1.7460051354140778,0.01839065298908893,0.9973581129132177,0.01839065298908893,1.6946760106486027,0.01839065298908893
2025-12-09,1.7331403754171495,-0.007368111201962346,1.7331403754171495,-0.007368111201962346,0.9900094674290938,-0.007368111201962346,1.6821894493508458,-0.007368111201962346
2025-12-10,1.7454281780343626,0.007089906156190873,1.7454281780343626,0.007089906156190873,0.9970285416469066,0.007089906156190873,1.6941160146836778,0.007089906156190873
2025-12-11,1.7509171727560633,0.0031447840654676984,1.7509171727560633,0.0031447840654676984,1.0001639811174943,0.0031447840654676984,1.6994436437317086,0.0031447840654676984
2025-12-12,1.6854394580119907,-0.03739623767639799,1.6854394580119907,-0.03739623767639799,0.9627616111642521,-0.03739623767639799,1.6358908453130738,-0.03739623767639799
2025-12-15,1.696308185318818,0.006448601434576151,1.696308185318818,0.006448601434576151,0.9689700770711607,0.006448601434576151,1.6464400533649697,0.006448601434576151
2025-12-16,1.677954620952343,-0.010819711020273903,1.677954620952343,-0.010819711020273903,0.9584861008499582,-0.010819711020273903,1.6286260477753565,-0.010819711020273903
2025-12-17,1.583425836297771,-0.05633572176160595,1.583425836297771,-0.05633572176160595,0.9044890945601084,-0.05633572176160595,1.53687622389418,-0.05633572176160595
2025-12-18,1.6159854771165238,0.020562782337113505,1.6159854771165238,0.020562782337113505,0.9230879069378408,0.020562782337113505,1.568478675165201,0.020562782337113505
2025-12-19,1.6467204973601322,0.01901936662107273,1.6467204973601322,0.01901936662107273,0.9406444542633703,0.01901936662107273,1.5983101461255023,0.01901936662107273
2025-12-22,1.648217426701631,0.0009090366846702391,1.648217426701631,0.0009090366846702391,0.9414995345795273,0.0009090366846702391,1.599763068681811,0.0009090366846702391
2025-12-23,1.6557959170211995,0.004597991864904838,1.6557959170211995,0.004597991864904838,0.9458285417803356,0.004597991864904838,1.6071187662573851,0.004597991864904838
2025-12-24,1.6615344634172018,0.0034657329064597953,1.6615344634172018,0.0034657329064597953,0.9491065308814526,0.0034657329064597953,1.6126886106501925,0.0034657329064597953
2025-12-26,1.6728086408127107,0.0067854008711452085,1.6728086408127107,0.0067854008711452085,0.9555465991629052,0.0067854008711452085,1.6236313493537844,0.0067854008711452085
2025-12-29,1.6622829280879512,-0.006292239571195513,1.6622829280879512,-0.006292239571195513,0.949534071039531,-0.006292239571195513,1.6134150719283469,-0.006292239571195513
2025-12-30,1.6718574510976205,0.005759863647689878,1.6718574510976205,0.005759863647689878,0.9550032578175546,0.005759863647689878,1.622708122749782,0.005759863647689878
2025-12-31,1.6683020535594069,-0.002126615242154406,1.6683020535594069,-0.002126615242154406,0.9529723333331727,-0.002126615242154406,1.6192572469223745,-0.002126615242154406
2026-01-02,1.8147576686209108,0.08778722938632932,1.8147576686209108,0.08778722938632932,1.0366311341583174,0.08778722938632932,1.761407354293425,0.08778722938632932
2026-01-05,1.9151962214342875,0.055345435123413944,1.9151962214342875,0.055345435123413944,1.0355945030241591,-0.001,1.858893210746376,0.055345435123413944
2026-01-06,1.9370273293078628,0.011398888338045143,1.9370273293078628,0.011398888338045143,1.0355945030241591,0.0,1.8800825268880241,0.011398888338045143
2026-01-07,1.915632889276276,-0.01104498615372218,1.915632889276276,-0.01104498615372218,1.0231207815743624,-0.012044986153722181,1.859317041410691,-0.01104498615372218
2026-01-08,1.8623805416428023,-0.02779882718217075,1.8623805416428023,-0.02779882718217075,0.9946792237808892,-0.02779882718217075,1.8076302082996503,-0.02779882718217075
2026-01-09,1.986443700327669,0.06661536453523653,1.986443700327669,0.06661536453523653,1.0609401428686793,0.06661536453523653,1.928046153570437,0.06661536453523653
2026-01-12,1.9979049938908653,0.005769755045816671,1.9979049938908653,0.005769755045816671,1.0670615076113052,0.005769755045816671,1.9391705075935675,0.005769755045816671
2026-01-13,1.9806429087772075,-0.008640093080722666,1.9806429087772075,-0.008640093080722666,1.0578419968626873,-0.008640093080722666,1.9224158939085667,-0.008640093080722666
2026-01-14,1.9706005001722426,-0.005070277211738694,1.9706005001722426,-0.005070277211738694,1.0524784446923743,-0.005070277211738694,1.9126687124101978,-0.005070277211738694
2026-01-15,2.076450193676207,0.05371443552090471,2.076450193676207,0.05371443552090471,1.1090117302469449,0.05371443552090471,2.0154066326358073,0.05371443552090471
2026-01-16,2.1185062179452845,0.02025380834905577,2.1185062179452845,0.02025380834905577,1.1314734412882212,0.02025380834905577,2.056226292318629,0.02025380834905577
2026-01-20,2.0678268603816274,-0.023922213271958426,2.0678268603816274,-0.023922213271958426,1.1044060923141676,-0.023922213271958426,2.0070368084183743,-0.023922213271958426
