Date,AAPL,AMD,NVDA,TSM,Signal,Volatility_Ratio,Volatility_Adjustment,TSM_MA,In_Uptrend,Position,Position_Change,TSM_Returns,Strategy_Returns,TSM_Cumulative,Strategy_Cumulative,Portfolio_Value,Buy_Hold_Value
2016-01-26,22.544631958007812,2.069999933242798,0.7000669836997986,16.629043579101562,,,1.0,,False,0.0,,,,,,,
2016-01-27,21.063304901123047,2.130000114440918,0.6917736530303955,16.698360443115234,,,1.0,,False,0.0,0.0,0.004168421574213932,,1.004168421574214,,,100416.84215742139
2016-01-28,21.214372634887695,2.0799999237060547,0.6842119097709656,16.659849166870117,,,1.0,,False,0.0,0.0,-0.0023062908706702467,-0.0,1.001852517110922,1.0,100000.0,100185.2517110922
2016-01-29,21.947147369384766,2.200000047683716,0.7144585847854614,17.214412689208984,,,1.0,,False,0.0,0.0,0.03328742756216996,0.0,1.0352016102022294,1.0,100000.0,103520.16102022295
2016-02-01,21.74197006225586,2.140000104904175,0.7147027254104614,17.29913330078125,,,1.0,,False,0.0,0.0,0.004921493001348365,0.0,1.0402963476818243,1.0,100000.0,104029.63476818243
2016-02-02,21.302305221557617,1.9900000095367432,0.6844557523727417,17.376155853271484,,,1.0,,False,0.0,0.0,0.004452393721178893,0.0,1.0449281566084083,1.0,100000.0,104492.81566084083
2016-02-03,21.723934173583984,2.069999933242798,0.6878707408905029,17.653430938720703,,,1.0,,False,0.0,0.0,0.015957216762475968,0.0,1.0616023017046232,1.0,100000.0,106160.23017046232
2016-02-04,21.898483276367188,2.0899999141693115,0.688114583492279,17.892202377319336,,,1.0,,False,0.0,0.0,0.013525497645611617,0.0,1.075961001136905,1.0,100000.0,107596.1001136905
2016-02-05,21.313613891601562,1.9800000190734863,0.6446958184242249,17.522504806518555,,,1.0,,False,0.0,0.0,-0.020662496600721503,-0.0,1.0537289606084048,1.0,100000.0,105372.89606084049
2016-02-08,21.538043975830078,1.9299999475479126,0.6151807904243469,17.561010360717773,,,1.0,,False,0.0,0.0,0.002197491433125087,0.0,1.0560445209721776,1.0,100000.0,105604.45209721776
2016-02-09,21.53350257873535,1.899999976158142,0.6217667460441589,17.376155853271484,,,1.0,,False,0.0,0.0,-0.010526416399126437,-0.0,1.0449281566084085,1.0,100000.0,104492.81566084086
2016-02-10,21.370290756225586,1.840000033378601,0.6203033328056335,17.175901412963867,,,1.0,,False,0.0,0.0,-0.0115246687471392,-0.0,1.0328857057389378,1.0,100000.0,103288.57057389378
2016-02-11,21.241077423095703,1.8600000143051147,0.6171323657035828,16.94483184814453,,,1.0,,False,0.0,0.0,-0.013453125938702182,-0.0,1.0189901642593466,1.0,100000.0,101899.01642593466
2016-02-12,21.306821823120117,1.8300000429153442,0.6276211738586426,17.129684448242188,,,1.0,,False,0.0,0.0,0.010909084360013699,0.0,1.030106413923276,1.0,100000.0,103010.64139232761
2016-02-16,21.907546997070312,1.8300000429153442,0.658355712890625,17.9769287109375,,,1.0,,False,0.0,0.0,0.049460587861690275,0.0,1.081056082716019,1.0,100000.0,108105.6082716019
2016-02-17,22.243059158325195,1.899999976158142,0.6746987104415894,18.20800018310547,,,1.0,,False,0.0,0.0,0.012853779190178383,0.0,1.09495173889545,1.0,100000.0,109495.173889545
2016-02-18,21.8214111328125,1.909999966621399,0.7327530384063721,18.33123016357422,,,1.0,,False,0.0,0.0,0.0067679030771918836,0.0,1.102362266138497,1.0,100000.0,110236.2266138497
2016-02-19,21.771533966064453,1.909999966621399,0.742510199546814,18.315828323364258,,,1.0,,False,0.0,0.0,-0.0008401967610752736,-0.0,1.101436064932956,1.0,100000.0,110143.60649329559
2016-02-22,21.961952209472656,2.009999990463257,0.7688539624214172,18.454465866088867,,,1.0,,False,0.0,0.0,0.007569275070555159,0.0,1.1097731374810633,1.0,100000.0,110977.31374810633
2016-02-23,21.465505599975586,1.9700000286102295,0.7708054184913635,18.02313995361328,,,1.0,,False,0.0,0.0,-0.023372440882625134,-0.0,1.0838350304321618,1.0,100000.0,108383.50304321617
2016-02-24,21.785139083862305,2.0199999809265137,0.7761717438697815,18.038545608520508,,,1.0,,False,0.0,0.0,0.0008547708638382279,0.0,1.0847614610373824,1.0,100000.0,108476.14610373824
2016-02-25,21.93475914001465,2.0299999713897705,0.7778793573379517,18.246505737304688,,,1.0,,False,0.0,0.0,0.011528652769320358,0.0,1.097267299259223,1.0,100000.0,109726.7299259223
2016-02-26,21.96875762939453,2.069999933242798,0.7727565765380859,18.308124542236328,,,1.0,,False,0.0,0.0,0.0033770194588909064,0.0,1.100972792280426,1.0,100000.0,110097.2792280426
2016-02-29,21.91888999938965,2.140000104904175,0.7677382230758667,18.138671875,,,1.0,,False,0.0,0.0,-0.00925559943867571,-0.0,1.090782629122198,1.0,100000.0,109078.2629122198
2016-03-01,22.789386749267578,2.180000066757202,0.8017675280570984,18.932003021240234,,,1.0,,False,0.0,0.0,0.0437370030015074,0.0,1.1384901922461077,1.0,100000.0,113849.01922461078
2016-03-02,22.839258193969727,2.319999933242798,0.8064188361167908,18.962810516357422,,,1.0,,False,0.0,0.0,0.0016272707691111776,0.0,1.1403428240568696,1.0,100000.0,114034.28240568696
2016-03-03,23.00927734375,2.4600000381469727,0.7993191480636597,18.916601181030273,,,1.0,,False,0.0,0.0,-0.0024368400078293995,-0.0,1.1375639910405666,1.0,100000.0,113756.39910405666
2016-03-04,23.351587295532227,2.369999885559082,0.7968708872795105,18.985916137695312,,,1.0,,False,0.0,0.0,0.003664239468903485,0.0,1.141732297914941,1.0,100000.0,114173.22979149409
2016-03-07,23.093156814575195,2.4700000286102295,0.7917299866676331,19.02442741394043,,,1.0,,False,0.0,0.0,0.002028412849072625,0.0,1.1440482023782328,1.0,100000.0,114404.82023782328
2016-03-08,22.902727127075195,2.299999952316284,0.7772859930992126,18.985916137695312,,,1.0,,False,0.0,0.0,-0.0020243067193127517,-0.0,1.141732297914941,1.0,100000.0,114173.22979149409
2016-03-09,22.92313575744629,2.259999990463257,0.7767962217330933,19.055234909057617,,,1.0,,False,0.0,0.0,0.003651062759340684,0.0,1.1459008341889947,1.0,100000.0,114590.08341889946
2016-03-10,22.934463500976562,2.259999990463257,0.7755720615386963,19.055234909057617,,,1.0,,False,0.0,0.0,0.0,0.0,1.1459008341889947,1.0,100000.0,114590.08341889946
2016-03-11,23.18156623840332,2.5199999809265137,0.7887922525405884,19.52507209777832,,,1.0,,False,0.0,0.0,0.024656593894697876,0.0,1.1741548457011883,1.0,100000.0,117415.48457011883
2016-03-14,23.24050521850586,2.7200000286102295,0.7907506823539734,19.42494010925293,,,1.0,,False,0.0,0.0,-0.005128379963154406,-0.0,1.1681333335168538,1.0,100000.0,116813.33335168537
2016-03-15,23.70749282836914,2.490000009536743,0.7868338227272034,19.16306495666504,,,1.0,,False,0.0,0.0,-0.013481387902099518,-0.0,1.1523852749263406,1.0,100000.0,115238.52749263406
2016-03-16,24.022594451904297,2.630000114440918,0.8103358745574951,19.856266021728516,,,1.0,,False,0.0,0.0,0.0361738097027311,0.0,1.1940714405657555,1.0,100000.0,119407.14405657555
2016-03-17,23.98405647277832,2.799999952316284,0.8034810423851013,19.848556518554688,,,1.0,,False,0.0,0.0,-0.00038826550598136667,-0.0,1.1936078238137064,1.0,100000.0,119360.78238137065
2016-03-18,24.011259078979492,2.930000066757202,0.8277177810668945,20.0565242767334,,,1.0,,False,0.0,0.0,0.010477727082284227,0.0,1.2061141208349058,1.0,100000.0,120611.41208349058
2016-03-21,24.008987426757812,2.799999952316284,0.8301658034324646,19.971799850463867,,,1.0,,False,0.0,0.0,-0.004224282587577566,-0.0,1.2010191539556314,1.0,100000.0,120101.91539556315
2016-03-22,24.192611694335938,2.7899999618530273,0.8286969661712646,19.879371643066406,,,1.0,,False,0.0,0.0,-0.004627935793944715,-0.0,1.1954609144238268,1.0,100000.0,119546.09144238269
2016-03-23,24.058866500854492,2.680000066757202,0.8428964614868164,19.77924346923828,,,1.0,,False,0.0,0.0,-0.00503678766240323,-0.0,1.1894396316391715,1.0,100000.0,118943.96316391716
2016-03-24,23.954580307006836,2.7899999618530273,0.8441202044487,19.8177490234375,,,1.0,,False,0.0,0.0,0.0019467657728722276,0.0,1.1917551920029443,1.0,100000.0,119175.51920029444
2016-03-28,23.845775604248047,2.7799999713897705,0.8526886701583862,19.74073028564453,,,1.0,,False,0.0,0.0,-0.0038863514570641744,-0.0,1.1871236124760398,1.0,100000.0,118712.36124760399
2016-03-29,24.410242080688477,2.859999895095825,0.8663984537124634,20.002605438232422,,,1.0,,False,0.0,0.0,0.013265727700982,0.0,1.202871671066553,1.0,100000.0,120287.1671066553
2016-03-30,24.836414337158203,2.859999895095825,0.8754565119743347,20.380008697509766,,,1.0,,False,0.0,0.0,0.018867705031864856,0.0,1.2255670989474232,1.0,100000.0,122556.70989474232
2016-03-31,24.70720672607422,2.8499999046325684,0.8722739815711975,20.17975616455078,,,1.0,,False,0.0,0.0,-0.009825929710395753,-0.0,1.2135247627777923,1.0,100000.0,121352.47627777923
2016-04-01,24.933897018432617,2.8299999237060547,0.8850043416023254,20.118141174316406,,,1.0,,False,0.0,0.0,-0.003053306974175052,-0.0,1.2098194991562687,1.0,100000.0,120981.94991562687
2016-04-04,25.190059661865234,2.8299999237060547,0.8764358758926392,19.91017723083496,,,1.0,,False,0.0,0.0,-0.010337135110023987,-0.0,1.197313431534749,1.0,100000.0,119731.3431534749
2016-04-05,24.893091201782227,2.759999990463257,0.8752116560935974,19.64830207824707,,,1.0,,False,0.0,0.0,-0.013152828804674055,-0.0,1.1815653729442355,1.0,100000.0,118156.53729442354
2016-04-06,25.15379524230957,2.799999952316284,0.8764358758926392,19.733034133911133,,,1.0,18.642552108764647,True,0.0,0.0,0.004312436531493935,0.0,1.1866607986228686,1.0,100000.0,118666.07986228686
2016-04-07,24.605194091796875,2.640000104904175,0.8673776388168335,19.54047393798828,,,1.0,18.700780715942383,True,0.0,0.0,-0.009758265992756643,-0.0,1.1750810469067297,1.0,100000.0,117508.10469067296
2016-04-08,24.632394790649414,2.740000009536743,0.8730083107948303,19.471153259277344,,,1.0,18.756236572265625,True,0.0,0.0,-0.003547543367214523,-0.0,1.1709123959328362,1.0,100000.0,117091.23959328362
2016-04-11,24.714006423950195,2.759999990463257,0.8783942461013794,19.64830207824707,,,1.0,18.816005630493166,True,0.0,0.0,0.009098013692913742,0.0,1.1815653729442357,1.0,100000.0,118156.53729442357
2016-04-12,25.035905838012695,2.809999942779541,0.8774151802062988,19.694520950317383,,,1.0,18.86560779571533,True,0.0,0.0,0.0023523087077066407,0.0,1.184344779459737,1.0,100000.0,118434.4779459737
2016-04-13,25.39861488342285,2.799999952316284,0.8994482159614563,20.156652450561523,,,1.0,18.922758178710936,True,0.0,0.0,0.023464977970773848,0.0,1.2121354036195608,1.0,100000.0,121213.54036195608
2016-04-14,25.412214279174805,2.7200000286102295,0.901896595954895,19.486555099487305,,,1.0,18.964966163635253,True,0.0,0.0,-0.03324447612111059,-0.0,1.1718385971383776,1.0,100000.0,117183.85971383775
2016-04-15,24.902158737182617,2.700000047683716,0.9089961647987366,19.60978889465332,,,1.0,19.004093322753906,True,0.0,0.0,0.006324042117082929,0.0,1.179249353781104,1.0,100000.0,117924.9353781104
2016-04-18,24.364896774291992,2.759999990463257,0.905079185962677,19.64060401916504,,,1.0,19.03906135559082,True,0.0,0.0,0.001571415412846111,0.0,1.1811024443912244,1.0,100000.0,118110.24443912244
2016-04-19,24.23568344116211,2.619999885559082,0.8889214992523193,19.37872886657715,,,1.0,19.076185836791993,True,0.0,0.0,-0.013333355345505504,-0.0,1.165354385800711,1.0,100000.0,116535.43858007109
2016-04-20,24.285552978515625,2.700000047683716,0.8923488855361938,19.34792137145996,,,1.0,19.111924057006835,True,0.0,0.0,-0.0015897583029980122,-0.0,1.163501753989949,1.0,100000.0,116350.1753989949
2016-04-21,24.022594451904297,2.619999885559082,0.8913694620132446,19.37872886657715,,,1.0,19.15197551727295,True,0.0,0.0,0.0015922896587037272,0.0,1.165354385800711,1.0,100000.0,116535.43858007109
2016-04-22,23.956851959228516,3.990000009536743,0.8879421949386597,19.309406280517578,0.05215953483245794,,1.0,19.194645614624022,True,1.0,1.0,-0.0035772514563188196,-0.0,1.161185620126978,1.0,100000.0,116118.56201269779
2016-04-25,23.820837020874023,3.450000047683716,0.8923488855361938,19.263195037841797,0.15963449731489796,,1.0,19.24101287841797,True,1.0,0.0,-0.0023931985274143752,-0.0033931985274143752,1.1584066724108353,0.9966068014725856,99660.68014725856,115840.66724108353
2016-04-26,23.655353546142578,3.6600000858306885,0.8930831551551819,19.263195037841797,0.119916752073587,,1.0,19.283683090209962,False,1.0,0.0,0.0,0.0,1.1584066724108353,0.9966068014725856,99660.68014725856,115840.66724108353
2016-04-27,22.175050735473633,3.7300000190734863,0.9134029150009155,19.44805145263672,0.09918381076689164,,1.0,19.313105545043946,True,1.0,0.0,0.009596352756216175,0.009596352756216175,1.1695231514744442,1.006170591898761,100617.05918987609,116952.31514744442
2016-04-28,21.49724006652832,3.609999895095825,0.8862284421920776,18.608510971069336,0.0707996577911722,,1.0,19.321115760803224,False,1.0,0.0,-0.04316835975120581,-0.04316835975120581,1.1190367553342315,0.9627358578165915,96273.58578165916,111903.67553342316
2016-04-29,21.250141143798828,3.549999952316284,0.8698258996009827,18.16948127746582,0.05555001845115664,,1.0,19.317880783081055,False,1.0,0.0,-0.02359295132673833,-0.02359295132673833,1.0926353756327998,0.940022077582619,94002.2077582619,109263.53756327998
2016-05-02,21.227479934692383,3.740000009536743,0.8813321590423584,18.246505737304688,0.028115490433443056,,1.0,19.316494331359863,False,1.0,0.0,0.004239221729152698,0.004239221729152698,1.0972672992592232,0.9440070395997905,94400.70395997904,109726.72992592232
2016-05-03,21.57657814025879,3.5999999046325684,0.870805025100708,17.961524963378906,0.040962713257759645,,1.0,19.306635513305665,False,1.0,0.0,-0.015618375267498097,-0.015618375267498097,1.0801297668106384,0.929263183400161,92926.3183400161,108012.97668106384
2016-05-04,21.352155685424805,3.5999999046325684,0.8509750962257385,18.038545608520508,0.06051247325112026,,1.0,19.306943626403807,False,1.0,0.0,0.004288090532325928,0.004288090532325928,1.0847614610373826,0.9332479480589383,93324.79480589383,108476.14610373825
2016-05-05,21.265485763549805,3.6600000858306885,0.8561161756515503,18.100162506103516,0.048303534508773296,,1.0,19.30817596435547,False,1.0,0.0,0.003415846206243023,0.003415846206243023,1.0884668393587458,0.9364357795217995,93643.57795217994,108846.68393587458
2016-05-06,21.14689064025879,3.680000066757202,0.8649296164512634,18.030845642089844,0.07289390298922716,,1.0,19.30386276245117,False,1.0,0.0,-0.003829626611932202,-0.003829626611932202,1.0842984177845318,0.9328495801401773,93284.95801401773,108429.84177845318
2016-05-09,21.162857055664062,3.6500000953674316,0.8637055158615112,18.00003433227539,0.07126376626584677,,1.0,19.29770095825195,False,1.0,0.0,-0.0017088111354316426,-0.0017088111354316426,1.0824455565740907,0.931255516389951,93125.5516389951,108244.55565740907
2016-05-10,21.306541442871094,3.640000104904175,0.8803526163101196,18.015439987182617,0.06578193813641364,,1.0,19.295236320495604,False,1.0,0.0,0.0008558680846293409,0.0008558680846293409,1.0833719871793113,0.9320525482650641,93205.25482650641,108337.19871793113
2016-05-11,21.0989990234375,3.6500000953674316,0.8828009963035583,17.88450050354004,0.0658326530629715,,1.0,19.2742862701416,False,1.0,0.0,-0.007268181278710761,-0.007268181278710761,1.0754978431842148,0.9252782213829893,92527.82213829893,107549.78431842149
2016-05-12,20.604080200195312,3.5899999141693115,0.870805025100708,17.70734977722168,0.0446896022968428,,1.0,19.249177055358885,False,1.0,0.0,-0.009905265527728524,-0.009905265527728524,1.0648447514729757,0.9161130949131664,91611.30949131664,106484.47514729758
2016-05-13,20.64512825012207,3.6700000762939453,1.0032498836517334,17.576412200927734,0.020327329575746254,,1.0,19.222373275756837,False,1.0,0.0,-0.007394532662498121,-0.007394532662498121,1.0569707221777191,0.9093388667102887,90933.88667102887,105697.07221777191
2016-05-16,21.41145133972168,3.7899999618530273,1.0328720808029175,17.79977798461914,0.06697015402601833,,1.0,19.198650512695313,False,1.0,0.0,0.012708269534075667,0.012708269534075667,1.0704029910047803,0.920894990126254,92089.4990126254,107040.29910047803
2016-05-17,21.322509765625,3.7899999618530273,1.0350757837295532,17.676542282104492,0.1065099695738464,,1.0,19.171692810058595,False,1.0,0.0,-0.00692344042836579,-0.00692344042836579,1.062992119662214,0.9145192285213344,91451.92285213344,106299.21196622141
2016-05-18,21.56654167175293,3.8399999141693115,1.061515212059021,18.115562438964844,0.1095729218808302,0.9647368915042316,1.0,19.154285736083985,False,1.0,0.0,0.024836314130553205,0.024836314130553205,1.0893929258644475,0.9372325153593214,93723.25153593214,108939.29258644475
2016-05-19,21.48443603515625,3.7699999809265137,1.0661672353744507,17.907608032226562,0.12549396040611235,0.973032561185177,1.0,19.131333198547363,False,1.0,0.0,-0.011479323782461859,-0.011479323782461859,1.076887431742126,0.9264737198560606,92647.37198560606,107688.74317421259
2016-05-20,21.71707534790039,3.869999885559082,1.0852627754211426,18.415956497192383,0.12318641830736575,1.0967059424418313,1.0,19.118547630310058,False,1.0,0.0,0.028387290142323662,0.028387290142323662,1.1074573477176115,0.9527737981508525,95277.37981508525,110745.73477176116
2016-05-23,21.99303436279297,4.039999961853027,1.0869766473770142,18.693235397338867,0.07458852832419822,1.1304770512994755,1.0,19.10191089630127,False,1.0,0.0,0.015056448476556517,0.015056448476556517,1.1241317222135057,0.9671191877525239,96711.91877525239,112413.17222135057
2016-05-24,22.328304290771484,4.199999809265137,1.113362193107605,18.847278594970703,0.11260148462637506,1.1397455417084985,1.0,19.090357666015624,False,1.0,0.0,0.008240585129194233,0.008240585129194233,1.1333952253668338,0.9750888157492758,97508.88157492758,113339.52253668338
2016-05-25,22.72059440612793,4.179999828338623,1.1086986064910889,18.962810516357422,0.12928112660599508,1.1355780879502022,1.0,19.08635257720947,False,1.0,0.0,0.006129899380674875,0.006129899380674875,1.1403428240568698,0.9810660120770403,98106.60120770402,114034.28240568699
2016-05-26,22.900768280029297,4.349999904632568,1.120479941368103,19.093748092651367,0.14121195841465833,0.9106619878168343,1.0,19.071102218627928,True,1.0,0.0,0.0069049667601222,0.0069049667601222,1.1482168533521264,0.9878402402799179,98784.02402799179,114821.68533521265
2016-05-27,22.887086868286133,4.599999904632568,1.1266164779663086,19.101449966430664,0.17618759408068355,0.8185260710319106,1.0,19.05616008758545,True,1.0,0.0,0.00040337149845726117,0.00040337149845726117,1.148680011304817,0.988238706877876,98823.8706877876,114868.0011304817
2016-05-31,22.77532958984375,4.570000171661377,1.1467432975769043,19.039833068847656,0.19792709084214627,0.8293950692873628,1.0,19.035826263427733,True,1.0,0.0,-0.0032257706975802325,-0.0032257706975802325,1.1449746329834538,0.9850508754150147,98505.08754150147,114497.46329834538
2016-06-01,22.456024169921875,4.429999828338623,1.1489522457122803,19.44805145263672,0.18961698951715333,0.8324619922617141,1.0,19.025351295471193,True,1.0,0.0,0.021440229140295086,0.021440229140295086,1.1695231514744444,1.006170591898761,100617.05918987609,116952.31514744445
2016-06-02,22.287256240844727,4.239999771118164,1.1570523977279663,19.39413070678711,0.17371856093846605,0.8452951282696994,1.0,19.015646476745605,True,1.0,0.0,-0.002772552611809309,-0.002772552611809309,1.1662805870062525,1.0033809309962662,100338.09309962663,116628.05870062525
2016-06-03,22.33287239074707,4.159999847412109,1.140852689743042,19.66370964050293,0.18035736466429753,0.8665239560644956,1.0,19.0133358001709,True,1.0,0.0,0.013900026651954,0.013900026651954,1.182491918249296,1.0173279526791768,101732.79526791768,118249.19182492958
2016-06-06,22.494800567626953,4.46999979019165,1.1349618434906006,19.61749839782715,0.1714737585518199,0.86794042756767,1.0,19.00933078765869,True,1.0,0.0,-0.00235007755508132,-0.00235007755508132,1.1797129705331533,1.0149371530914286,101493.71530914286,117971.29705331533
2016-06-07,22.586034774780273,4.510000228881836,1.1371707916259766,20.07192611694336,0.19237735253670019,0.9183416542795578,1.0,19.015954704284667,True,1.0,0.0,0.0231644070972139,0.0231644070972139,1.2070403220404466,1.0384475704837257,103844.75704837257,120704.03220404466
2016-06-08,22.56549835205078,4.460000038146973,1.1334885358810425,20.27988624572754,0.1839008616499293,0.9225851827768228,1.0,19.02150032043457,True,1.0,0.0,0.010360746027688661,0.010360746027688661,1.2195461602622872,1.049206662024578,104920.6662024578,121954.61602622873
2016-06-09,22.727434158325195,4.519999980926514,1.1629431247711182,20.202863693237305,0.16466565178675957,0.9115361460230512,1.0,19.01795742034912,True,1.0,0.0,-0.0037979775407498417,-0.0037979775407498417,1.2149143513357035,1.0452217986866035,104522.17986866034,121491.43513357035
2016-06-10,22.540414810180664,4.320000171661377,1.1339800357818604,19.917888641357422,0.1897504756739097,0.9387407184112255,1.0,19.012720069885255,True,1.0,0.0,-0.014105676116365373,-0.014105676116365373,1.1977771629866378,1.0304782385245654,103047.82385245654,119777.71629866378
2016-06-13,22.200584411621094,4.400000095367432,1.1484615802764893,19.74073028564453,0.17026139527891365,0.9486232337827601,1.0,19.005171852111815,True,1.0,0.0,-0.00889443449066385,-0.00889443449066385,1.18712361247604,1.021312717337954,102131.2717337954,118712.361247604
2016-06-14,22.227954864501953,4.389999866485596,1.1506702899932861,19.694520950317383,0.13167455262695207,0.953565340327603,1.0,19.000858726501466,True,1.0,0.0,-0.0023408118473079442,-0.0023408118473079442,1.184344779459737,1.018922016429403,101892.2016429403,118434.4779459737
2016-06-15,22.154972076416016,4.420000076293945,1.1624523401260376,19.902481079101562,0.09929680969234676,0.9366605595902443,1.0,19.005942306518556,True,1.0,0.0,0.010559288510179732,0.010559288510179732,1.1968506176815776,1.0296811079702552,102968.11079702553,119685.06176815776
2016-06-16,22.248483657836914,4.75,1.167115330696106,19.917888641357422,0.10702504689582606,0.8812710582513171,1.0,19.00963939666748,True,1.0,0.0,0.0007741528402727127,0.0007741528402727127,1.197777162986638,1.0304782385245657,103047.82385245657,119777.7162986638
2016-06-17,21.742156982421875,5.260000228881836,1.1467432975769043,19.91017723083496,0.11661100952863881,0.8422124356373117,1.0,19.017033462524413,True,1.0,0.0,-0.0003871600379594664,-0.0003871600379594664,1.1973134315347491,1.030079278530622,103007.92785306221,119731.34315347491
2016-06-20,21.689701080322266,5.099999904632568,1.1673612594604492,20.31068992614746,0.13444161760158127,0.7874855352595237,1.0,19.033824195861815,True,1.0,0.0,0.020115978409886992,0.020115978409886992,1.2213985626733699,1.050800331058016,105080.0331058016,122139.85626733699
2016-06-21,21.87444496154785,5.449999809265137,1.160243272781372,20.480144500732422,0.1131226818822027,0.7736886469654828,1.0,19.050461044311522,True,1.0,0.0,0.008343122523219115,0.008343122523219115,1.2315888405314375,1.0595672869674724,105956.72869674723,123158.88405314375
2016-06-22,21.792335510253906,5.019999980926514,1.1592614650726318,20.441633224487305,0.1222041792261899,0.7827815105632774,1.0,19.065403289794922,True,1.0,0.0,-0.001880420142726047,-0.001880420142726047,1.2292729360681456,1.0575748552984852,105757.48552984852,122927.29360681456
2016-06-23,21.917774200439453,5.210000038146973,1.1901882886886597,20.64959144592285,0.07241094959157326,0.7906474525869955,1.0,19.07526206970215,True,1.0,0.0,0.010173268405306857,0.010173268405306857,1.2417786595901465,1.0683338481601403,106833.38481601403,124177.86595901466
2016-06-24,21.301984786987305,4.880000114440918,1.1224435567855835,19.77924346923828,0.08370918363529797,1.1210142000410757,1.0,19.08111583709717,True,1.0,0.0,-0.04214843567069293,-0.04214843567069293,1.189439631639172,1.0233052476861388,102330.52476861389,118943.9631639172
2016-06-27,20.991798400878906,4.71999979019165,1.1104167699813843,19.8983154296875,0.026375228636071148,1.119382545384798,1.0,19.086886367797852,True,1.0,0.0,0.006020046248705446,0.006020046248705446,1.196600113231683,1.0294655926037524,102946.55926037523,119660.0113231683
2016-06-28,21.345317840576172,5.119999885559082,1.1266164779663086,20.186004638671875,-0.0025637515595681587,1.1308542461814854,1.0,19.097794380187988,True,1.0,0.0,0.01445796806272126,0.01445796806272126,1.2139005194526353,1.044349573263288,104434.95732632879,121390.05194526353
2016-06-29,21.530059814453125,5.130000114440918,1.1450251340866089,20.617530822753906,0.02862212077642159,1.1279651357892653,1.0,19.122570419311522,True,1.0,0.0,0.02137749355587304,0.02137749355587304,1.239850669984705,1.0666751495358027,106667.51495358026,123985.06699847049
2016-06-30,21.803741455078125,5.139999866485596,1.153861165046692,20.96115493774414,0.052065132792573555,1.1430401639199967,1.0,19.154835090637206,True,1.0,0.0,0.016666598825258117,0.016666598825258117,1.2605147637045675,1.084452996329988,108445.29963299881,126051.47637045674
2016-07-01,21.869876861572266,5.070000171661377,1.1452707052230835,21.200895309448242,0.06679243399766989,1.1348047486974775,1.0,19.19127841949463,True,1.0,0.0,0.011437364611642131,0.011437364611642131,1.2749317306554147,1.0968562806532018,109685.62806532018,127493.17306554147
2016-07-05,21.66461181640625,4.960000038146973,1.1622065305709839,20.985130310058594,0.07802179475665985,1.1526749407360157,1.0,19.22479290008545,True,1.0,0.0,-0.01017716451311812,-0.01017716451311812,1.26195654068954,1.0856933938377473,108569.33938377473,126195.65406895401
2016-07-06,21.787776947021484,5.039999961853027,1.1695703268051147,20.89722442626953,0.05336881687840022,1.1002971825545953,1.0,19.257473487854003,True,1.0,0.0,-0.004188960587341528,-0.004188960587341528,1.2566702544776538,1.0811454670010239,108114.5467001024,125667.02544776538
2016-07-07,21.881282806396484,5.019999980926514,1.2000060081481934,21.025087356567383,0.057072165096314804,1.0898826771340067,1.0,19.292711334228514,True,1.0,0.0,0.006118656128184963,0.006118656128184963,1.2643593876313213,1.087760624338149,108776.0624338149,126435.93876313213
2016-07-08,22.050060272216797,5.099999904632568,1.2481141090393066,21.3607177734375,0.0642812054438032,1.1068671498751732,1.0,19.330964660644533,True,1.0,0.0,0.01596333043369169,0.01596333043369169,1.2845427743230202,1.1051249066172177,110512.49066172178,128454.27743230203
2016-07-11,22.118478775024414,5.010000228881836,1.276832103729248,21.736312866210938,0.06973985279645323,1.0874067520157316,1.0,19.393520698547363,True,1.0,0.0,0.017583449056215672,0.017583449056215672,1.307129466755859,1.1245568141134767,112455.68141134767,130712.9466755859
2016-07-12,22.218830108642578,5.139999866485596,1.295976996421814,21.552509307861328,0.09078562325318856,1.0833026967753636,1.0,19.461181259155275,True,1.0,0.0,-0.008456059658366932,-0.008456059658366932,1.2960763020037622,1.1150474946041102,111504.74946041103,129607.63020037622
2016-07-13,22.09339141845703,5.090000152587891,1.2954860925674438,21.488576889038086,0.10809477371698051,1.0816340061150775,1.0,19.526022682189943,True,1.0,0.0,-0.0029663561634525326,-0.0029663561634525326,1.2922316780770087,1.111739866595949,111173.9866595949,129223.16780770087
2016-07-14,22.531293869018555,5.170000076293945,1.308740496635437,21.66438865661621,0.10325511396791437,1.076012142881914,1.0,19.60007995605469,True,1.0,0.0,0.008181638481039366,0.008181638481039366,1.3028042505007815,1.120835720269396,112083.5720269396,130280.42505007815
2016-07-15,22.529006958007812,5.139999866485596,1.293522834777832,21.584474563598633,0.12802011507462605,1.0803232101779827,1.0,19.67099853515625,True,1.0,0.0,-0.0036887305838271267,-0.0036887305838271267,1.2979985566172194,1.1167012592685923,111670.12592685923,129799.85566172194
2016-07-18,22.76848602294922,5.510000228881836,1.300149917602539,22.087926864624023,0.10573613080462912,1.1191207629954971,1.0,19.75075382232666,True,1.0,0.0,0.023324742028904666,0.023324742028904666,1.3282740381042066,1.1427480280643851,114274.80280643851,132827.40381042066
2016-07-19,22.777610778808594,5.409999847412109,1.3136495351791382,21.79224967956543,0.1346685154490761,1.1250255019894442,1.0,19.825981903076173,True,1.0,0.0,-0.013386371064644798,-0.013386371064644798,1.3104932689546096,1.1274507789273243,112745.07789273243,131049.32689546097
2016-07-20,22.79813575744629,5.409999847412109,1.3308308124542236,22.016006469726562,0.09563053928696434,1.1240634867078552,1.0,19.906301345825195,True,1.0,0.0,0.010267723316833566,0.010267723316833566,1.3239490512488084,1.1390271315786986,113902.71315786986,132394.90512488084
2016-07-21,22.67725944519043,5.21999979019165,1.306286096572876,21.960065841674805,0.10109534343369492,1.1207107080786973,1.0,19.98519386291504,True,1.0,0.0,-0.002540907140842319,-0.002540907140842319,1.3205850196503788,1.1361329694064572,113613.29694064573,132058.50196503787
2016-07-22,22.50164031982422,5.840000152587891,1.3418762683868408,22.167835235595703,0.09343650870317335,1.1144035247142061,1.0,20.070860557556152,True,1.0,0.0,0.009461237294043245,0.009461237294043245,1.3330793878882499,1.1468821930275976,114688.21930275977,133307.93878882498
2016-07-25,22.200584411621094,6.699999809265137,1.366666316986084,22.26373291015625,0.11674047744895055,0.792881596289196,1.0,20.161988220214845,True,1.0,0.0,0.0043259828278838786,0.0043259828278838786,1.3388462664284604,1.151843585700241,115184.3585700241,133884.62664284604
2016-07-26,22.047773361206055,6.980000019073486,1.3899844884872437,22.639324188232422,0.1964939393843167,0.8168758438123994,1.0,20.26324645996094,True,1.0,0.0,0.016870094498161903,0.016870094498161903,1.3614327294616198,1.1712752958381056,117127.52958381057,136143.27294616197
2016-07-27,23.48007583618164,6.849999904632568,1.3759936094284058,22.455528259277344,0.2306953892463146,0.8427809924395437,1.0,20.3563614654541,True,1.0,0.0,-0.008118437079964291,-0.008118437079964291,1.3503800235088816,1.1617663710455275,116176.63710455275,135038.00235088816
2016-07-28,23.797096252441406,6.820000171661377,1.3789396286010742,22.48749542236328,0.22805841707691177,0.8017110442123745,1.0,20.452580528259276,True,1.0,0.0,0.0014235765338868056,0.0014235765338868056,1.3523023928221785,1.1634202343892068,116342.02343892069,135230.23928221784
2016-07-29,23.767440795898438,6.860000133514404,1.4015207290649414,22.199810028076172,0.23081084806657765,0.8245948983463689,1.0,20.534265480041505,True,1.0,0.0,-0.012793127419650885,-0.012793127419650885,1.3350022160009056,1.1485364510880656,114853.64510880655,133500.22160009056
2016-08-01,24.18709945678711,6.639999866485596,1.3924388885498047,22.871078491210938,0.23412296948283967,0.938145430447065,1.0,20.633534889221192,True,1.0,0.0,0.030237576911054997,0.030237576911054997,1.3753694481836618,1.1832654103629912,118326.54103629911,137536.94481836617
2016-08-02,23.829025268554688,6.260000228881836,1.3755031824111938,22.50347328186035,0.23480407978861972,0.9722565004132314,1.0,20.715285224914552,True,1.0,0.0,-0.016072928501900452,-0.016072928501900452,1.3532632333793075,1.164246870023455,116424.6870023455,135326.32333793075
2016-08-03,24.127803802490234,6.300000190734863,1.3791848421096802,22.50347328186035,0.2097765180736063,0.9676519067086324,1.0,20.79148998260498,True,1.0,0.0,0.0,0.0,1.3532632333793075,1.164246870023455,116424.6870023455,135326.32333793075
2016-08-04,24.27684783935547,6.46999979019165,1.4047116041183472,22.695270538330078,0.21459076891370593,0.9730725832415202,1.0,20.86844982147217,True,1.0,0.0,0.008523006829542767,0.008523006829542767,1.3647971051595684,1.1741697540479386,117416.97540479386,136479.71051595683
2016-08-05,24.646034240722656,6.610000133514404,1.4285200834274292,23.006925582885742,0.22185529553167194,0.9665221638136435,1.0,20.949332122802733,True,1.0,0.0,0.0137321581617329,0.0137321581617329,1.3835387148662948,1.1902936388192478,119029.36388192477,138353.87148662948
2016-08-08,24.850120544433594,6.679999828338623,1.441774606704712,23.246665954589844,0.23016161060619011,0.942462210100768,1.0,21.032390480041503,True,1.0,0.0,0.010420356724343938,0.010420356724343938,1.397955681817142,1.2026969231424618,120269.69231424617,139795.5681817142
2016-08-09,24.95101547241211,6.599999904632568,1.4454561471939087,23.494396209716797,0.24685704112040754,0.9245428840550183,1.0,21.120249404907227,True,1.0,0.0,0.010656592889959793,0.010656592889959793,1.4128531263964734,1.2155135746223982,121551.35746223982,141285.31263964734
2016-08-10,24.76526641845703,6.489999771118164,1.4361287355422974,23.350549697875977,0.21912998846822093,0.93379040655655,1.0,21.206463737487795,True,1.0,0.0,-0.006122588150672681,-0.006122588150672681,1.4042028085861575,1.2080714856134334,120807.14856134333,140420.28085861576
2016-08-11,24.74921417236328,6.579999923706055,1.4653373956680298,23.286623001098633,0.19857887483044526,0.9380559424615804,1.0,21.283235168457033,True,1.0,0.0,-0.002737695583378885,-0.002737695583378885,1.400358528758923,1.2047641536428635,120476.41536428635,140035.8528758923
2016-08-12,24.80655288696289,6.730000019073486,1.5473177433013916,23.366531372070312,0.19503800032688912,0.9307735773828683,1.0,21.362683181762694,True,1.0,0.0,0.003431513919725848,0.003431513919725848,1.405163878542966,1.2088983186060758,120889.83186060758,140516.3878542966
2016-08-15,25.104658126831055,6.949999809265137,1.5458451509475708,23.486398696899414,0.2160267334743482,0.868000503271943,1.0,21.439136962890625,True,1.0,0.0,0.005129872419677106,0.005129872419677106,1.4123721899686301,1.215099812748887,121509.9812748887,141237.21899686303
2016-08-16,25.08171272277832,6.78000020980835,1.5365182161331177,23.238672256469727,0.21677426120978882,0.8576169485775444,1.0,21.511560440063477,True,1.0,0.0,-0.010547655416510926,-0.010547655416510926,1.397474974788978,1.2022833586273447,120228.33586273447,139747.4974788978
2016-08-17,25.045034408569336,6.679999828338623,1.5009280443191528,23.15875816345215,0.2018698256476386,0.8607961478164164,1.0,21.57329708099365,True,1.0,0.0,-0.003438840745100258,-0.003438840745100258,1.3926692809054158,1.198148897626541,119814.88976265411,139266.92809054157
2016-08-18,25.01293182373047,7.039999961853027,1.5242458581924438,23.3026065826416,0.18043691377868823,0.863490267910405,1.0,21.633751487731935,True,1.0,0.0,0.006211404695112943,0.006211404695112943,1.4013197134155713,1.205591085314703,120559.1085314703,140131.97134155713
2016-08-19,25.077136993408203,7.619999885559082,1.5281727313995361,22.88705825805664,0.20119886253433106,0.9321296512436548,1.0,21.68743537902832,True,1.0,0.0,-0.017832697089539717,-0.017832697089539717,1.3763304034406307,1.1840921446764363,118409.21446764363,137633.04034406308
2016-08-22,24.882225036621094,7.579999923706055,1.5345546007156372,22.695270538330078,0.2014312158857684,0.9478498076544037,1.0,21.742983016967774,True,1.0,0.0,-0.008379745337479094,-0.008379745337479094,1.3647971051595684,1.1741697540479383,117416.97540479383,136479.71051595683
2016-08-23,24.960187911987305,7.670000076293945,1.5469727516174316,22.775177001953125,0.17005253589585034,0.9036372684502811,1.0,21.803671951293946,True,1.0,0.0,0.003520842084173026,0.003520842084173026,1.3696023402437718,1.1783038203319534,117830.38203319533,136960.2340243772
2016-08-24,24.77215576171875,7.429999828338623,1.523120403289795,22.68726921081543,0.16524335857758166,0.8939773036208881,1.0,21.863526916503908,True,1.0,0.0,-0.003859807154524275,-0.003859807154524275,1.3643159393320456,1.1737557948160329,117375.57948160329,136431.59393320457
2016-08-25,24.66667366027832,7.46999979019165,1.5130383968353271,22.855091094970703,0.1255126462591062,0.9019509748646881,1.0,21.92257911682129,True,1.0,0.0,0.007397183089592474,0.007397183089592474,1.3744080341273341,1.1824382813327572,118243.82813327572,137440.80341273342
2016-08-26,24.5222110748291,7.670000076293945,1.5253334045410156,22.88705825805664,0.12239052990948987,0.8667340193521704,1.0,21.981962509155274,True,1.0,0.0,0.0013986889377557432,0.0013986889377557432,1.3763304034406307,1.1840921446764363,118409.21446764363,137633.04034406308
2016-08-29,24.494691848754883,7.590000152587891,1.5243494510650635,22.93500328063965,0.12941722353808405,0.6905270120432266,1.0,22.042459030151367,True,1.0,0.0,0.0020948529969391227,0.0020948529969391227,1.3792136133110569,1.1865726436543638,118657.26436543638,137921.3613311057
2016-08-30,24.30666160583496,7.489999771118164,1.5154975652694702,22.871078491210938,0.12780478814093704,0.6282867243665743,1.0,22.09366680145264,True,1.0,0.0,-0.0027872151857363248,-0.0027872151857363248,1.375369448183662,1.183265410362991,118326.5410362991,137536.9448183662
2016-08-31,24.329591751098633,7.400000095367432,1.5083658695220947,22.966970443725586,0.12768929958969694,0.634567157451379,1.0,22.1434033203125,True,1.0,0.0,0.004192716690273102,0.004192716690273102,1.3811359826243534,1.1882265069980427,118822.65069980426,138113.59826243535
2016-09-01,24.474056243896484,7.349999904632568,1.5528743267059326,23.142778396606445,0.1155618285501824,0.6351484775458114,1.0,22.19742622375488,True,1.0,0.0,0.00765481687328462,0.00765481687328462,1.3917083256484468,1.1973221633130953,119732.21633130952,139170.8325648447
2016-09-02,24.703357696533203,7.510000228881836,1.5376285314559937,23.286623001098633,0.11713936982639414,0.6013459053275976,1.0,22.2501668548584,True,1.0,0.0,0.00621552875057052,0.00621552875057052,1.400358528758923,1.204764153642863,120476.41536428631,140035.8528758923
2016-09-06,24.69647789001465,7.340000152587891,1.5521366596221924,23.56631851196289,0.10767314248046607,0.6149543941856674,1.0,22.32590835571289,True,1.0,0.0,0.012010994932629915,0.012010994932629915,1.4171782279517116,1.2192345697872817,121923.45697872818,141717.82279517115
2016-09-07,24.84782600402832,6.840000152587891,1.52926766872406,23.83003044128418,0.1063320060660743,0.6222830298022852,1.0,22.404542655944823,True,1.0,0.0,0.011190204748672272,0.011190204748672272,1.4330367424878518,1.2328780542598607,123287.80542598608,143303.6742487852
2016-09-08,24.196590423583984,6.230000019073486,1.54033362865448,23.806053161621094,0.088838210286348,0.613748029994437,1.0,22.47694362640381,True,1.0,0.0,-0.0010061791453503943,-0.0010061791453503943,1.4315948508030396,1.2316375580729042,123163.75580729042,143159.48508030397
2016-09-09,23.648550033569336,5.900000095367432,1.4636114835739136,22.84709930419922,0.06117945450143502,0.9773044667851826,1.0,22.521534996032713,True,1.0,0.0,-0.04028193379689882,-0.04028193379689882,1.3739274417990104,1.1820248154968374,118202.48154968374,137392.74417990103
2016-09-12,24.178245544433594,5.940000057220459,1.4938580989837646,23.166749954223633,0.017619987969242787,1.011762763084736,1.0,22.565646896362306,True,1.0,0.0,0.013990863600162218,0.013990863600162218,1.3931498732337402,1.1985623634624605,119856.23634624605,139314.98732337402
2016-09-13,24.75381088256836,5.739999771118164,1.4722185134887695,22.767189025878906,0.017773673501636868,1.0490800085767447,1.0,22.59697277069092,True,1.0,0.0,-0.017247172310930092,-0.017247172310930092,1.3691219773151275,1.1778905518544278,117789.05518544278,136912.19773151274
2016-09-14,25.6297664642334,6.039999961853027,1.4852508306503296,22.871078491210938,0.012612780566018035,1.0360366334894164,1.0,22.634691734313964,True,1.0,0.0,0.004563122184910062,0.004563122184910062,1.375369448183662,1.1832654103629907,118326.54103629907,137536.9448183662
2016-09-15,26.501142501831055,6.019999980926514,1.5415629148483276,23.318584442138672,0.04977581871573478,1.0933957727840173,1.0,22.68311893463135,True,1.0,0.0,0.019566455998115906,0.019566455998115906,1.4022805539727006,1.2064177209489508,120641.77209489509,140228.05539727004
2016-09-16,26.352092742919922,6.050000190734863,1.5452516078948975,23.102819442749023,0.08041926129386254,1.0960736041264556,1.0,22.72467357635498,True,1.0,0.0,-0.00925292013008061,-0.00925292013008061,1.389305364006826,1.1952548341334963,119525.48341334963,138930.5364006826
2016-09-19,26.044816970825195,6.159999847412109,1.5656611919403076,23.917930603027344,0.07644039120876908,1.2110715834578538,1.0,22.775817832946778,True,1.0,0.0,0.03528189112581015,0.03528189112581015,1.4383226846002188,1.2374256850589926,123742.56850589927,143832.26846002188
2016-09-20,26.042518615722656,6.170000076293945,1.5513991117477417,23.893959045410156,0.05937176433336021,1.1955351436561554,1.0,22.81897075653076,True,1.0,0.0,-0.0010022421260037495,-0.0010022421260037495,1.4368811370149257,1.2361854849096274,123618.54849096274,143688.11370149258
2016-09-21,26.037933349609375,6.289999961853027,1.594923734664917,24.37343406677246,0.0763739990798318,1.234637878431004,1.0,22.875389251708985,True,1.0,0.0,0.020066788448539263,0.020066788448539263,1.4657147268171007,1.260991757518464,126099.1757518464,146571.47268171006
2016-09-22,26.283302307128906,6.369999885559082,1.5988577604293823,24.501298904418945,0.0900255131016509,1.2261582418639732,1.0,22.9356436920166,True,1.0,0.0,0.0052460739547899315,0.0052460739547899315,1.473403974670608,1.2676070135347863,126760.70135347864,147340.3974670608
2016-09-23,25.845312118530273,6.550000190734863,1.5971369743347168,24.069765090942383,0.09741212164924021,1.28133878689376,1.0,22.983751220703127,True,1.0,0.0,-0.017612691276491232,-0.017612691276491232,1.4474533653391795,1.245281042545483,124528.1042545483,144745.33653391796
2016-09-26,25.884292602539062,6.320000171661377,1.582136631011963,23.846010208129883,0.09054481307859419,1.2972295644026026,1.0,23.02898193359375,True,1.0,0.0,-0.009296097488574961,-0.009296097488574961,1.4339976977448206,1.233704788573306,123370.47885733059,143399.76977448206
2016-09-27,25.932449340820312,6.539999961853027,1.6362353563308716,24.293521881103516,0.07685757342012836,1.3278162902300545,1.0,23.07309383392334,True,1.0,0.0,0.01876673158602693,0.01876673158602693,1.4609091476333782,1.2568573951968571,125685.73951968571,146090.91476333782
2016-09-28,26.129650115966797,6.590000152587891,1.642137050628662,24.23758316040039,0.09656143557387264,1.3246405899422704,1.0,23.12200050354004,True,1.0,0.0,-0.0023026188206427545,-0.0023026188206427545,1.4575452307347885,1.2539633317038128,125396.33317038127,145754.52307347883
2016-09-29,25.72378921508789,6.670000076293945,1.6573829650878906,24.293521881103516,0.11173299451515228,1.32090177363575,1.0,23.16755081176758,True,1.0,0.0,0.0023079331108606382,0.0023079331108606382,1.4609091476333782,1.2568573951968571,125685.73951968571,146090.91476333782
2016-09-30,25.923274993896484,6.909999847412109,1.6849241256713867,24.445362091064453,0.10575456968018777,1.3157408315344212,1.0,23.21725673675537,True,1.0,0.0,0.006250234556523626,0.006250234556523626,1.470040172471858,1.2647130487209388,126471.30487209388,147004.01724718578
2016-10-03,25.801748275756836,6.949999809265137,1.6832029819488525,24.549243927001953,0.11213806071823722,1.311325437562378,1.0,23.264884910583497,True,1.0,0.0,0.004249551941612362,0.004249551941612362,1.476287184541034,1.2700875125127133,127008.75125127133,147628.7184541034
2016-10-04,25.91181755065918,6.96999979019165,1.6795144081115723,24.285533905029297,0.09864570820123372,1.3164754801967455,1.0,23.305320930480956,True,1.0,0.0,-0.010742083249358214,-0.010742083249358214,1.4604287847047335,1.2564441267193316,125644.41267193315,146042.87847047334
2016-10-05,25.923274993896484,6.78000020980835,1.6777927875518799,24.39740753173828,0.10108453011696834,1.3023315146311942,1.0,23.340482597351073,True,1.0,0.0,0.004606595314991857,0.004606595314991857,1.4671563891022334,1.262232056347026,126223.2056347026,146715.63891022335
2016-10-06,26.115903854370117,6.960000038146973,1.655908226966858,24.589204788208008,0.10036536427442133,1.3029198642987545,1.0,23.383156127929688,True,1.0,0.0,0.007861378559185894,0.007861378559185894,1.4786902608824943,1.2721549403715096,127215.49403715096,147869.02608824943
2016-10-07,26.154884338378906,6.75,1.6438583135604858,24.916845321655273,0.1319499074007197,1.060320502285427,1.0,23.431743125915528,True,1.0,0.0,0.013324568088691757,0.013324568088691757,1.4983931699457085,1.2891058554938553,128910.58554938552,149839.31699457084
2016-10-10,26.6112060546875,6.840000152587891,1.6500061750411987,24.996761322021484,0.14550808267517384,1.0472297547534801,1.0,23.487682151794434,True,1.0,0.0,0.0032073081216568156,0.0032073081216568156,1.5031989785291104,1.2932404151738561,129324.04151738562,150319.89785291103
2016-10-11,26.66853141784668,6.5,1.6261531114578247,24.557233810424805,0.14754872906362587,1.0518964905072388,1.0,23.52140525817871,True,1.0,0.0,-0.017583378339875888,-0.017583378339875888,1.476767662169518,1.2705008796694361,127050.08796694361,147676.7662169518
2016-10-12,26.907014846801758,6.619999885559082,1.633530616760254,25.052696228027344,0.12364165862257495,1.0926159383608378,1.0,23.57238971710205,True,1.0,0.0,0.0201758236056786,0.0201758236056786,1.5065626660280207,1.2961342813085062,129613.42813085062,150656.26660280206
2016-10-13,26.82445526123047,6.489999771118164,1.6069730520248413,24.39740753173828,0.11073209050424504,1.1830789905351053,1.0,23.61026840209961,True,1.0,0.0,-0.02615641407713909,-0.02615641407713909,1.4671563891022332,1.2622320563470257,126223.20563470258,146715.63891022332
2016-10-14,26.9735107421875,6.75,1.6227107048034668,24.501298904418945,0.07890834196552655,1.164221028574374,1.0,23.646388969421388,True,1.0,0.0,0.004258295581016647,0.004258295581016647,1.4734039746706076,1.2676070135347859,126760.7013534786,147340.39746706077
2016-10-17,26.955169677734375,6.670000076293945,1.6133663654327393,24.42937469482422,0.09977030662170844,1.00376259017616,1.0,23.674837951660155,True,1.0,0.0,-0.0029355263929192743,-0.0029355263929192743,1.4690787584155298,1.2638859196907049,126388.59196907049,146907.87584155297
2016-10-18,26.936824798583984,6.730000019073486,1.6379568576812744,24.661121368408203,0.08658657461421904,1.0109697124782189,1.0,23.703127059936524,True,1.0,0.0,0.009486394002261811,0.009486394002261811,1.4830150183382131,1.275875639498802,127587.5639498802,148301.50183382133
2016-10-19,26.856571197509766,6.769999980926514,1.6345138549804688,24.75701904296875,0.08618244698557073,0.9514322207272302,1.0,23.728379516601564,True,1.0,0.0,0.0038886177610477635,0.0038886177610477635,1.4887818968784237,1.2808370321714453,128083.70321714453,148878.18968784236
2016-10-20,26.84280776977539,6.960000038146973,1.665497899055481,24.820947647094727,0.07510793296392601,0.947773802361911,1.0,23.75778747558594,True,1.0,0.0,0.0025822415863161474,0.0025822415863161474,1.4926262914054977,1.2841444628212122,128414.44628212122,149262.62914054978
2016-10-21,26.737323760986328,6.519999980926514,1.660825490951538,24.83692741394043,0.06838452588217826,0.8839818159551341,1.0,23.788793563842773,True,1.0,0.0,0.0006438016417786852,0.0006438016417786852,1.4935872466624667,1.2849711971346576,128497.11971346576,149358.72466624668
2016-10-24,26.978099822998047,7.010000228881836,1.7387769222259521,25.10063934326172,0.05322157241050767,0.8730097853622512,1.0,23.8234757232666,True,1.0,0.0,0.010617735637189707,0.010617735637189707,1.5094457611986067,1.2986146816072366,129861.46816072366,150944.57611986066
2016-10-25,27.115684509277344,7.5,1.767301321029663,25.2125244140625,0.08972059915583365,0.8234200534566359,1.0,23.857998237609863,True,1.0,0.0,0.004457459002167541,0.004457459002167541,1.5161740537951451,1.3044032033101136,130440.32033101136,151617.4053795145
2016-10-26,26.50572967529297,7.289999961853027,1.7744325399398804,24.94081687927246,0.09868307156572154,0.8533756410243662,1.0,23.89204113006592,True,1.0,0.0,-0.010776689010898566,-0.010776689010898566,1.4998347175310014,1.2903460556432207,129034.60556432208,149983.47175310014
2016-10-27,26.25119400024414,7.110000133514404,1.7380388975143433,24.589204788208008,0.0829153036283464,0.898568114593133,1.0,23.920650062561034,True,1.0,0.0,-0.01409785785150719,-0.01409785785150719,1.478690260882494,1.2721549403715096,127215.49403715096,147869.02608824937
2016-10-28,26.07691764831543,7.199999809265137,1.7350878715515137,24.589204788208008,0.06627257232663294,0.8943925706935856,1.0,23.946382026672364,True,1.0,0.0,0.0,0.0,1.478690260882494,1.2721549403715096,127215.49403715096,147869.02608824937
2016-10-31,26.03564453125,7.230000019073486,1.7498424053192139,24.85291290283203,0.04902135033659344,0.9127162349382334,1.0,23.985699119567872,True,1.0,0.0,0.010724548308715054,0.010724548308715054,1.4945485460189547,1.2857982274856943,128579.82274856942,149454.85460189547
2016-11-01,25.565567016601562,7.090000152587891,1.6979570388793945,24.541250228881836,0.04684230014278706,0.9218956919788494,1.0,24.022618713378908,True,1.0,0.0,-0.012540287537670558,-0.012540287537670558,1.4758064775128696,1.2696739479975965,126967.39479975964,147580.64775128698
2016-11-02,25.588491439819336,6.760000228881836,1.690825343132019,24.285533905029297,0.02004568650974677,0.9394173036647381,1.0,24.05282585144043,True,1.0,0.0,-0.010419857239041375,-0.010419857239041375,1.460428784704733,1.2564441267193314,125644.41267193314,146042.8784704733
2016-11-03,25.314212799072266,6.699999809265137,1.6711537837982178,24.197629928588867,0.013760872261526409,0.9296220128460277,1.0,24.0830330657959,True,1.0,0.0,-0.003619602384867693,-0.003619602384867693,1.4551426131926863,1.2518962985618052,125189.62985618052,145514.26131926864
2016-11-04,25.08603286743164,6.559999942779541,1.6615632772445679,24.16566276550293,0.001783105748006622,0.8924693021575195,1.0,24.109244499206543,True,1.0,0.0,-0.0013210865353456835,-0.0013210865353456835,1.4532202438793898,1.250242435218126,125024.2435218126,145322.024387939
2016-11-07,25.447904586791992,6.960000038146973,1.752547025680542,25.052696228027344,-0.006408602086247097,1.1216808505625717,1.0,24.152557258605956,True,1.0,0.0,0.03670635774122766,0.03670635774122766,1.5065626660280207,1.2961342813085062,129613.42813085062,150656.26660280206
2016-11-08,25.59770393371582,7.0,1.7498424053192139,25.044706344604492,0.011298977992718137,1.067887549789142,1.0,24.194751319885253,True,1.0,0.0,-0.0003189230951482491,-0.0003189230951482491,1.5060821883995363,1.2957209141517836,129572.09141517837,150608.21883995362
2016-11-09,25.556224822998047,6.940000057220459,1.7203339338302612,24.445362091064453,0.02030775623223955,1.0894821722747277,1.0,24.226236991882324,True,1.0,0.0,-0.02393097548413292,-0.02393097548413292,1.4700401724718577,1.264713048720939,126471.3048720939,147004.01724718578
2016-11-10,24.844022750854492,6.300000190734863,1.6664811372756958,23.52635955810547,0.008563525109050365,1.1852827359937355,1.0,24.237424774169924,False,1.0,0.0,-0.03759414687888418,-0.03759414687888418,1.4147752663100905,1.2171672406076826,121716.72406076826,141477.52663100907
2016-11-11,24.991533279418945,6.690000057220459,2.1632049083709717,23.917930603027344,-0.02374878230547022,1.2184339880572124,1.0,24.25292781829834,False,-1.0,2.0,0.016643928439279865,0.016643928439279865,1.4383226846002188,1.2374256850589926,123742.56850589927,143832.26846002188
2016-11-14,24.36461639404297,6.789999961853027,2.0567283630371094,23.05487632751465,0.052861735757274944,1.3560031936150116,1.0,24.24829288482666,False,-1.0,0.0,-0.036083986103858656,0.034083986103858654,1.3864222688362398,1.2796020849131011,127960.20849131011,138642.22688362398
2016-11-15,24.687292098999023,6.96999979019165,2.119433641433716,23.334566116333008,0.024229867640098636,1.354996819410683,1.0,24.243657836914064,False,-1.0,0.0,0.012131480769843384,-0.012131480769843384,1.4032416239295091,1.2640786168269262,126407.86168269263,140324.1623929509
2016-11-16,25.351093292236328,7.670000076293945,2.2532052993774414,23.861997604370117,0.042505010976365123,1.4085105616435565,1.0,24.24429718017578,False,-1.0,0.0,0.02260301243261309,-0.02260301243261309,1.434959111801148,1.2355066321349868,123550.66321349867,143495.9111801148
2016-11-17,25.34187126159668,8.460000038146973,2.2718939781188965,23.550336837768555,0.09465875350671213,1.4067530347934358,1.0,24.23918285369873,False,-1.0,0.0,-0.01306096713983762,0.01306096713983762,1.4162171579949026,1.2516435436583533,125164.35436583533,141621.71579949025
2016-11-18,25.36722183227539,8.710000038146973,2.295746088027954,23.550336837768555,0.11494584690214851,1.394090536014917,1.0,24.253247604370117,False,-1.0,0.0,0.0,-0.0,1.4162171579949026,1.2516435436583533,125164.35436583533,141621.71579949025
2016-11-21,25.752140045166016,8.9399995803833,2.2864015102386475,23.694175720214844,0.1402108373568594,1.3708656138296644,1.0,24.263796119689943,False,-1.0,0.0,0.006107720812536632,-0.006107720812536632,1.4248670170058595,1.243998854336874,124399.8854336874,142486.70170058595
2016-11-22,25.768278121948242,8.6899995803833,2.3028767108917236,23.901952743530273,0.12550407323079735,1.363006812199134,1.0,24.28649139404297,False,-1.0,0.0,0.008769118021614286,-0.008769118021614286,1.4373618440430893,1.233090081564441,123309.0081564441,143736.18440430894
2016-11-23,25.63689422607422,8.800000190734863,2.3142058849334717,23.885963439941406,0.10628701798852593,1.3384365532554123,1.0,24.306789093017578,False,-1.0,0.0,-0.0006689538616544422,0.0006689538616544422,1.436400315286922,1.2339149619362713,123391.49619362713,143640.0315286922
2016-11-25,25.765966415405273,8.770000457763672,2.3188843727111816,23.702167510986328,0.12301652886525061,1.3099652360683236,1.0,24.31446075439453,False,-1.0,0.0,-0.0076947253736368015,0.0076947253736368015,1.425347609334184,1.2434095987027924,124340.95987027924,142534.76093341838
2016-11-28,25.71526336669922,8.829999923706055,2.317653179168701,23.702167510986328,0.13933293949915304,1.29406554417999,1.0,24.326447715759276,False,-1.0,0.0,0.0,-0.0,1.425347609334184,1.2434095987027924,124340.95987027924,142534.76093341838
2016-11-29,25.689903259277344,8.930000305175781,2.2964744567871094,23.6142635345459,0.13675962505425043,1.2617235081276146,1.0,24.320374374389647,False,-1.0,0.0,-0.003708689359303685,0.003708689359303685,1.4200614378221372,1.2480210186507577,124802.10186507576,142006.1437822137
2016-11-30,25.473251342773438,8.90999984741211,2.2706151008605957,23.72614288330078,0.13175536899245235,1.239894122764968,1.0,24.31701805114746,False,-1.0,0.0,0.004737786913879827,-0.004737786913879827,1.4267893863191563,1.242108161000347,124210.8161000347,142678.93863191563
2016-12-01,25.23584747314453,8.390000343322754,2.158316135406494,22.81513214111328,0.1404198463148854,1.3429283910255383,1.0,24.285852012634276,False,-1.0,0.0,-0.03839691713349236,0.03839691713349236,1.3720050724857134,1.2898012851291119,128980.12851291118,137200.50724857135
2016-12-02,25.330347061157227,8.529999732971191,2.1782641410827637,23.062864303588867,0.1183607666531522,1.3404645477890103,1.0,24.257083320617674,False,-1.0,0.0,0.010858239213489718,-0.010858239213489718,1.3869026317648845,1.2757963142373134,127579.63142373135,138690.26317648846
2016-12-05,25.148265838623047,8.680000305175781,2.262734889984131,23.19072723388672,0.1465675621898111,1.3335375115612857,1.0,24.239502563476563,False,-1.0,0.0,0.0055441045229562835,-0.0055441045229562835,1.3945917649185522,1.2687231661211793,126872.31661211792,139459.1764918552
2016-12-06,25.34187126159668,9.449999809265137,2.299921751022339,23.58229637145996,0.18193272789475415,1.2183884060583923,1.0,24.234228286743164,False,-1.0,0.0,0.016884728694539275,-0.016884728694539275,1.4181390685088406,1.2473011196727464,124730.11196727464,141813.90685088406
2016-12-07,25.590795516967773,9.5600004196167,2.3412954807281494,23.917930603027344,0.17929552323422698,1.2364140572090876,1.0,24.226716461181642,False,-1.0,0.0,0.014232466010968281,-0.014232466010968281,1.4383226846002188,1.2295489488815614,122954.89488815614,143832.26846002188
2016-12-08,25.84202003479004,10.34000015258789,2.302138566970825,24.00583839416504,0.19169284355766125,1.1838575547862602,1.0,24.222081565856932,False,-1.0,0.0,0.003675392850523984,-0.003675392850523984,1.443609085511945,1.2250298734654728,122502.98734654728,144360.9085511945
2016-12-09,26.26380729675293,10.34000015258789,2.2612574100494385,24.069765090942383,0.20817361081291738,1.034679641982726,1.0,24.21760643005371,False,-1.0,0.0,0.0026629645558591264,-0.0026629645558591264,1.4474533653391795,1.2217676623325657,122176.76623325657,144745.33653391796
2016-12-12,26.114002227783203,10.680000305175781,2.206338405609131,23.893959045410156,0.2411508144523959,1.0112956486212632,1.0,24.206578369140626,False,-1.0,0.0,-0.007304019996372313,0.007304019996372313,1.4368811370149257,1.2306914777691638,123069.14777691638,143688.11370149258
2016-12-13,26.54962158203125,10.539999961853027,2.245249032974243,24.26156234741211,0.1734677758923672,0.868039891072064,1.0,24.200824737548828,True,1.0,2.0,0.015384779948075078,-0.015384779948075078,1.4589872371194403,1.211757560199714,121175.75601997139,145898.72371194404
2016-12-14,26.54962158203125,10.550000190734863,2.37528133392334,23.869983673095703,0.19974017639481528,0.8978205669953523,1.0,24.192513732910157,False,1.0,0.0,-0.016139878739432234,-0.018139878739432236,1.4354393600299533,1.189776424996101,118977.6424996101,143543.93600299532
2016-12-15,26.694822311401367,10.859999656677246,2.4309375286102295,24.101730346679688,0.20076279824079601,0.8488174817120727,1.0,24.186600189208985,False,1.0,0.0,0.009708706832723513,0.009708706832723513,1.4493756199526364,1.2013276155028738,120132.76155028738,144937.56199526365
2016-12-16,26.72939682006836,10.65999984741211,2.472804307937622,23.558320999145508,0.17322138709791926,0.8956637193553847,1.0,24.165982513427736,False,1.0,0.0,-0.022546486900225426,-0.022546486900225426,1.4166972915238683,1.1742418981570593,117424.18981570593,141669.72915238683
2016-12-19,26.883821487426758,10.949999809265137,2.5028488636016846,23.390506744384766,0.15199210794072887,0.904310042458594,1.0,24.135455741882325,False,1.0,0.0,-0.007123353772402918,-0.007123353772402918,1.4066056555279387,1.1658773577021087,116587.73577021087,140660.56555279388
2016-12-20,26.955270767211914,11.510000228881836,2.59002947807312,23.422475814819336,0.15926259488299316,0.9019241245826615,1.0,24.10397003173828,False,1.0,0.0,0.001366754076084442,0.001366754076084442,1.408528139541075,1.1674708253329626,116747.08253329627,140852.8139541075
2016-12-21,26.980628967285156,11.470000267028809,2.6062822341918945,23.286623001098633,0.1790151462059532,0.8962552610786715,1.0,24.078557815551758,False,1.0,0.0,-0.005800104770937509,-0.005800104770937509,1.400358528758923,1.1606993722290186,116069.93722290186,140035.8528758923
2016-12-22,26.803152084350586,11.600000381469727,2.637805938720703,22.966970443725586,0.17609117155277912,0.9182315501904511,1.0,24.036843299865723,False,1.0,0.0,-0.01372687475371448,-0.01372687475371448,1.3811359826243534,1.1447665973197159,114476.65973197158,138113.59826243535
2016-12-23,26.856164932250977,11.579999923706055,2.7035603523254395,23.214696884155273,0.1754368417186199,0.9348732105571668,1.0,24.013189086914064,False,1.0,0.0,0.010786204520821574,0.010786204520821574,1.3960331978040057,1.1571142839670112,115711.42839670111,139603.31978040058
2016-12-27,27.0267276763916,12.069999694824219,2.8892486095428467,23.254655838012695,0.1823923055981917,0.9383953794504881,1.0,23.98825622558594,False,1.0,0.0,0.0017212782943849536,0.0017212782943849536,1.3984361594456265,1.1591059996681263,115910.59996681263,139843.61594456265
2016-12-28,26.91147804260254,11.550000190734863,2.690506935119629,23.27063751220703,0.21201622303823123,0.940311697636844,1.0,23.965081481933595,False,1.0,0.0,0.0006872462145068869,0.0006872462145068869,1.399397229402435,1.1599025908786105,115990.25908786105,139939.72294024352
2016-12-29,26.904556274414062,11.59000015258789,2.744194746017456,23.27862548828125,0.17508000232471616,0.9395725520175078,1.0,23.937431564331053,False,1.0,0.0,0.00034326417013841315,0.00034326417013841315,1.3998775923310798,1.16030074387891,116030.07438789099,139987.75923310796
2016-12-30,26.694822311401367,11.34000015258789,2.628693103790283,22.974958419799805,0.18754577519379761,0.760480140874923,1.0,23.901790351867675,False,1.0,0.0,-0.013044888266032562,-0.013044888266032562,1.3816163455529982,1.145164750320015,114516.4750320015,138161.63455529982
2017-01-03,26.770877838134766,11.430000305175781,2.512207269668579,23.422475814819336,0.1907739716038368,0.8041011853596944,1.0,23.87382091522217,False,1.0,0.0,0.019478485525086242,0.019478485525086242,1.4085281395410747,1.1674708253329624,116747.08253329624,140852.81395410746
2017-01-04,26.74091339111328,11.430000305175781,2.570819616317749,23.414480209350586,0.1718615406899529,0.8022904246148468,1.0,23.845371971130373,False,1.0,0.0,-0.00034136465896961177,-0.00034136465896961177,1.4080473178130712,1.1670722920528156,116707.22920528156,140804.7317813071
2017-01-05,26.876903533935547,11.239999771118164,2.5055572986602783,23.814043045043945,0.174300713797853,0.804667578250163,1.0,23.819640045166015,False,1.0,0.0,0.017064774964929308,0.017064774964929308,1.4320753284315235,1.1869881180845012,118698.81180845012,143207.53284315235
2017-01-06,27.176532745361328,11.319999694824219,2.5390501022338867,23.678194046020508,0.14014740544612003,0.7801181935046323,1.0,23.788953437805176,False,1.0,0.0,-0.005704575185594529,-0.005704575185594529,1.423905947049051,1.1802168551204808,118021.68551204808,142390.5947049051
2017-01-09,27.425457000732422,11.489999771118164,2.6419923305511475,24.00583839416504,0.14940304516055236,0.8106184546931591,1.0,23.770253868103026,True,1.0,0.0,0.01383738757726749,0.01383738757726749,1.4436090855119448,1.1965479731700066,119654.79731700066,144360.90855119447
2017-01-10,27.453121185302734,11.4399995803833,2.6220438480377197,24.029808044433594,0.15381237934017752,0.8127094962117369,1.0,23.75906593322754,True,1.0,0.0,0.0009984925281500967,0.0009984925281500967,1.445050518397398,1.19774271738079,119774.271738079,144505.0518397398
2017-01-11,27.600627899169922,11.199999809265137,2.58978271484375,24.109724044799805,0.15208853843397666,0.8081645989936035,1.0,23.749476318359374,True,1.0,0.0,0.0033257028195330385,0.0033257028195330385,1.4498563269808,1.2017260537130585,120172.60537130585,144985.63269808
2017-01-12,27.485387802124023,10.760000228881836,2.54742431640625,23.40648651123047,0.1429580252978964,0.8918946625910936,1.0,23.720547790527345,False,1.0,0.0,-0.02916821164201655,-0.02916821164201655,1.4075666107849072,1.1666738538426307,116667.38538426306,140756.66107849072
2017-01-13,27.436983108520508,10.579999923706055,2.547177314758301,23.52635955810547,0.11955128181153621,0.8655740087462314,1.0,23.700249977111817,False,1.0,0.0,0.005121360133118813,0.005121360133118813,1.41477526631009,1.1726488108060524,117264.88108060525,141477.526631009
2017-01-17,27.658254623413086,9.819999694824219,2.4900426864624023,23.670204162597656,0.10170107088389035,0.856093217343818,1.0,23.687943382263185,False,1.0,0.0,0.006114188816034982,0.006114188816034982,1.4234254694205661,1.1798186070502195,117981.86070502194,142342.54694205662
2017-01-18,27.655946731567383,9.880000114440918,2.535356283187866,23.56631851196289,0.07428451224712837,0.7829341198915694,1.0,23.675317153930663,False,1.0,0.0,-0.004388878520909412,-0.004388878520909412,1.417178227951711,1.1746405265071675,117464.05265071675,141717.8227951711
2017-01-19,27.607545852661133,9.770000457763672,2.58978271484375,23.678194046020508,0.07511346018916108,0.7768970582397692,1.0,23.665567779541014,True,1.0,0.0,0.00474726393945768,0.00474726393945768,1.4239059470490505,1.1802168551204806,118021.68551204806,142390.59470490506
2017-01-20,27.658254623413086,9.75,2.5614612102508545,24.029808044433594,0.07657157959833287,0.8071748462285703,1.0,23.64511001586914,True,1.0,0.0,0.014849696633522536,0.014849696633522536,1.4450505183973974,1.1977427173807897,119774.27173807897,144505.05183973975
2017-01-23,27.676692962646484,9.90999984741211,2.588059186935425,24.23758316040039,0.04892817806050822,0.8047717555521114,1.0,23.62896755218506,True,1.0,0.0,0.008646557458245052,0.008646557458245052,1.4575452307347874,1.2080990686068174,120809.90686068173,145754.52307347875
2017-01-24,27.65134048461914,10.4399995803833,2.643223285675049,24.6291561126709,0.04637910633839133,0.7889737438165969,1.0,23.632643432617186,True,1.0,0.0,0.016155610469869908,0.016155610469869908,1.4810927637247553,1.2276166465682417,122761.66465682417,148109.27637247552
2017-01-25,28.091564178466797,10.350000381469727,2.6545515060424805,25.02072525024414,0.06699838405718221,0.8043885840184753,1.0,23.66253074645996,True,1.0,0.0,0.015898601469816143,0.015898601469816143,1.5046400673150437,1.2471340343897424,124713.40343897423,150464.00673150437
2017-01-26,28.105390548706055,10.520000457763672,2.700357675552368,24.860910415649414,0.07715738556624842,0.8188668221181102,1.0,23.6813903427124,True,1.0,0.0,-0.0063872982496048225,-0.0063872982496048225,1.4950294824467971,1.2391682173548622,123916.82173548621,149502.94824467972
2017-01-27,28.107698440551758,10.670000076293945,2.7525670528411865,24.972782135009766,0.06753716953373397,0.8174372206477319,1.0,23.719748458862306,True,1.0,0.0,0.004499904367537999,0.004499904367537999,1.5017569721444575,1.2447443558282516,124474.43558282516,150175.69721444574
2017-01-30,28.03394317626953,10.609999656677246,2.709469795227051,24.924837112426758,0.09352861447353152,0.8201646820458457,1.0,23.75155387878418,True,1.0,0.0,-0.0019198911168087918,-0.0019198911168087918,1.4988737622740316,1.242354582196799,124235.4582196799,149887.37622740315
2017-01-31,27.969406127929688,10.369999885559082,2.6887831687927246,24.701080322265625,0.09113115830726128,0.8018171730919607,1.0,23.76833553314209,True,1.0,0.0,-0.00897726188347181,-0.00897726188347181,1.4854179799798328,1.2312016397602872,123120.16397602872,148541.7979979833
2017-02-01,29.674999237060547,12.0600004196167,2.8062543869018555,24.83692741394043,0.10042268365750881,0.7610161906413506,1.0,23.794067344665528,True,1.0,0.0,0.0054996417121218055,0.0054996417121218055,1.4935872466624656,1.2379728076543457,123797.28076543457,149358.72466624656
2017-02-02,29.624292373657227,12.279999732971191,2.84171724319458,24.59719467163086,0.1943046020064998,0.784484976147537,1.0,23.815004501342774,True,1.0,0.0,-0.009652270520991046,-0.009652270520991046,1.4791707385109774,1.226023559217235,122602.3559217235,147917.07385109772
2017-02-03,29.751056671142578,12.239999771118164,2.8168442249298096,24.749025344848633,0.2024520939724127,0.7536550357704002,1.0,23.83610149383545,True,1.0,0.0,0.006172682504842264,0.006172682504842264,1.4883011898502587,1.2335914133917396,123359.14133917396,148830.11898502588
2017-02-06,30.029943466186523,13.630000114440918,2.8890016078948975,24.66911506652832,0.19130977728306145,0.7504647008329872,1.0,23.85144474029541,True,1.0,0.0,-0.003228825265110702,-0.003228825265110702,1.4834957253663759,1.2296083622693568,122960.83622693567,148349.5725366376
2017-02-07,30.315753936767578,13.289999961853027,2.9338226318359375,24.389419555664062,0.22270995989847295,0.7549765090825654,1.0,23.861513862609865,True,1.0,0.0,-0.011337881805243866,-0.011337881805243866,1.4666760261735874,1.2156672079912074,121566.72079912074,146667.60261735873
2017-02-08,30.433298110961914,13.5600004196167,2.9210164546966553,24.23758316040039,0.21628442650878077,0.7666793171895113,1.0,23.872222175598143,True,1.0,0.0,-0.0062255026167037375,-0.0062255026167037375,1.4575452307347871,1.2080990686068172,120809.90686068172,145754.52307347872
2017-02-09,30.65320587158203,13.420000076293945,2.8660972118377686,24.14168930053711,0.2455224087571496,0.7723409295008359,1.0,23.88101261138916,True,1.0,0.0,-0.00395641179356343,-0.00395641179356343,1.4517785815942559,1.203319331203988,120331.93312039881,145177.85815942558
2017-02-10,30.583757400512695,13.579999923706055,2.798128366470337,24.541250228881836,0.20787443931248012,0.6498345202047414,1.0,23.89955234527588,True,1.0,0.0,0.016550661528720756,0.016550661528720756,1.4758064775128688,1.223235062165712,122323.5062165712,147580.6477512869
2017-02-13,30.854598999023438,13.489999771118164,2.669081687927246,25.324403762817383,0.22294943755568647,0.8087363343437511,1.0,23.931517562866212,True,1.0,0.0,0.031911721148333294,0.031911721148333294,1.5229020022921633,1.2622705983684084,126227.05983684084,152290.20022921634
2017-02-14,31.255062103271484,13.260000228881836,2.6789324283599854,25.03671646118164,0.20897634209692706,0.8496763737299473,1.0,23.97594924926758,True,1.0,0.0,-0.011360081932437871,-0.011360081932437871,1.5056017107710506,1.2479311009500358,124793.11009500358,150560.17107710507
2017-02-15,31.36849594116211,13.300000190734863,2.6843504905700684,25.37235450744629,0.20613687666020952,0.8634692546699566,1.0,24.022139053344727,True,1.0,0.0,0.013405833260325517,0.013405833260325517,1.525785556262108,1.2646606572097465,126466.06572097466,152578.55562621081
2017-02-16,31.331443786621094,12.970000267028809,2.6412529945373535,25.827848434448242,0.19576085975092275,0.9009674426000936,1.0,24.07488147735596,True,1.0,0.0,0.017952371226260144,0.017952371226260144,1.5531770249797914,1.287364314803222,128736.43148032221,155317.70249797913
2017-02-17,31.417098999023438,13.130000114440918,2.640760660171509,25.84383201599121,0.17956558610916262,0.8911616387015647,1.0,24.120112190246584,True,1.0,0.0,0.0006188506790851811,0.0006188506790851811,1.5541382096364396,1.2881610010836682,128816.10010836681,155413.82096364396
2017-02-21,31.64395523071289,14.0,2.735328197479248,25.83584213256836,0.18095472414095015,0.8963183461155974,1.0,24.158470420837403,True,1.0,0.0,-0.00030916016703352867,-0.00030916016703352867,1.5536577320079552,1.287762753013407,128776.2753013407,155365.77320079552
2017-02-22,31.73887062072754,14.279999732971191,2.7311363220214844,25.628068923950195,0.20891979828150956,0.8923540076086542,1.0,24.190915031433107,True,1.0,0.0,-0.008042052879563277,-0.008042052879563277,1.5411631343704049,1.2774064968573413,127740.64968573413,154116.3134370405
2017-02-23,31.60460662841797,14.319999694824219,2.477898120880127,25.37235450744629,0.20258093004094532,0.8860069380881712,1.0,24.216966819763183,True,1.0,0.0,-0.009977904198038678,-0.009977904198038678,1.5257855562621079,1.2646606572097465,126466.06572097466,152578.5556262108
2017-02-24,31.634708404541016,14.119999885559082,2.5018160343170166,25.508201599121094,0.1693703170934072,0.8870405054921991,1.0,24.249251670837403,True,1.0,0.0,0.005354138167781741,0.005354138167781741,1.5339548229447408,1.2714318251038053,127143.18251038053,153395.4822944741
2017-02-27,31.69721031188965,15.199999809265137,2.574557304382324,25.1965389251709,0.16237925458180785,0.92164035034094,1.0,24.267951202392577,True,1.0,0.0,-0.01221813590970422,-0.01221813590970422,1.5152127544386558,1.2558972982647636,125589.72982647637,151521.27544386557
2017-02-28,31.711101531982422,14.460000038146973,2.5023090839385986,25.148588180541992,0.18516298055007416,0.9286756990327374,1.0,24.293523292541504,True,1.0,0.0,-0.0019030687020670234,-0.0019030687020670234,1.5123292004687108,1.2535072394234255,125350.72394234255,151232.9200468711
2017-03-01,32.3592529296875,14.960000038146973,2.5346105098724365,25.23649787902832,0.17235669989953184,0.9226334078095477,1.0,24.316218643188478,True,1.0,0.0,0.0034956116762985268,0.0034956116762985268,1.5176157160802763,1.2578890139658787,125788.90139658787,151761.57160802765
2017-03-02,32.167118072509766,13.899999618530273,2.4411566257476807,24.66911506652832,0.21719033948842467,1.0164056919109135,1.0,24.338434524536133,True,1.0,0.0,-0.02248262873952489,-0.02248262873952489,1.4834957253663752,1.2296083622693568,122960.83622693567,148349.5725366375
2017-03-03,32.35692596435547,13.029999732971191,2.4271020889282227,24.65313148498535,0.12255729742802034,1.0109774588748934,1.0,24.363687019348145,True,1.0,0.0,-0.0006479187234671446,-0.0006479187234671446,1.4825345407097268,1.2288116759889107,122881.16759889107,148253.4540709727
2017-03-06,32.25507354736328,13.039999961853027,2.4083611965179443,24.65313148498535,0.10310885451486997,1.0124353610071473,1.0,24.388300132751464,True,1.0,0.0,0.0,0.0,1.4825345407097268,1.2288116759889107,122881.16759889107,148253.4540709727
2017-03-07,32.29673385620117,13.050000190734863,2.4347453117370605,25.02072525024414,0.08949363099489277,1.0539563517890562,1.0,24.422982177734376,True,1.0,0.0,0.014910631758187298,0.014910631758187298,1.5046400673150429,1.2471340343897424,124713.40343897423,150464.00673150428
2017-03-08,32.17637634277344,13.220000267028809,2.430307149887085,24.948801040649414,0.06642540446329638,1.0384856809422194,1.0,24.462618789672852,True,1.0,0.0,-0.0028745853237817087,-0.0028745853237817087,1.500314851059965,1.2435490411976968,124354.90411976968,150031.48510599651
2017-03-09,32.102294921875,13.329999923706055,2.429814338684082,24.75701904296875,0.05664878383493768,1.0469003342244847,1.0,24.493465232849122,True,1.0,0.0,-0.00768702260955112,-0.00768702260955112,1.4887818968784219,1.2339898516019245,123398.98516019246,148878.18968784218
2017-03-10,32.20878219604492,13.90999984741211,2.44411563873291,24.820947647094727,0.05114054808066439,1.0464517691376298,1.0,24.524791069030762,True,1.0,0.0,0.0025822415863161474,0.0025822415863161474,1.492626291405496,1.237176311513823,123717.6311513823,149262.6291405496
2017-03-13,32.22267150878906,14.279999732971191,2.51143217086792,25.172563552856445,0.06518837536735134,1.0359501385876262,1.0,24.56282958984375,True,1.0,0.0,0.014166095137099877,0.014166095137099877,1.5137709774536827,1.254702268844094,125470.2268844094,151377.0977453683
2017-03-14,32.17405319213867,14.100000381469727,2.509706974029541,24.94081687927246,0.07625141529700881,0.8674401741686767,1.0,24.596073417663575,True,1.0,0.0,-0.009206319932309248,-0.009206319932309248,1.4998347175309996,1.243151078337321,124315.1078337321,149983.47175309996
2017-03-15,32.514339447021484,13.979999542236328,2.528693199157715,25.500207901000977,0.07246268678428254,0.9429483079137237,1.0,24.6465784072876,True,1.0,0.0,0.022428736975067087,0.022428736975067087,1.5334741159165763,1.2710333868936197,127103.33868936196,153347.41159165764
2017-03-16,32.56758117675781,13.649999618530273,2.559762954711914,25.899770736694336,0.07036170061234949,0.9575238065807676,1.0,24.696124305725096,True,1.0,0.0,0.01566900306242891,0.01566900306242891,1.5575021265350286,1.2909492129253053,129094.92129253053,155750.21265350285
2017-03-17,32.405555725097656,13.489999771118164,2.615489959716797,26.043617248535156,0.06676588667588844,0.907368246197038,1.0,24.748707046508787,True,1.0,0.0,0.005553968539073528,0.005553968539073528,1.5661524443453443,1.2981191042394342,129811.91042394342,156615.24443453443
2017-03-20,32.74583053588867,14.399999618530273,2.6988348960876465,26.251386642456055,0.06891594895155774,0.92165751183785,1.0,24.79745391845703,True,1.0,0.0,0.007977747174601202,0.007977747174601202,1.5786468125832152,1.3084751702555761,130847.51702555761,157864.6812583215
2017-03-21,32.37082290649414,13.819999694824219,2.611544370651245,25.95570945739746,0.08746705371625435,0.9523420454445473,1.0,24.84300422668457,True,1.0,0.0,-0.011263297786350046,-0.011263297786350046,1.5608660434336181,1.2937374247669424,129373.74247669424,156086.6043433618
2017-03-22,32.73656463623047,14.100000381469727,2.6648056507110596,26.12352180480957,0.04578734945759752,0.9474662849667373,1.0,24.88535789489746,True,1.0,0.0,0.006465334638128484,0.006465334638128484,1.570957564729708,1.3021018701519314,130210.18701519314,157095.7564729708
2017-03-23,32.62083053588867,13.789999961853027,2.6406409740448,26.019641876220703,0.05761349130374329,0.9316908217811771,1.0,24.925154571533202,True,1.0,0.0,-0.003976490205456984,-0.003976490205456984,1.564710667360372,1.296924074818765,129692.4074818765,156471.0667360372
2017-03-24,32.556007385253906,13.699999809265137,2.6500110626220703,26.21942901611328,0.064830231947101,0.9405191978230553,1.0,24.967348670959474,True,1.0,0.0,0.007678320126118354,0.007678320126118354,1.5767250167691171,1.3068822730444933,130688.22730444933,157672.50167691172
2017-03-27,32.611572265625,13.699999809265137,2.669243812561035,26.507112503051758,0.05430906261859955,0.9194049381414999,1.0,25.0293611907959,True,1.0,0.0,0.010972149193702041,0.010972149193702041,1.5940250788905503,1.321221580322942,132122.1580322942,159402.50788905504
2017-03-28,33.28750228881836,13.6899995803833,2.6554362773895264,26.650955200195312,0.05080375776491868,0.9205049487589105,1.0,25.091853103637696,True,1.0,0.0,0.005426569835812689,0.005426569835812689,1.6026751673011868,1.3283912814971472,132839.12814971473,160267.5167301187
2017-03-29,33.36157989501953,13.710000038146973,2.646806478500366,26.315317153930664,0.07157346370753231,0.9679224971662314,1.0,25.144755363464355,True,1.0,0.0,-0.012593846777476436,-0.012593846777476436,1.5824913218101293,1.3116617252374365,131166.17252374365,158249.13218101294
2017-03-30,33.317588806152344,14.050000190734863,2.697601556777954,26.42719841003418,0.06377444168910135,0.8311884547107559,1.0,25.20197296142578,True,1.0,0.0,0.004251564039645439,0.004251564039645439,1.5892193850069882,1.3172383390606353,131723.83390606352,158921.93850069883
2017-03-31,33.255096435546875,14.550000190734863,2.686011791229248,26.243396759033203,0.09355139827373055,0.8545639165864968,1.0,25.253277015686034,True,1.0,0.0,-0.006955018392384327,-0.006955018392384327,1.578166334954731,1.3080769221853148,130807.69221853148,157816.6334954731
2017-04-03,33.26434326171875,14.640000343322754,2.672450304031372,26.283355712890625,0.10494391407148089,0.8551622382830062,1.0,25.298347969055175,True,1.0,0.0,0.0015226288816316824,0.0015226288816316824,1.5805692965963518,1.3100686378864301,131006.86378864301,158056.92965963518
2017-04-04,33.51203155517578,14.15999984741211,2.485048532485962,26.259380340576172,0.10989623978995097,0.8262621592242686,1.0,25.33878391265869,True,1.0,0.0,-0.0009121884045687478,-0.0009121884045687478,1.5791275196113792,1.308873608465761,130887.3608465761,157912.75196113792
2017-04-05,33.33842086791992,14.170000076293945,2.46655535697937,26.291351318359375,0.08238289647554992,0.8223132191208147,1.0,25.372027816772462,True,1.0,0.0,0.0012175069391793247,0.0012175069391793247,1.581050118324355,1.3104671711665767,131046.71711665767,158105.0118324355
2017-04-06,33.255096435546875,13.270000457763672,2.484555244445801,26.259380340576172,0.07180211038198758,0.8019062687064783,1.0,25.396800918579103,True,1.0,0.0,-0.0012160264185765435,-0.0012160264185765435,1.579127519611379,1.3088736084657608,130887.36084657608,157912.7519611379
2017-04-07,33.1810188293457,13.520000457763672,2.4739511013031006,26.267370223999023,0.058956499304425335,0.8065563644460487,1.0,25.424930114746093,True,1.0,0.0,0.00030426778237813146,0.00030426778237813146,1.5796079972398633,1.309271856536022,130927.1856536022,157960.79972398633
2017-04-10,33.141666412353516,13.100000381469727,2.410827159881592,25.9876766204834,0.05348663414763728,0.8171320135513804,1.0,25.445228004455565,True,1.0,0.0,-0.01064794842919159,-0.01064794842919159,1.5627884127469147,1.2953307973278345,129533.07973278344,156278.84127469148
2017-04-11,32.785179138183594,13.100000381469727,2.4194576740264893,25.89179039001465,0.037329595032924406,0.7979388359888457,1.0,25.464567070007323,True,1.0,0.0,-0.0036896807617334826,-0.0036896807617334826,1.5570222224057424,1.290551440204853,129055.1440204853,155702.22224057425
2017-04-12,32.824527740478516,12.760000228881836,2.399484634399414,25.795886993408203,0.035352638522682056,0.6826012750383395,1.0,25.486463203430176,True,1.0,0.0,-0.0037040079176382523,-0.0037040079176382523,1.5512549997660128,1.2857712274522148,128577.12274522148,155125.49997660128
2017-04-13,32.65092086791992,12.3100004196167,2.3546066284179688,25.436279296875,0.029952004098961583,0.6677838186942918,1.0,25.498450241088868,False,1.0,0.0,-0.013940505190811803,-0.013940505190811803,1.5296297213895018,1.2678469269817207,126784.69269817208,152962.9721389502
2017-04-17,32.831478118896484,12.789999961853027,2.4468283653259277,25.596107482910156,0.0142091101746426,0.6747481726162389,1.0,25.518428497314453,True,1.0,0.0,0.00628347346597935,0.00628347346597935,1.539241109156626,1.2758134095063338,127581.34095063338,153924.1109156626
2017-04-18,32.68564987182617,12.949999809265137,2.4483072757720947,25.404312133789062,0.03344808698209788,0.6643262556243533,1.0,25.53153423309326,False,1.0,0.0,-0.007493145168621873,-0.007493145168621873,1.527707352076205,1.2662535544208284,126625.35544208284,152770.7352076205
2017-04-19,32.56527328491211,12.84000015258789,2.4579248428344727,25.26047134399414,0.016825467063362836,0.6423873739440018,1.0,25.543361358642578,False,1.0,0.0,-0.005662061977407595,-0.005662061977407595,1.5190573783654082,1.259083948316585,125908.3948316585,151905.73783654082
2017-04-20,32.97269058227539,13.109999656677246,2.49688458442688,25.404312133789062,0.02646464699010906,0.6427692172859966,1.0,25.563659210205078,False,1.0,0.0,0.005694303476610374,0.005694303476610374,1.527707352076205,1.2662535544208284,126625.35544208284,152770.7352076205
2017-04-21,32.93333435058594,13.0,2.5072412490844727,25.636062622070312,0.026394420618108597,0.6798209708103772,1.0,25.591628799438478,True,1.0,0.0,0.009122486255906503,0.009122486255906503,1.5416438413985676,1.2778049350675251,127780.49350675251,154164.38413985676
2017-04-24,33.25046157836914,13.130000114440918,2.5385560989379883,26.131519317626953,0.027734702846228372,0.785804860186687,1.0,25.631425399780273,True,1.0,0.0,0.01932655193040822,0.01932655193040822,1.571438501157551,1.3025004985020396,130250.04985020397,157143.85011575508
2017-04-25,33.456485748291016,13.489999771118164,2.5826947689056396,26.42719841003418,0.0369868990588903,0.7922891167592202,1.0,25.66914436340332,True,1.0,0.0,0.011315036405394885,0.011315036405394885,1.5892193850069878,1.3172383390606353,131723.83390606352,158921.93850069877
2017-04-26,33.25971984863281,13.40999984741211,2.5649404525756836,26.37125587463379,0.045955779099868505,0.7878740069343421,1.0,25.69008140563965,True,1.0,0.0,-0.0021168545576571995,-0.0021168545576571995,1.5858552387087186,1.3144499370790739,131444.9937079074,158585.52387087187
2017-04-27,33.28518295288086,13.619999885559082,2.6048872470855713,26.38724136352539,0.03425054835300336,0.7446183580773337,1.0,25.717091903686523,True,1.0,0.0,0.0006061709373113011,0.0006061709373113011,1.5868165380652066,1.3152467184294818,131524.67184294818,158681.65380652066
2017-04-28,33.25277328491211,13.300000190734863,2.5718443393707275,26.42719841003418,0.043628349094147485,0.7435064830104642,1.0,25.73818878173828,True,1.0,0.0,0.0015142563013055277,0.0015142563013055277,1.5892193850069878,1.317238339060635,131723.8339060635,158921.93850069877
2017-05-01,33.9310302734375,13.619999885559082,2.629545211791992,26.69091033935547,0.004713281930592204,0.7592882208426417,1.0,25.755450019836427,True,1.0,0.0,0.009978807637103237,0.009978807637103237,1.605077899543128,1.3303828070583386,133038.28070583387,160507.78995431282
2017-05-02,34.146305084228516,10.319999694824219,2.5516250133514404,27.11444854736328,0.021740513448920487,0.8284580978764787,1.0,25.780862350463867,True,1.0,0.0,0.01586825636978406,0.01586825636978406,1.630547687146553,1.3514936625106932,135149.36625106932,163054.7687146553
2017-05-03,34.042137145996094,10.390000343322754,2.5706124305725098,27.40213394165039,-0.026749955740969514,0.8513056947918819,1.0,25.812188186645507,True,1.0,0.0,0.010610040391733744,0.010610040391733744,1.647847863967826,1.365833064859104,136583.3064859104,164784.7863967826
2017-05-04,33.919464111328125,10.100000381469727,2.5607492923736572,27.28226089477539,-0.02195121344331277,0.8656433446316305,1.0,25.845272026062013,True,1.0,0.0,-0.004374588020416792,-0.004374588020416792,1.6406392084426429,1.3598581078956822,135985.8107895682,164063.9208442643
2017-05-05,34.481956481933594,10.1899995803833,2.5609958171844482,27.506025314331055,-0.027339225756079808,0.875798544059288,1.0,25.887945442199708,True,1.0,0.0,0.008201828302232705,0.008201828302232705,1.6540954495362004,1.3710114306120416,137101.14306120414,165409.54495362003
2017-05-08,35.41947555541992,10.039999961853027,2.5341174602508545,27.95353126525879,-0.011282424822068421,0.9272516101404025,1.0,25.93685203552246,True,1.0,0.0,0.01626937901109904,0.01626937901109904,1.6810065553252391,1.393316935205218,139331.6935205218,168100.6555325239
2017-05-09,35.646331787109375,10.180000305175781,2.538309097290039,28.297161102294922,0.0006413735913325977,0.8901789495256847,1.0,25.99886447906494,True,1.0,0.0,0.012292895440484175,0.012292895440484175,1.7016709931446208,1.4104448346051515,141044.48346051516,170167.09931446207
2017-05-10,35.47735595703125,10.789999961853027,2.9907870292663574,28.297161102294922,0.016728118370835245,0.8802995857447424,1.0,26.0618359375,True,1.0,0.0,0.0,0.0,1.7016709931446208,1.4104448346051515,141044.48346051516,170167.09931446207
2017-05-11,35.78417205810547,11.069999694824219,3.119255781173706,28.417028427124023,0.07195062974441187,0.8639707708536905,1.0,26.125446548461912,True,1.0,0.0,0.0042360194507067295,0.0042360194507067295,1.7088793045702848,1.4164195063586877,141641.95063586876,170887.93045702847
2017-05-12,36.28391647338867,11.260000228881836,3.153531074523926,28.26519012451172,0.09605645810820307,0.790011323039494,1.0,26.19736804962158,True,1.0,0.0,-0.005343215354191466,-0.005343215354191466,1.6997483944316447,1.4088512719043358,140885.1271904336,169974.83944316447
2017-05-15,36.1909294128418,11.420000076293945,3.311835765838623,28.01746940612793,0.12079699533869218,0.8542871244938782,1.0,26.264654808044433,True,1.0,0.0,-0.008764162466006753,-0.008764162466006753,1.6848515233515116,1.396503870466926,139650.3870466926,168485.15233515116
2017-05-16,36.137481689453125,12.75,3.373481273651123,27.99349021911621,0.12408839830365909,0.8222880451712218,1.0,26.33146198272705,True,1.0,0.0,-0.0008558655553122518,-0.0008558655553122518,1.6834095169668597,1.395308650906333,139530.8650906333,168340.95169668598
2017-05-17,34.92414093017578,11.199999809265137,3.149339437484741,27.506025314331055,0.14771614155752785,0.9415313237375911,1.0,26.38116798400879,True,1.0,0.0,-0.017413509389846538,-0.017413509389846538,1.6540954495362004,1.3710114306120416,137101.14306120414,165409.54495362003
2017-05-18,35.4564323425293,11.279999732971191,3.281259536743164,27.889606475830078,0.0764992730365658,0.969952850186314,1.0,26.439984092712404,True,1.0,0.0,0.013945350413793633,0.013945350413793633,1.677162390197844,1.390130665433243,139013.0665433243,167716.2390197844
2017-05-19,35.577301025390625,11.40999984741211,3.3570399284362793,28.129343032836914,0.08694428736503389,0.9721906679925939,1.0,26.507430572509765,True,1.0,0.0,0.008595910351571145,0.008595910351571145,1.6915791277490115,1.402080104010277,140208.0104010277,169157.91277490117
2017-05-22,35.79348373413086,11.039999961853027,3.428624153137207,28.289173126220703,0.10831292646790622,0.9116419972642777,1.0,26.576795082092286,True,1.0,0.0,0.005681970360886579,0.005681970360886579,1.7011906302159758,1.4100466816048522,141004.66816048522,170119.06302159757
2017-05-23,35.74930191040039,10.890000343322754,3.382464647293091,28.289173126220703,0.1051274930783837,0.903194151780695,1.0,26.63912727355957,True,1.0,0.0,0.0,0.0,1.7011906302159758,1.4100466816048522,141004.66816048522,170119.06302159757
2017-05-24,35.64238357543945,10.890000343322754,3.420478343963623,28.38506317138672,0.08216843672684457,0.8981139625017022,1.0,26.708012199401857,True,1.0,0.0,0.003389637609348739,0.003389637609348739,1.7069570499568276,1.4148262288677576,141482.62288677576,170695.70499568275
2017-05-25,35.76557159423828,10.979999542236328,3.4128265380859375,28.425016403198242,0.09332970073052729,0.9014899174140045,1.0,26.766508369445802,True,1.0,0.0,0.0014075442274088523,0.0014075442274088523,1.709359667498929,1.416817659358987,141681.7659358987,170935.96674989292
2017-05-26,35.70514678955078,11.0,3.501195192337036,28.3770694732666,0.08399264397503185,0.9155184599831513,1.0,26.816054344177246,True,1.0,0.0,-0.0016867863592946453,-0.0016867863592946453,1.7064763429286636,1.4144277906575724,141442.77906575723,170647.63429286637
2017-05-30,35.719085693359375,11.119999885559082,3.575988292694092,28.59284019470215,0.10549096290773186,0.9139074186471063,1.0,26.867038803100584,True,1.0,0.0,0.007603699939446429,0.007603699939446429,1.719451876994057,1.4251826751637466,142518.26751637468,171945.1876994057
2017-05-31,35.507564544677734,11.1899995803833,3.563153028488159,28.257200241088867,0.10076277385369016,0.9328379039431762,1.0,26.90715507507324,True,1.0,0.0,-0.01173860138859062,-0.01173860138859062,1.69926791680316,1.4084530238340742,140845.30238340743,169926.791680316
2017-06-01,35.60519790649414,10.930000305175781,3.563399314880371,28.680742263793945,0.13758358775797042,0.9685321703137777,1.0,26.961655731201173,True,1.0,0.0,0.014988817685101186,0.014988817685101186,1.7247379338062643,1.4295640694263527,142956.40694263528,172473.79338062642
2017-06-02,36.1328239440918,10.899999618530273,3.5456271171569824,28.912487030029297,0.13192997249149122,0.9687845238840189,1.0,27.017435035705567,True,1.0,0.0,0.008080152323250767,0.008080152323250767,1.7386740790291078,1.441115164863164,144111.5164863164,173867.40790291078
2017-06-05,35.77952194213867,11.239999771118164,3.653496742248535,29.080310821533203,0.1454202699613234,0.9690910054300771,1.0,27.078648414611816,True,1.0,0.0,0.005804543598397549,0.005804543598397549,1.7487662885242359,1.449480180667924,144948.0180667924,174876.6288524236
2017-06-06,35.9003791809082,12.029999732971191,3.636958360671997,29.112268447875977,0.14749525525964016,0.9138014027289653,1.0,27.13650520324707,True,1.0,0.0,0.001098943767791738,0.001098943767791738,1.750688084338334,1.4510730778790066,145107.30778790067,175068.8084338334
2017-06-07,36.114227294921875,12.380000114440918,3.6808955669403076,29.13624382019043,0.15212486458845265,0.8825694870345737,1.0,27.189087829589845,True,1.0,0.0,0.0008235487508430062,0.0008235487508430062,1.7521298613233065,1.4522681072996757,145226.81072996758,175212.98613233064
2017-06-08,36.02591323852539,12.899999618530273,3.9479784965515137,29.431926727294922,0.1563960006708626,0.9103233365455753,1.0,27.244707260131836,True,1.0,0.0,0.01014828503389964,0.01014828503389964,1.7699109745724224,1.4670061379981947,146700.61379981946,176991.09745724223
2017-06-09,34.628936767578125,12.279999732971191,3.6927435398101807,28.6008358001709,0.1429967051490013,1.1760852907199657,1.0,27.29041763305664,True,1.0,0.0,-0.028237734308888318,-0.028237734308888318,1.7199326987220607,1.4255812084438932,142558.1208443893,171993.26987220606
2017-06-12,33.80145263671875,12.09000015258789,3.701876640319824,28.161314010620117,0.07000855825684736,1.2330793873800163,1.0,27.32509994506836,True,1.0,0.0,-0.01536744564465331,-0.01536744564465331,1.6935017264619876,1.4036736667110925,140367.36667110925,169350.17264619877
2017-06-13,34.07340621948242,11.960000038146973,3.737175226211548,28.417028427124023,0.043947292240158364,1.2308547457905328,1.0,27.368572578430175,True,1.0,0.0,0.009080343921717304,0.009080343921717304,1.7088793045702844,1.4164195063586873,141641.95063586874,170887.93045702844
2017-06-14,33.741024017333984,11.770000457763672,3.7450742721557617,28.48895835876465,0.03785374360002308,1.2304261727951653,1.0,27.412684631347656,True,1.0,0.0,0.002531226367496142,0.002531226367496142,1.7132048649248812,1.4200047847606183,142000.47847606183,171320.48649248813
2017-06-15,33.53879165649414,11.5,3.7611191272735596,28.321136474609375,0.004643739154033752,1.1519526130295399,1.0,27.45391975402832,True,1.0,0.0,-0.0058907694006173905,-0.0058907694006173905,1.703112770129593,1.41163986402582,141163.986402582,170311.2770129593
2017-06-16,33.06926727294922,11.4399995803833,3.7426061630249023,28.664756774902344,0.04880901610227349,1.141991837069387,1.0,27.50138786315918,True,1.0,0.0,0.012132998285610208,0.012132998285610208,1.7237766344497762,1.4287672880759443,142876.72880759442,172377.66344497763
2017-06-19,34.015296936035156,11.930000305175781,3.883305549621582,28.936460494995117,0.018881840480908393,1.147108578783977,1.0,27.554929466247557,True,1.0,0.0,0.009478668255460843,0.009478668255460843,1.7401157413142405,1.4423100992138707,144231.00992138707,174011.57413142404
2017-06-20,33.70614242553711,12.640000343322754,3.8776278495788574,28.872533798217773,0.048517721992897736,1.14649531025422,1.0,27.607032737731934,True,1.0,0.0,-0.002209209270373602,-0.002209209270373602,1.736271461487006,1.4391237343719339,143912.3734371934,173627.14614870062
2017-06-21,33.90605163574219,13.979999542236328,3.9363760948181152,29.336023330688477,0.05311244845028559,1.20454517231624,1.0,27.673999671936034,True,1.0,0.0,0.016052956616482206,0.016052956616482206,1.764143751932693,1.4622259252455563,146222.59252455563,176414.3751932693
2017-06-22,33.85026168823242,14.380000114440918,3.909223794937134,29.336023330688477,0.08692716612214588,1.2043557156850557,1.0,27.74288433074951,True,1.0,0.0,0.0,0.0,1.764143751932693,1.4622259252455563,146222.59252455563,176414.3751932693
2017-06-23,34.001346588134766,14.170000076293945,3.7971582412719727,29.35201072692871,0.08643492190805036,1.2055443620931585,1.0,27.814006805419922,True,1.0,0.0,0.0005449748952002231,0.0005449748952002231,1.7651051659890207,1.4630228016659261,146302.28016659262,176510.51659890206
2017-06-26,33.894432067871094,14.079999923706055,3.755688190460205,29.81328010559082,0.07445676213608378,1.2471830846873382,1.0,27.901546821594238,True,1.0,0.0,0.01571508619812967,0.01571508619812967,1.7928439458213021,1.4860143311039353,148601.43311039353,179284.39458213022
2017-06-27,33.40863800048828,13.399999618530273,3.6181981563568115,28.955110549926758,0.06061678530912352,1.451092116931845,1.0,27.968726882934572,True,1.0,0.0,-0.028784808401646877,-0.028784808401646877,1.7412372763467834,1.4432396933010072,144323.96933010072,174123.72763467833
2017-06-28,33.896751403808594,13.229999542236328,3.7458152770996094,29.169647216796875,0.024777838327191055,1.4144678793789833,1.0,28.044033584594725,True,1.0,0.0,0.007409285020694156,0.007409285020694156,1.7541385996158938,1.4539330675418536,145393.30675418535,175413.8599615894
2017-06-29,33.397010803222656,12.600000381469727,3.62066650390625,28.72405242919922,0.04151635991694862,1.4194773792144428,1.0,28.11330520629883,True,1.0,0.0,-0.015275974518507929,-0.015275974518507929,1.7273424230662302,1.4317228230504682,143172.28230504683,172734.24230662303
2017-06-30,33.47602462768555,12.479999542236328,3.5683364868164062,28.84783172607422,0.02439616707894377,1.400248957208034,1.0,28.182175598144532,True,1.0,0.0,0.004309256055707866,0.004309256055707866,1.7347859838631094,1.4378924832957936,143789.24832957936,173478.59838631094
2017-07-03,33.35517120361328,12.149999618530273,3.4392385482788086,28.78182029724121,0.017168923057649735,1.3837741266499468,1.0,28.24509075164795,True,1.0,0.0,-0.0022882630992797637,-0.0022882630992797637,1.7308163371110878,1.434602206985536,143460.2206985536,173081.6337111088
2017-07-05,33.492313385009766,13.1899995803833,3.5310633182525635,28.732309341430664,-0.00269786001304978,1.3743577796173836,1.0,28.297106552124024,True,1.0,0.0,-0.0017202162788603204,-0.0017202162788603204,1.727838958672272,1.4321343809153906,143213.43809153905,172783.8958672272
2017-07-06,33.176185607910156,13.020000457763672,3.541677236557007,28.468257904052734,0.012213527263594627,1.37965600269576,1.0,28.337927742004396,True,1.0,0.0,-0.009190052711745667,-0.009190052711745667,1.711960027564666,1.418972990464475,141897.2990464475,171196.0027564666
2017-07-07,33.51323318481445,13.359999656677246,3.622641086578369,28.575525283813477,0.0017407358634872402,1.3478557606143469,1.0,28.38201313018799,True,1.0,0.0,0.0037679643103651905,0.0037679643103651905,1.7184106318493015,1.4243196300499172,142431.96300499173,171841.06318493016
2017-07-10,33.717777252197266,13.8100004196167,3.793948173522949,28.880840301513672,0.0038629758017098767,1.1906777571562237,1.0,28.431885108947753,True,1.0,0.0,0.01068449362409929,0.01068449362409929,1.73677097928888,1.439537764055865,143953.7764055865,173677.097928888
2017-07-11,33.827022552490234,13.890000343322754,3.8477602005004883,29.194406509399414,0.061953008116940926,1.1388106790329418,1.0,28.48722927093506,True,1.0,0.0,0.010857239769069604,0.010857239769069604,1.7556275182349812,1.4551671707168499,145516.71707168498,175562.7518234981
2017-07-12,33.875831604003906,14.289999961853027,4.011415958404541,29.4502010345459,0.08594766095297778,1.1308111331975004,1.0,28.54241508483887,True,1.0,0.0,0.008761764862872834,0.008761764862872834,1.7710099137365451,1.4679170033028428,146791.70033028428,177100.9913736545
2017-07-13,34.34769058227539,13.529999732971191,3.965010166168213,29.82978057861328,0.09419098379895603,1.1515400343817224,1.0,28.596721725463865,True,1.0,0.0,0.012888860881530961,0.012888860881530961,1.7938362141345077,1.486836781344047,148683.6781344047,179383.62141345078
2017-07-14,34.64288330078125,13.920000076293945,4.071644306182861,29.912296295166016,0.09286994123018029,1.126281198036549,1.0,28.64692497253418,True,1.0,0.0,0.0027662193603896768,0.0027662193603896768,1.7987983585994147,1.4909496980343404,149094.96980343404,179879.83585994146
2017-07-17,34.76375198364258,13.800000190734863,4.054366588592529,29.631738662719727,0.11806108958427627,1.127412909204546,1.0,28.693914527893067,True,1.0,0.0,-0.009379341180557499,-0.009379341180557499,1.781926815079084,1.4769655721334272,147696.55721334272,178192.6815079084
2017-07-18,34.884620666503906,13.479999542236328,4.096576690673828,29.598731994628906,0.11916240545167021,1.1065581008695566,1.0,28.735768661499023,True,1.0,0.0,-0.001113895761113315,-0.001113895761113315,1.779941934353153,1.4753203864433175,147532.03864433174,177994.1934353153
2017-07-19,35.103111267089844,13.550000190734863,4.075347900390625,30.04432487487793,0.09467049239159794,1.1400648867916137,1.0,28.777584533691407,True,1.0,0.0,0.015054458425106887,0.015054458425106887,1.806737996202977,1.497530535864741,149753.0535864741,180673.7996202977
2017-07-20,34.9450569152832,13.800000190734863,4.134589195251465,29.788524627685547,0.08970106304164763,1.108206132986499,1.0,28.80741180419922,True,1.0,0.0,-0.008514095366019547,-0.008514095366019547,1.7913552566018938,1.4847804180688622,148478.0418068862,179135.52566018936
2017-07-21,34.92879104614258,13.880000114440918,4.14940071105957,29.582225799560547,0.07124954841055342,1.116123107503991,1.0,28.83311309814453,True,1.0,0.0,-0.006925446315433348,-0.006925446315433348,1.778949321940428,1.4744976509933196,147449.76509933197,177894.9321940428
2017-07-24,35.35183334350586,14.15999984741211,4.101268291473389,29.88755226135254,0.07356680363316061,1.130464300969556,1.0,28.8625235748291,True,1.0,0.0,0.010321280888760276,0.010321280888760276,1.7973103575790448,1.489716355419039,148971.6355419039,179731.03575790446
2017-07-25,35.50291061401367,14.109999656677246,4.081518650054932,29.788524627685547,0.08354094700088284,1.074486057573041,1.0,28.89299026489258,True,1.0,0.0,-0.0033133403766572034,-0.0033133403766572034,1.791355256601894,1.4847804180688624,148478.04180688623,179135.5256601894
2017-07-26,35.6702766418457,14.760000228881836,4.128666877746582,29.88755226135254,0.0911949086837438,0.8437747704180713,1.0,28.93039192199707,True,1.0,0.0,0.00332435509662532,0.00332435509662532,1.797310357579045,1.4897163554190391,148971.6355419039,179731.0357579045
2017-07-27,34.99619674682617,14.119999885559082,3.992410898208618,29.854534149169922,0.11889532418612836,0.8348867682984752,1.0,28.967612800598143,True,1.0,0.0,-0.0011047446071825728,-0.0011047446071825728,1.7953247886540762,1.4880705993091583,148807.05993091583,179532.4788654076
2017-07-28,34.74980163574219,13.949999809265137,4.057821750640869,29.590490341186523,0.09892806905946444,0.7819121107381124,1.0,29.009302101135255,True,1.0,0.0,-0.008844345273119614,-0.008844345273119614,1.779446316345829,1.4749095891380901,147490.958913809,177944.63163458288
2017-07-31,34.57082748413086,13.609999656677246,4.011415958404541,29.673006057739258,0.11553370928269674,0.7810690057035757,1.0,29.044970092773436,True,1.0,0.0,0.0027885890230714416,0.0027885890230714416,1.7844084608107358,1.4790225058283835,147902.25058283834,178440.84608107357
2017-08-01,34.87765121459961,13.710000038146973,4.060288906097412,29.573978424072266,0.10993284943061943,0.7852184968768601,1.0,29.073862800598146,True,1.0,0.0,-0.003337296985492455,-0.003337296985492455,1.778453359833585,1.474086568478207,147408.6568478207,177845.3359833585
2017-08-02,36.52565383911133,13.369999885559082,4.057821750640869,29.76376724243164,0.12954670607849028,0.7910886923009606,1.0,29.10335468292236,True,1.0,0.0,0.006417426010052685,0.006417426010052685,1.7898664526826467,1.4835464099638282,148354.64099638283,178986.64526826466
2017-08-03,36.16071319580078,13.239999771118164,4.109413146972656,29.53272819519043,0.1306538381772563,0.7830019369260008,1.0,29.12822578430176,True,1.0,0.0,-0.007762426219750762,-0.007762426219750762,1.7759727464004906,1.472030490412908,147203.0490412908,177597.27464004906
2017-08-04,36.351318359375,13.119999885559082,4.127430438995361,29.730756759643555,0.12934983273187955,0.7906013057434806,1.0,29.155139656066893,True,1.0,0.0,0.006705393526270198,0.006705393526270198,1.7878813425570368,1.481901034133795,148190.1034133795,178788.13425570368
2017-08-07,36.913822174072266,13.430000305175781,4.254307270050049,30.35789680480957,0.09876836695791176,0.8780808745257486,1.0,29.19379726409912,True,1.0,0.0,0.02109398190688827,0.02109398190688827,1.825594879248598,1.5131602277356124,151316.02277356124,182559.4879248598
2017-08-08,37.20903396606445,13.109999656677246,4.203703880310059,30.28362274169922,0.09835794286452879,0.8611911914790534,1.0,29.231928329467774,True,1.0,0.0,-0.002446614256182089,-0.002446614256182089,1.8211283527910154,1.5094581083505467,150945.81083505467,182112.83527910153
2017-08-09,37.436824798583984,12.829999923706055,4.248383522033691,30.085580825805664,0.08571657038623062,0.8643246995233599,1.0,29.261783142089843,True,1.0,0.0,-0.00653957148993467,-0.00653957148993467,1.8092189537355916,1.4995868991399268,149958.68991399268,180921.89537355915
2017-08-10,36.24439239501953,12.119999885559082,4.066462516784668,29.161396026611328,0.07159642203565014,1.0665240150930948,1.0,29.279867057800292,False,1.0,0.0,-0.030718529402683936,-0.030718529402683936,1.7536424081093718,1.4535217948868173,145352.17948868172,175364.2408109372
2017-08-11,36.74842071533203,12.229999542236328,3.849735736846924,29.821533203125,0.024983737906785174,1.1806653474755584,1.0,29.302682876586914,True,1.0,0.0,0.02263736536862848,0.02263736536862848,1.7933402520276651,1.4864256988289348,148642.56988289347,179334.0252027665
2017-08-14,37.30147933959961,12.760000228881836,4.156805515289307,29.74726676940918,0.02913051088104303,1.1583931976576023,1.0,29.319378471374513,True,1.0,0.0,-0.0024903626922856414,-0.0024903626922856414,1.7888741843694413,1.4827239597237167,148272.39597237168,178887.41843694414
2017-08-15,37.709835052490234,13.020000457763672,4.121754169464111,30.05257797241211,0.058960753009206814,1.1732403049078137,1.0,29.33882381439209,True,1.0,0.0,0.010263504387465261,0.010263504387465261,1.8072343024093405,1.497941903589741,149794.1903589741,180723.43024093405
2017-08-16,37.55815887451172,12.630000114440918,4.076581954956055,29.986568450927734,0.06350655078077856,1.123373594037197,1.0,29.356309814453127,True,1.0,0.0,-0.0021964678552691685,-0.0021964678552691685,1.8032647703571585,1.4946517223494453,149465.17223494453,180326.47703571586
2017-08-17,36.83711242675781,12.34000015258789,3.9857442378997803,29.53272819519043,0.04917604658163286,1.150768508747269,1.0,29.364239501953126,True,1.0,0.0,-0.015134784644665222,-0.015134784644665222,1.7759727464004913,1.4720304904129085,147203.04904129085,177597.27464004912
2017-08-18,36.75310516357422,12.369999885559082,3.9864842891693115,29.590490341186523,0.027117522210231115,1.1361095219840711,1.0,29.367410774230958,True,1.0,0.0,0.001955868946963646,0.001955868946963646,1.7794463163458298,1.4749095891380908,147490.95891380907,177944.631634583
2017-08-21,36.68543243408203,12.050000190734863,3.9284775257110596,29.689504623413086,0.02476035350541785,1.1101009302994234,1.0,29.3891841506958,True,1.0,0.0,0.0033461521280959694,0.0033461521280959694,1.785400614424103,1.4798448609985344,147984.48609985344,178540.0614424103
2017-08-22,37.28513717651367,12.170000076293945,4.01593542098999,30.135087966918945,0.008988237806248954,1.1477740759613348,1.0,29.428659629821777,True,1.0,0.0,0.015008109739711673,0.015008109739711673,1.8121961027747286,1.5020545350701489,150205.4535070149,181219.61027747288
2017-08-23,37.33180236816406,12.479999542236328,4.096230506896973,30.184608459472656,0.023262262345172875,1.140297557141699,1.0,29.46401123046875,True,1.0,0.0,0.001643283490928349,0.001643283490928349,1.815174054712743,1.5045228364901038,150452.28364901038,181517.4054712743
2017-08-24,37.1661262512207,12.5,4.081160068511963,30.390899658203125,0.021895211442310648,1.1410735501457534,1.0,29.50205005645752,True,1.0,0.0,0.006834317529990308,0.006834317529990308,1.82757953057485,1.514805223285799,151480.5223285799,182757.953057485
2017-08-25,37.303810119628906,12.430000305175781,4.047065258026123,30.40740394592285,0.03835399622442388,1.1154762441727308,1.0,29.54377540588379,True,1.0,0.0,0.0005430667701629144,0.0005430667701629144,1.8285720282877351,1.5156278636658347,151562.78636658346,182857.2028287735
2017-08-28,37.67951202392578,12.229999542236328,4.075723648071289,30.34138298034668,0.04013793679972065,1.1123818226063986,1.0,29.577307929992674,True,1.0,0.0,-0.0021712134877934774,-0.0021712134877934774,1.824601808036515,1.5123371120057678,151233.71120057677,182460.18080365148
2017-08-29,38.01553726196289,12.149999618530273,4.069053649902344,30.432153701782227,0.05012699679888771,1.1033644786675554,1.0,29.607221794128417,True,1.0,0.0,0.0029916474636091372,0.0029916474636091372,1.830060373407624,1.516861491491022,151686.1491491022,183006.03734076238
2017-08-30,38.11821365356445,12.670000076293945,4.093266487121582,30.473407745361328,0.04460794984415247,1.0922600630582535,1.0,29.63923927307129,True,1.0,0.0,0.0013556070984448443,0.0013556070984448443,1.832541216240398,1.5189177596962447,151891.77596962446,183254.1216240398
2017-08-31,38.269893646240234,13.0,4.186160087585449,30.506410598754883,0.03453508341698672,1.0687576837149657,1.0,29.66264701843262,True,1.0,0.0,0.001083005014382632,0.001083005014382632,1.8345258675666491,1.5205627552464305,152056.27552464305,183452.5867566649
2017-09-01,38.28155517578125,13.1899995803833,4.211359024047852,30.712711334228516,0.04694776486730185,1.063293158002856,1.0,29.690180778503418,True,1.0,0.0,0.006762537165944105,0.006762537165944105,1.8469319169279546,1.530845617391935,153084.56173919348,184693.19169279546
2017-09-05,37.82185363769531,12.920000076293945,4.098947525024414,30.40740394592285,0.04209747142952864,1.0015759529886112,1.0,29.7112886428833,True,1.0,0.0,-0.009940750101258833,-0.009940750101258833,1.828572028287735,1.5156278636658345,151562.78636658346,182857.2028287735
2017-09-06,37.782196044921875,12.859999656677246,4.096477508544922,30.75397300720215,0.025273604805476947,1.0251313621628144,1.0,29.730102500915528,True,1.0,0.0,0.011397522192149179,0.011397522192149179,1.8494132185600876,1.5329022658770055,153290.22658770054,184941.32185600876
2017-09-07,37.630496978759766,12.630000114440918,4.1155009269714355,30.976774215698242,0.03075616166142036,1.0201497504944663,1.0,29.770535774230957,True,1.0,0.0,0.007244631724295125,0.007244631724295125,1.8628115362345987,1.544007578262622,154400.75782626218,186281.15362345986
2017-09-08,37.01678466796875,12.25,4.044101238250732,30.943758010864258,0.023059245682217393,0.7593173116310584,1.0,29.806017990112306,True,1.0,0.0,-0.0010658374110901203,-0.0010658374110901203,1.8608260820094695,1.542361917222703,154236.1917222703,186082.60820094694
2017-09-11,37.68651580810547,12.550000190734863,4.175289154052734,31.224313735961914,0.03367118626574166,0.6508016429215646,1.0,29.856023216247557,True,1.0,0.0,0.009066633891047005,0.009066633891047005,1.8776975108299607,1.5563459480536546,155634.59480536546,187769.75108299608
2017-09-12,37.53716278076172,12.300000190734863,4.190359115600586,31.24081802368164,0.06217232543127039,0.6470466386121663,1.0,29.903882942199708,True,1.0,0.0,0.0005285716720402345,0.0005285716720402345,1.878690008542846,1.5571685884336903,155716.85884336903,187869.0008542846
2017-09-13,37.254791259765625,12.220000267028809,4.209136009216309,30.968509674072266,0.03508763102658339,0.6662111274123745,1.0,29.94761672973633,True,1.0,0.0,-0.008716428276716592,-0.008716428276716592,1.8623145418291982,1.543595640117852,154359.5640117852,186231.4541829198
2017-09-14,36.93510055541992,12.260000228881836,4.185170650482178,30.844745635986328,0.014302583178078657,0.6749782467631364,1.0,29.98986545562744,True,1.0,0.0,-0.003996447985017415,-0.003996447985017415,1.8548718986310362,1.5374267404322215,153742.67404322216,185487.18986310362
2017-09-15,37.3084716796875,12.520000457763672,4.449770927429199,31.067535400390625,0.014355222304695889,0.5820850069181255,1.0,30.0418510055542,True,1.0,0.0,0.0072229405628285726,0.0072229405628285726,1.8682695281065091,1.5485314823980667,154853.14823980667,186826.95281065092
2017-09-18,37.02611541748047,13.079999923706055,4.63358211517334,31.414104461669922,0.047248446119535215,0.6132517249549794,1.0,30.09862258911133,True,1.0,0.0,0.011155344536114775,0.011155344536114775,1.8891107183788618,1.5658058846092378,156580.58846092378,188911.07183788618
2017-09-19,37.04011917114258,13.119999885559082,4.628641128540039,31.60388946533203,0.06216942593596779,0.6207819887428876,1.0,30.153083572387697,True,1.0,0.0,0.006041394682878121,0.006041394682878121,1.900523581828244,1.5752655359549352,157526.55359549352,190052.3581828244
2017-09-20,36.41939926147461,13.739999771118164,4.591335773468018,31.207809448242188,0.0725127995748924,0.6507076449388896,1.0,30.19335163116455,True,1.0,0.0,-0.012532635184802965,-0.012532635184802965,1.8767050131170755,1.555523307673619,155552.3307673619,187670.50131170754
2017-09-21,35.794002532958984,13.40999984741211,4.4658308029174805,31.554391860961914,0.059419291001840034,0.6873364965978037,1.0,30.235435447692872,True,1.0,0.0,0.011105630893271323,0.011105630893271323,1.8975470062883057,1.5727983753745227,157279.83753745226,189754.7006288306
2017-09-22,35.4439811706543,13.300000190734863,4.422347068786621,31.166545867919922,0.03781739688462109,0.7527235557673838,1.0,30.262170753479005,True,1.0,0.0,-0.012291347421650722,-0.012291347421650722,1.8742235967851029,1.5534665641185865,155346.65641185865,187422.3596785103
2017-09-25,35.13128662109375,12.609999656677246,4.224700450897217,30.588937759399414,0.025238735133285218,0.8742365040689236,1.0,30.275703582763672,True,1.0,0.0,-0.0185329523190777,-0.0185329523190777,1.8394887002305942,1.5246762423564952,152467.62423564953,183948.87002305943
2017-09-26,35.73567199707031,12.449999809265137,4.248417377471924,30.646699905395508,0.007048926164042466,0.8786931128637131,1.0,30.29600280761719,True,1.0,0.0,0.001888334483872267,0.001888334483872267,1.842962270175933,1.5275553410816778,152755.53410816778,184296.2270175933
2017-09-27,35.990028381347656,12.739999771118164,4.341559886932373,30.737457275390625,0.014103386171624191,0.8844533557302792,1.0,30.31877731323242,True,1.0,0.0,0.002961407599359145,0.002961407599359145,1.8484200326481641,1.5320790550771988,153207.90550771987,184842.00326481642
2017-09-28,35.76834487915039,12.739999771118164,4.340322971343994,30.57242774963379,0.03167954177758716,0.8996197023416137,1.0,30.32933937072754,True,1.0,0.0,-0.005369003827423446,-0.005369003827423446,1.8384958584181899,1.523853316766574,152385.3316766574,183849.58584181897
2017-09-29,35.964359283447266,12.75,4.416665077209473,30.98501205444336,0.012520027835167556,0.9533721688162362,1.0,30.353269119262695,True,1.0,0.0,0.013495307215650065,0.013495307215650065,1.8633069248422436,1.5444181854279262,154441.8185427926,186330.69248422436
2017-10-02,35.89203643798828,12.710000038146973,4.422347068786621,31.463619232177734,0.013697674099941281,1.0060065066880013,1.0,30.39089698791504,True,1.0,0.0,0.015446409279861628,0.015446409279861628,1.8920883262173573,1.5682739008193072,156827.39008193073,189208.83262173572
2017-10-03,36.048370361328125,13.420000076293945,4.431488513946533,31.71942138671875,0.003993642624295732,0.9831567308392126,1.0,30.427534370422364,True,1.0,0.0,0.008130093129254723,0.008130093129254723,1.9074711805182802,1.5810241136851477,158102.41136851476,190747.11805182803
2017-10-04,35.81501770019531,13.3100004196167,4.4685468673706055,31.579130172729492,0.022432815925990328,0.9703016609725925,1.0,30.463346481323242,True,1.0,0.0,-0.004422880615596592,-0.004422880615596592,1.8990346632091568,1.574031432779939,157403.1432779939,189903.46632091567
2017-10-05,36.260719299316406,13.34000015258789,4.466076374053955,31.73592185974121,0.01848644618050393,0.9665363637901071,1.0,30.500313873291017,True,1.0,0.0,0.004965041347057664,0.004965041347057664,1.908463448831486,1.5818465639252597,158184.65639252597,190846.3448831486
2017-10-06,36.23971939086914,13.229999542236328,4.479170799255371,31.73592185974121,0.023720088917987967,0.9683192429952815,1.0,30.53794162750244,True,1.0,0.0,0.0,0.0,1.908463448831486,1.5818465639252597,158184.65639252597,190846.3448831486
2017-10-09,36.36571502685547,13.470000267028809,4.580217361450195,31.99171257019043,0.0378813524826469,0.9668078627162379,1.0,30.58596607208252,True,1.0,0.0,0.008059974169954742,0.008059974169954742,1.9238456149333705,1.594596206371329,159459.6206371329,192384.56149333704
2017-10-10,36.379730224609375,13.699999809265137,4.6676764488220215,32.15675735473633,0.02776598295264548,0.9734902686979228,1.0,30.63564109802246,True,1.0,0.0,0.005158985602405242,0.005158985602405242,1.9337707067620622,1.6028227052416488,160282.2705241649,193377.07067620623
2017-10-11,36.53140640258789,13.880000114440918,4.717334747314453,33.29547882080078,0.0404571621556407,1.2136349006739027,1.0,30.71007110595703,True,1.0,0.0,0.03541157628248026,0.03541157628248026,2.0022485756573927,1.659581183735605,165958.1183735605,200224.85756573928
2017-10-12,36.40305709838867,14.199999809265137,4.719560146331787,33.369747161865234,0.05133177320135128,1.1994509119237808,1.0,30.7821907043457,True,1.0,0.0,0.0022305833613076587,0.0022305833613076587,2.006714758015456,1.663283017910785,166328.3017910785,200671.47580154557
2017-10-13,36.63407897949219,14.220000267028809,4.807511806488037,33.683311462402344,0.057253196989733746,1.2024802670170802,1.0,30.865202369689943,True,1.0,0.0,0.009396663960806073,0.009396663960806073,2.0255711822617175,1.678912329501808,167891.2329501808,202557.11822617176
2017-10-16,37.3084716796875,14.260000228881836,4.890029430389404,33.74106979370117,0.046112695001736516,1.1905704437430173,1.0,30.945408630371094,True,1.0,0.0,0.0017147462286568604,0.0017147462286568604,2.029044522807377,1.6817912380870668,168179.12380870667,202904.4522807377
2017-10-17,37.44614028930664,14.15999984741211,4.885581970214844,34.03813552856445,0.050429894350536485,1.1949356798519315,1.0,31.01901340484619,True,1.0,0.0,0.008804277300026087,0.008804277300026087,2.046908793440272,1.6965981945079396,169659.81945079396,204690.8793440272
2017-10-18,37.28047180175781,14.069999694824219,4.881382465362549,34.24442672729492,0.04817403728005698,1.12857195409243,1.0,31.098229484558104,True,1.0,0.0,0.006060590438549562,0.006060590438549562,2.059314269302379,1.706880581303635,170688.0581303635,205931.4269302379
2017-10-19,36.39840316772461,13.949999809265137,4.8868184089660645,33.88959884643555,0.045788295326376474,1.1623717320282014,1.0,31.174309844970704,True,1.0,0.0,-0.010361624204868192,-0.010361624204868192,2.037976428724145,1.6891945261575798,168919.45261575797,203797.64287241452
2017-10-20,36.461402893066406,13.8100004196167,4.864582061767578,33.93086624145508,0.04156630121857165,1.0959085373447521,1.0,31.26969924926758,True,1.0,0.0,0.001217700900105756,0.001217700900105756,2.0404580744557967,1.6912514598525357,169125.14598525356,204045.80744557967
2017-10-23,36.44272994995117,14.100000381469727,4.857664108276367,34.005126953125,0.05504288017133929,0.9506075838112185,1.0,31.35337112426758,True,1.0,0.0,0.002188588736328656,0.002188588736328656,2.0449237980145014,1.6949529137478683,169495.29137478682,204492.37980145015
2017-10-24,36.65975570678711,14.25,4.908558368682861,34.095890045166016,0.07897315971767734,0.9469708044832401,1.0,31.440343589782714,True,1.0,0.0,0.0026691002261549635,0.0026691002261549635,2.0503819045862515,1.6994769129532747,169947.69129532747,205038.19045862515
2017-10-25,36.49873733520508,12.329999923706055,4.784533977508545,33.96387481689453,0.08482881394746528,0.9661614575592942,1.0,31.518569526672362,True,1.0,0.0,-0.0038718809832095635,-0.0038718809832095635,2.0424430698815668,1.6928967406126072,169289.6740612607,204244.30698815666
2017-10-26,36.732086181640625,12.010000228881836,4.834687232971191,33.996864318847656,0.03361233180908117,0.9377252364315948,1.0,31.59877544403076,True,1.0,0.0,0.0009713114929017497,0.0009713114929017497,2.04442691830894,1.6945410706730601,169454.107067306,204442.691830894
2017-10-27,38.0482063293457,11.84000015258789,4.987124919891357,34.78078842163086,0.031285158688953,1.0008602932721198,1.0,31.70373664855957,True,1.0,0.0,0.023058717869712586,0.023058717869712586,2.091568781823472,1.7336150151403509,173361.5015140351,209156.8781823472
2017-10-30,38.90460968017578,10.890000343322754,5.036041259765625,34.76427459716797,0.05366497094783444,0.980515160104625,1.0,31.8072123336792,True,1.0,0.0,-0.0004747973008173423,-0.0004747973008173423,2.0905757106113882,1.7327918994105058,173279.18994105057,209057.57106113882
2017-10-31,39.445987701416016,10.989999771118164,5.109416484832764,34.92931365966797,0.05599599292759287,0.9763504380856881,1.0,31.912008514404295,True,1.0,0.0,0.0047473754137659085,0.0047473754137659085,2.100500458340561,1.74101811307094,174101.811307094,210050.0458340561
2017-11-01,38.94427490234375,10.800000190734863,5.119052886962891,34.73952102661133,0.05513747375855832,0.9798245323788879,1.0,32.00409717559815,True,1.0,0.0,-0.00543362045146023,-0.00543362045146023,2.08908713609182,1.731558081445395,173155.8081445395,208908.713609182
2017-11-02,39.22896957397461,10.850000381469727,5.087924003601074,34.78078842163086,0.047918098042713644,0.981331673941775,1.0,32.09602077484131,True,1.0,0.0,0.0011879091536097786,0.0011879091536097786,2.0915687818234723,1.733615015140351,173361.5015140351,209156.87818234722
2017-11-03,40.253387451171875,11.119999885559082,5.155863285064697,34.81378936767578,0.044913241692404036,0.9808401952188823,1.0,32.18447856903076,True,1.0,0.0,0.0009488268536315125,0.0009488268536315125,2.093553318449884,1.735259915620575,173525.9915620575,209355.33184498837
2017-11-06,40.66175842285156,11.930000305175781,5.179088115692139,35.011837005615234,0.08192207903162596,0.9816426575688065,1.0,32.27656723022461,True,1.0,0.0,0.005688769925268122,0.005688769925268122,2.105463061604827,1.7451314100410806,174513.14100410807,210546.3061604827
2017-11-07,40.79243850708008,12.050000190734863,5.238381385803223,35.07783889770508,0.09563061855968687,0.9866845144146675,1.0,32.371296348571775,True,1.0,0.0,0.0018851307938871908,0.0018851307938871908,2.1094321348576504,1.748421211001529,174842.1211001529,210943.21348576504
2017-11-08,41.12614059448242,11.710000038146973,5.16747522354126,35.011837005615234,0.0845322721949475,0.6751809511574761,1.0,32.46289001464844,True,1.0,0.0,-0.0018815837623954446,-0.0018815837623954446,2.105463061604827,1.7451314100410806,174513.14100410807,210546.3061604827
2017-11-09,41.04212951660156,11.119999885559082,5.072605133056641,34.35995864868164,0.0734848912812019,0.8329504856948299,1.0,32.540621032714846,True,1.0,0.0,-0.018618799031568822,-0.018618799031568822,2.066261867992415,1.7126391590338474,171263.91590338474,206626.18679924152
2017-11-10,40.90629577636719,11.260000228881836,5.339923858642578,34.425960540771484,0.06124037393229867,0.8168679112677276,1.0,32.61901203155517,True,1.0,0.0,0.0019208955623226664,0.0019208955623226664,2.070230941245238,1.7159289599942955,171592.89599942954,207023.09412452384
2017-11-13,40.742366790771484,11.09000015258789,5.253204345703125,34.665252685546875,0.07587535287379164,0.8331313369086081,1.0,32.698062858581544,True,1.0,0.0,0.0069509213691216765,0.0069509213691216765,2.0846209537337566,1.7278562472702146,172785.62472702147,208462.09537337566
2017-11-14,40.126434326171875,11.119999885559082,5.291499614715576,34.54148864746094,0.0552297527579492,0.8254222345081379,1.0,32.780744552612305,True,1.0,0.0,-0.0035702621068023355,-0.0035702621068023355,2.077178310535595,1.721687347584584,172168.7347584584,207717.8310535595
2017-11-15,39.59716033935547,11.069999694824219,5.187734127044678,34.277427673339844,0.05065236852135105,0.8427048828499898,1.0,32.85121364593506,True,1.0,0.0,-0.007644747938230667,-0.007644747938230667,2.0612988059287907,1.7085254817838589,170852.54817838588,206129.88059287905
2017-11-16,40.07023620605469,11.25,5.2280049324035645,34.73952102661133,0.03349882938230389,0.8628773629926723,1.0,32.92646858215332,True,1.0,0.0,0.013480981060632224,0.013480981060632224,2.0890871360918206,1.7315580814453946,173155.80814453945,208908.71360918207
2017-11-17,39.847747802734375,11.380000114440918,5.221827983856201,34.71476745605469,0.0531025707409212,0.8701945292066275,1.0,33.00188877105713,True,1.0,0.0,-0.000712547836732691,-0.000712547836732691,2.087598561572252,1.7303242634802836,173032.42634802836,208759.8561572252
2017-11-20,39.807926177978516,11.34000015258789,5.289026737213135,34.830299377441406,0.053394565220941076,0.8771840277822982,1.0,33.07400848388672,True,1.0,0.0,0.003328033855706236,0.003328033855706236,2.094546160262288,1.7360828412104958,173608.2841210496,209454.61602622882
2017-11-21,40.547977447509766,11.399999618530273,5.337698459625244,35.13560485839844,0.05436419495212941,0.9008276891485221,1.0,33.15190422058105,True,1.0,0.0,0.008765514118858508,0.008765514118858508,2.112905934202668,1.7513004998666344,175130.04998666345,211290.5934202668
2017-11-22,40.97420120239258,11.369999885559082,5.313717842102051,34.99533462524414,0.06190390275244025,0.9070182656184202,1.0,33.23244071960449,True,1.0,0.0,-0.003992253263309542,-0.003992253263309542,2.1044706785917815,1.744308864731006,174430.8864731006,210447.06785917815
2017-11-24,40.976558685302734,11.380000114440918,5.3639044761657715,35.47392654418945,0.08887266617889161,0.9583615355993297,1.0,33.32502433776855,True,1.0,0.0,0.013675877772578282,0.013675877772578282,2.1332511623681776,1.768163819562692,176816.3819562692,213325.11623681776
2017-11-27,40.77046203613281,11.550000190734863,5.294185161590576,33.90611267089844,0.08693812927805544,1.3560395912338619,1.0,33.38179588317871,True,1.0,0.0,-0.04419623159951036,-0.04419623159951036,2.038969499936229,1.6900176418874244,169001.76418874244,203896.9499936229
2017-11-28,40.531578063964844,11.170000076293945,5.209386825561523,33.774078369140625,0.0595451914154564,1.3554343434231568,1.0,33.42899536132813,True,1.0,0.0,-0.0038941149945254105,-0.0038941149945254105,2.0310295182331473,1.683436518847138,168343.65188471382,203102.95182331474
2017-11-29,39.690834045410156,10.829999923706055,4.8560943603515625,32.519813537597656,0.04430414952256906,1.586737407376401,0.5,33.44731384277344,False,1.0,0.0,-0.037136907714674816,-0.037136907714674816,1.9556033624487423,1.6209188922031985,162091.88922031986,195560.33624487423
2017-11-30,40.245880126953125,10.890000343322754,4.962155818939209,32.67660903930664,0.0047486382728214845,1.5879680394765603,0.5,33.47668983459473,False,1.0,0.0,0.0048215375382674175,0.0048215375382674175,1.965032377470751,1.628734213488443,162873.4213488443,196503.2377470751
2017-12-01,40.058509826660156,10.729999542236328,4.887245178222656,32.75912094116211,0.02693646864071817,1.580114770447751,0.5,33.500784416198734,False,1.0,0.0,0.002525106009507061,0.002525106009507061,1.9699942925359784,1.6328469400388124,163284.69400388125,196999.42925359783
2017-12-04,39.765785217285156,10.029999732971191,4.614798069000244,32.50332260131836,0.016306037505029618,1.5630292844869003,0.5,33.5275199508667,False,1.0,0.0,-0.007808461658760146,-0.007808461658760146,1.954611667634735,1.6200969173128954,162009.69173128955,195461.1667634735
2017-12-05,39.72830581665039,9.90999984741211,4.641499042510986,32.34653854370117,-0.02297927961909625,1.5268243648564082,0.5,33.562671966552735,False,-0.5,1.5,-0.0048236317111416405,-0.0048236317111416405,1.9451833408117645,1.612282166447422,161228.2166447422,194518.33408117644
2017-12-06,39.58076095581055,10.0,4.679078578948975,31.917457580566406,-0.04380572456976047,1.5146450332162693,0.5,33.58808712005615,False,-0.5,0.0,-0.013265127659797815,0.005132563829898908,1.9193802354741845,1.6205573075785211,162055.7307578521,191938.02354741844
2017-12-07,39.65336990356445,10.039999961853027,4.746572017669678,32.189754486083984,-0.04536783909275791,1.5229315258441425,0.5,33.61713306427002,False,-0.5,0.0,0.00853128432395489,-0.004265642161977445,1.9357550139887942,1.6136445900014136,161364.45900014136,193575.50139887942
2017-12-08,39.665069580078125,9.9399995803833,4.734210014343262,32.18149948120117,-0.036897761574086085,1.4664113915831014,1.0,33.64931449890137,False,-1.0,0.5,-0.00025644820889769715,0.00012822410444884857,1.935258593082592,1.6138514981338654,161385.14981338655,193525.8593082592
2017-12-11,40.437904357910156,10.15999984741211,4.8125834465026855,32.486820220947266,-0.027399868666959523,1.4683643928214898,1.0,33.67935066223144,False,-1.0,0.0,0.009487461574761102,-0.009987461574761103,1.9536192846216893,1.5977332183088828,159773.32183088828,195361.92846216893
2017-12-12,40.21073913574219,9.899999618530273,4.718141555786133,32.42906188964844,-0.024699423524573605,1.4319443166053016,1.0,33.69865951538086,False,-1.0,0.0,-0.0017779004194933279,0.0017779004194933279,1.9501459440760303,1.6005738288679525,160057.38288679524,195014.59440760303
2017-12-13,40.3442268371582,10.109999656677246,4.602930068969727,32.420806884765625,-0.03445022987091673,1.4144823103850779,1.0,33.712687225341796,False,-1.0,0.0,-0.0002545557719462188,0.0002545557719462188,1.949649523169828,1.600981264174517,160098.12641745168,194964.95231698282
2017-12-14,40.332515716552734,10.130000114440918,4.610100269317627,32.51158142089844,-0.03004431392709497,1.3979722841093922,1.0,33.731336250305176,False,-1.0,0.0,0.0027998851618793452,-0.0027998851618793452,1.9551083179406163,1.5964987004885078,159649.87004885077,195510.83179406164
2017-12-15,40.742366790771484,10.289999961853027,4.735939979553223,32.594078063964844,-0.01894102128793448,1.3422180588804318,1.0,33.748499374389645,False,-1.0,0.0,0.0025374540228724207,-0.0025374540228724207,1.960069315407126,1.5924476584384426,159244.76584384427,196006.9315407126
2017-12-18,41.316123962402344,10.979999542236328,4.8926849365234375,32.51158142089844,-0.005768039726335737,1.3275551198555104,1.0,33.764012565612795,False,-1.0,0.0,-0.002531031646439197,0.002531031646439197,1.9551083179406161,1.596478193857248,159647.8193857248,195510.8317940616
2017-12-19,40.87583923339844,10.949999809265137,4.848430156707764,32.46206283569336,0.025455051148514297,1.3097729268084355,1.0,33.773419570922854,False,-1.0,0.0,-0.001523106014561515,0.001523106014561515,1.9521304807024416,1.5989097993964283,159890.97993964283,195213.04807024414
2017-12-20,40.83135223388672,10.979999542236328,4.865489959716797,32.544578552246094,0.02319469336212912,1.280076457740574,1.0,33.781175994873045,False,-1.0,0.0,0.0025419122922158977,-0.0025419122922158977,1.9570926251673484,1.594845510923198,159484.5510923198,195709.26251673483
2017-12-21,40.98592758178711,10.890000343322754,4.842992305755615,32.37129211425781,0.011115159232595005,1.2704950906743253,1.0,33.762692260742185,False,-1.0,0.0,-0.005324586941880094,0.005324586941880094,1.9466719153313325,1.6033374045049757,160333.74045049757,194667.19153313324
2017-12-22,40.98592758178711,10.539999961853027,4.827662944793701,32.701358795166016,0.003369444856883029,1.2426336969859095,1.0,33.7493244934082,False,-1.0,0.0,0.010196277607430693,-0.010196277607430693,1.9665207225906396,1.5869893312302656,158698.93312302657,196652.07225906395
2017-12-26,39.94610595703125,10.460000038146973,4.881312370300293,32.140262603759766,-0.0033613853301551096,0.9562265662170879,1.0,33.71846351623535,False,-1.0,0.0,-0.017158191955289448,0.017158191955289448,1.9327787825483749,1.6142191988065109,161421.91988065108,193277.87825483747
2017-12-27,39.95313262939453,10.529999732971191,4.874637126922607,32.247528076171875,-0.01745885908371765,0.9618876689380895,1.0,33.688592681884764,False,-1.0,0.0,0.0033374174235765164,-0.0033374174235765164,1.9392292721331708,1.6088318755269424,160883.18755269423,193922.92721331707
2017-12-28,40.06553268432617,10.550000190734863,4.8803229331970215,32.79214096069336,-0.00718242488294844,0.7134222298728187,1.0,33.66367279052734,False,-1.0,0.0,0.01688851570995009,-0.01688851570995009,1.9719799761607868,1.581661093122437,158166.1093122437,197197.99761607868
2017-12-29,39.632286071777344,10.279999732971191,4.783902645111084,32.717864990234375,0.015333770474465887,0.7108944551066904,1.0,33.63314155578613,False,-1.0,0.0,-0.0022650540124237173,0.0022650540124237173,1.9675133350033647,1.5852436409277086,158524.36409277088,196751.33350033648
2018-01-02,40.341880798339844,10.979999542236328,4.928532600402832,33.84834671020508,-0.00923698749447475,0.990282089170075,1.0,33.632316513061525,True,-1.0,0.0,0.03455242939318115,-0.03455242939318115,2.035495700591211,1.5304696219535645,153046.96219535646,203549.5700591211
2018-01-03,40.33485794067383,11.550000190734863,5.2528977394104,34.41769790649414,0.02396490307620765,1.0103180917648042,1.0,33.64205314636231,True,1.0,2.0,0.01682065009448186,-0.01682065009448186,2.0697340615396778,1.5047261279624498,150472.61279624497,206973.40615396778
2018-01-04,40.52222442626953,12.119999885559082,5.280588626861572,34.236175537109375,0.07366753847239142,1.0089497714059876,1.0,33.64667411804199,True,1.0,0.0,-0.005274099676216726,-0.007274099676216726,2.0588180777958565,1.4937806001222433,149378.06001222433,205881.80777958565
2018-01-05,40.98359298706055,11.880000114440918,5.325338363647461,35.03657913208008,0.0856464807295021,1.0244083789390699,1.0,33.665487899780274,True,1.0,0.0,0.023378884539925426,0.023378884539925426,2.106950947925357,1.5287035243004818,152870.3524300482,210695.09479253573
2018-01-08,40.83135223388672,12.279999732971191,5.488511085510254,35.02007293701172,0.0865967103075903,1.0265488446316364,1.0,33.686611862182616,True,1.0,0.0,-0.0004711132044636912,-0.0004711132044636912,2.105958335512632,1.5279833318844738,152798.33318844737,210595.8335512632
2018-01-09,40.82666778564453,11.819999694824219,5.487026691436768,34.8055534362793,0.09315856609240326,1.0437139025626492,1.0,33.70278564453125,True,1.0,0.0,-0.00612561547539503,-0.00612561547539503,2.093058044542079,1.5186234935405365,151862.34935405364,209305.8044542079
2018-01-10,40.81729507446289,11.960000038146973,5.530043601989746,34.07938766479492,0.08653770011478477,1.1444604736994852,1.0,33.68875762939453,True,1.0,0.0,-0.02086350308475371,-0.02086350308475371,2.049389521573207,1.486939687598474,148693.9687598474,204938.9521573207
2018-01-11,41.04915237426758,12.140000343322754,5.539934158325195,33.85659408569336,0.07369096449914692,1.1532023098036608,1.0,33.67060401916504,True,1.0,0.0,-0.00653748774165086,-0.00653748774165086,2.0359916626980543,1.4772188376182247,147721.88376182248,203599.16626980543
2018-01-12,41.473026275634766,12.020000457763672,5.512738227844238,33.98861312866211,0.0859658082706532,1.1501169275991858,1.0,33.65179000854492,True,1.0,0.0,0.003899359830306537,0.003899359830306537,2.0439307268024183,1.4829790454142053,148297.90454142055,204393.07268024184
2018-01-16,41.26225280761719,11.90999984741211,5.441783428192139,34.8468017578125,0.08857311303363177,1.2299215271650805,1.0,33.65393562316895,True,1.0,0.0,0.02524929822531341,0.02524929822531341,2.095538543275334,1.5204232255937593,152042.32255937593,209553.8543275334
2018-01-17,41.943763732910156,12.180000305175781,5.55575704574585,35.58945083618164,0.08070839236706498,1.2721601166598233,1.0,33.67010887145996,True,1.0,0.0,0.02131182894575523,0.02131182894575523,2.140198302258855,1.552826225302767,155282.62253027668,214019.8302258855
2018-01-18,41.981231689453125,12.470000267028809,5.548832893371582,36.777687072753906,0.09399710829660894,1.371639228830323,1.0,33.70938682556152,True,1.0,0.0,0.03338731586620214,0.03338731586620214,2.211653778992681,1.6046709249722728,160467.09249722728,221165.37789926812
2018-01-19,41.793880462646484,12.59000015258789,5.6890130043029785,36.86019515991211,0.07752441934553267,1.3526292969039964,1.0,33.74635398864746,True,1.0,0.0,0.0022434278424030563,0.0022434278424030563,2.2166154646582292,1.6082708884032504,160827.08884032504,221661.54646582293
2018-01-22,41.45195770263672,12.649999618530273,5.777520656585693,38.271236419677734,0.0893896979764082,1.464477391336986,1.0,33.810221939086915,True,1.0,0.0,0.03828089497746956,0.03828089497746956,2.3014694884662457,1.6698369373775368,166983.69373775367,230146.94884662455
2018-01-23,41.46132278442383,12.9399995803833,5.906576156616211,38.188716888427734,0.08654891229238483,1.439128648170975,1.0,33.873759536743165,True,1.0,0.0,-0.0021561762558466313,-0.0021561762558466313,2.2965071146016593,1.6662364746220277,166623.64746220276,229650.71146016594
2018-01-24,40.8009147644043,12.710000038146973,5.82968807220459,37.40481948852539,0.10959267412716955,1.519055644985931,0.5,33.93465675354004,True,0.5,0.5,-0.020526937372433385,-0.020526937372433385,2.2493668568848832,1.632033742859797,163203.37428597972,224936.68568848833
2018-01-25,40.07257080078125,12.40999984741211,5.843284606933594,37.21501541137695,0.09760839579724687,1.449635095922501,1.0,33.99043785095215,True,1.0,0.5,-0.0050743214308697215,-0.0030371607154348608,2.2379528464371043,1.6270769940897192,162707.6994089719,223795.28464371045
2018-01-26,40.16624069213867,12.949999809265137,6.015850067138672,37.72663879394531,0.08344148878476522,1.4362102384131814,1.0,34.05166557312012,True,1.0,0.0,0.013747767585552406,0.013247767585552406,2.2687197020373473,1.6486321319512192,164863.2131951219,226871.97020373473
2018-01-29,39.334869384765625,13.319999694824219,6.102876663208008,37.46257781982422,0.10244507519647479,1.4349216102143125,1.0,34.110087356567384,True,1.0,0.0,-0.006999324152976771,-0.006999324152976771,2.252840197430543,1.6370928212506795,163709.28212506796,225284.0197430543
2018-01-30,39.10301971435547,12.869999885559082,6.00076961517334,37.033485412597656,0.09542899673359503,1.4478845897458261,1.0,34.16520851135254,True,1.0,0.0,-0.011453894317958513,-0.011453894317958513,2.2270364038939245,1.6183417330873857,161834.17330873857,222703.64038939244
2018-01-31,39.21073913574219,13.739999771118164,6.076916217803955,37.38832092285156,0.09503219200895867,1.3378863820458302,1.0,34.21818450927734,True,1.0,0.0,0.009581477581724007,0.009581477581724007,2.2483747032715176,1.633847838122531,163384.7838122531,224837.47032715176
2018-02-01,39.29270935058594,13.25,5.945884704589844,37.50383758544922,0.09058082036719582,1.3084848285630686,1.0,34.27396591186523,True,1.0,0.0,0.0030896456365616665,0.0030896456365616665,2.255321384362836,1.638895848966392,163889.5848966392,225532.13843628363
2018-02-02,37.58778762817383,12.449999809265137,5.773319244384766,36.72818374633789,0.04936270046511661,1.3579344777403846,1.0,34.311923599243165,True,1.0,0.0,-0.020681985872620823,-0.020681985872620823,2.208676859353224,1.6050002281713722,160500.02281713721,220867.68593532243
2018-02-05,36.6486930847168,11.569999694824219,5.283308982849121,35.4409294128418,-0.011702274006004761,1.4462257241173428,1.0,34.31803009033203,True,1.0,0.0,-0.0350481347617535,-0.0350481347617535,2.1312668551414458,1.548747963881777,154874.7963881777,213126.68551414457
2018-02-06,38.1802978515625,11.649999618530273,5.5770182609558105,35.96902084350586,-0.06597938317356387,1.4430820978608605,1.0,34.337503814697264,True,1.0,0.0,0.01490060896858747,0.01490060896858747,2.1630240291576195,1.5718252516824753,157182.52516824752,216302.40291576195
2018-02-07,37.36295700073242,11.600000381469727,5.656626224517822,34.5579833984375,-0.036806341806583195,1.569724174001974,0.5,34.319184951782226,True,1.0,0.0,-0.039229242608730064,-0.039229242608730064,2.0781702347492823,1.5101637375456953,151016.37375456953,207817.02347492822
2018-02-08,36.334869384765625,11.220000267028809,5.37775182723999,33.30373764038086,-0.03565015891288554,1.6191115516844157,0.5,34.307137451171876,False,-0.5,1.5,-0.03629395105599098,-0.03629395105599098,2.0027452259632748,1.4553539287686794,145535.39287686793,200274.52259632747
2018-02-09,36.77928924560547,11.3100004196167,5.737717151641846,34.21967315673828,-0.07543484250291524,1.649950501543953,0.5,34.316049346923826,False,-0.5,0.0,0.02750248414300649,-0.015251242071503244,2.0578256947828115,1.4331579737013151,143315.7973701315,205782.56947828116
2018-02-12,38.26071548461914,11.680000305175781,5.637588977813721,35.09435272216797,-0.053389250506221175,1.6654335855542417,0.5,34.36754013061523,True,-0.5,0.0,0.025560722378128675,-0.012780361189064338,2.110425206069735,1.4148416971564248,141484.1697156425,211042.52060697347
2018-02-13,38.644004821777344,11.779999732971191,5.751314640045166,34.9705696105957,-0.03118766080862265,1.5932194602752319,0.5,34.41341934204102,True,-0.5,0.0,-0.0035271518626436293,0.0017635759313218147,2.102981415873176,1.4173368779201603,141733.68779201602,210298.1415873176
2018-02-14,39.35650634765625,12.199999809265137,5.968629837036133,35.52342987060547,-0.0097966763945572,1.5511496249327636,0.5,34.46870552062988,True,-0.5,0.0,0.015809300968385065,-0.007904650484192532,2.136228082007636,1.4061333252818446,140613.33252818446,213622.80820076357
2018-02-15,40.67802429199219,12.1899995803833,6.094223499298096,35.91127014160156,0.000122686502775032,1.4476771206763364,1.0,34.53686447143555,True,-0.5,0.0,0.010917872300304499,-0.005458936150152249,2.1595511474113196,1.39845733324053,139845.733324053,215955.11474113195
2018-02-16,40.54633712768555,11.819999694824219,6.0284600257873535,35.87825393676758,0.020854241224343623,1.4254768003867921,1.0,34.607498779296876,True,1.0,1.5,-0.0009193828205963372,0.0004596914102981686,2.1575656931861906,1.399100192064289,139910.0192064289,215756.56931861906
2018-02-20,40.40996170043945,12.020000457763672,6.158008098602295,36.09278869628906,0.0056813300885052275,1.2790107414860412,1.0,34.69100540161133,True,1.0,0.0,0.005979520628277557,0.0044795206282775574,2.170466901755461,1.4053674902356679,140536.74902356678,217046.69017554613
2018-02-21,40.22654342651367,11.720000267028809,5.970855236053467,35.39140701293945,0.008048840075467072,1.2855738701976844,1.0,34.75503845214844,True,1.0,0.0,-0.01943273736068285,-0.01943273736068285,2.128288788503592,1.378057352902676,137805.7352902676,212828.8788503592
2018-02-22,40.56280517578125,11.84000015258789,5.99039888381958,34.978824615478516,-0.015016889870857853,1.2517547702574987,1.0,34.810984954833984,True,1.0,0.0,-0.011657699771871033,-0.011657699771871033,2.103477836779378,1.3619923740141173,136199.23740141172,210347.7836779378
2018-02-23,41.26823806762695,12.069999694824219,6.083910942077637,36.224830627441406,0.002219455938944831,1.353882818769013,1.0,34.885745162963865,True,1.0,0.0,0.03562172330431945,0.03562172330431945,2.1784073422579016,1.4105088895038413,141050.88895038413,217840.73422579016
2018-02-26,42.08420181274414,12.420000076293945,6.099989414215088,36.645668029785156,0.030601260297793434,1.3367911523649394,1.0,34.9700772857666,True,1.0,0.0,0.011617373913267004,0.011617373913267004,2.2037147148883176,1.4268952986811945,142689.52986811945,220371.47148883177
2018-02-27,41.94781494140625,12.529999732971191,6.0871262550354,35.993778228759766,0.04120932220389763,1.3448888068814069,1.0,35.04153671264648,True,1.0,0.0,-0.017789000339563765,-0.017789000339563765,2.1645128330768677,1.4015122577284327,140151.22577284326,216451.28330768677
2018-02-28,41.88431930541992,12.109999656677246,5.986688137054443,35.77097702026367,0.055117582267360396,1.3298812015113781,1.0,35.10672462463379,True,1.0,0.0,-0.00618999225588579,-0.00618999225588579,2.1511145154023565,1.3928369077065648,139283.69077065648,215111.45154023566
2018-03-01,41.15066909790039,11.899999618530273,5.744499683380127,35.25112533569336,0.048350819807552,1.3219874268524596,1.0,35.15986557006836,True,1.0,0.0,-0.014532778466627483,-0.014532778466627483,2.1198528446936673,1.3725951174867228,137259.5117486723,211985.28446936674
2018-03-02,41.43519973754883,11.8100004196167,5.851615905761719,35.49042510986328,0.01624253668239302,1.3169490655053036,1.0,35.219442443847655,True,1.0,0.0,0.0067884293590940725,0.0067884293590940725,2.134243315981545,1.3819128824804188,138191.28824804188,213424.3315981545
2018-03-05,41.578636169433594,11.90999984741211,5.829599380493164,35.88650894165039,0.04124603305496219,1.2938636181785748,1.0,35.2879313659668,True,1.0,0.0,0.011160301139279127,0.011160301139279127,2.1580621140923926,1.3973354463971495,139733.54463971494,215806.21140923924
2018-03-06,41.543365478515625,11.760000228881836,5.990645408630371,35.927772521972656,0.07613384576786514,1.193989998470382,1.0,35.35559524536133,True,1.0,0.0,0.0011498354545815825,0.0011498354545815825,2.1605435304243654,1.3989421522353604,139894.21522353604,216054.35304243653
2018-03-07,41.1577262878418,12.239999771118164,5.982730388641357,36.472373962402344,0.11669728014239869,1.1887970977869207,1.0,35.43761688232422,True,1.0,0.0,0.01515823003211847,0.01515823003211847,2.1932935462529435,1.420147639180571,142014.76391805708,219329.35462529433
2018-03-08,41.60686492919922,11.970000267028809,5.966403484344482,36.142311096191406,0.08782900033957683,1.0560848358437427,1.0,35.50643592834473,True,1.0,0.0,-0.009049667744446377,-0.009049667744446377,2.1734449683933157,1.407295774897927,140729.5774897927,217344.49683933158
2018-03-09,42.32170867919922,11.699999809265137,6.069066047668457,36.794189453125,0.09752737379454669,0.9241137290843287,1.0,35.59951446533203,True,1.0,0.0,0.01803643256787435,0.01803643256787435,2.2126461620057274,1.432678370244928,143267.8370244928,221264.61620057275
2018-03-12,42.73085021972656,11.520000457763672,6.178657531738281,37.314048767089844,0.12845763358468582,0.8799000707964256,1.0,35.70084487915039,True,1.0,0.0,0.01412884267031167,0.01412884267031167,2.243908291513775,1.452920457535277,145292.0457535277,224390.82915137752
2018-03-13,42.3193473815918,11.640000343322754,6.127943992614746,37.124271392822266,0.1222921080104307,0.8369546269986937,1.0,35.787487487792966,True,1.0,0.0,-0.005085949676813306,-0.005085949676813306,2.232495886863752,1.44553097720384,144553.09772038402,223249.58868637518
2018-03-14,41.959571838378906,11.359999656677246,6.153425216674805,37.25627899169922,0.09737489681371296,0.8327586940486131,1.0,35.87825576782227,True,1.0,0.0,0.003555830025056661,0.003555830025056661,2.2404342627690776,1.4506710396547309,145067.1039654731,224043.42627690776
2018-03-15,42.00895309448242,11.460000038146973,6.168266296386719,37.38832092285156,0.07920477058630133,0.8146617227837454,1.0,35.9490552520752,True,1.0,0.0,0.003544152414731494,0.003544152414731494,2.248374703271518,1.4558124389229041,145581.24389229043,224837.4703271518
2018-03-16,41.86082458496094,11.470000267028809,6.196469783782959,37.10776138305664,0.058050605424630974,0.8172075668791781,1.0,36.00285652160645,True,1.0,0.0,-0.007503935262935135,-0.007503935262935135,2.2315030450513476,1.444888116626251,144488.8116626251,223150.30450513476
2018-03-19,41.221214294433594,11.430000305175781,5.961949825286865,36.80244445800781,0.03058814682056646,0.8276837734553149,1.0,36.05418190002442,True,1.0,0.0,-0.008227845433657288,-0.008227845433657288,2.2131425829119293,1.4329998005337221,143299.98005337222,221314.25829119293
2018-03-20,41.207096099853516,11.109999656677246,6.174204349517822,36.99223327636719,0.020904716653860053,0.8270526357037998,1.0,36.09329498291016,True,1.0,0.0,0.005156962292978351,0.005156962292978351,2.224555675760991,1.44038972647092,144038.972647092,222455.56757609907
2018-03-21,40.27356719970703,11.260000228881836,6.148972034454346,36.88496398925781,0.019898079023235652,0.7781321266418135,1.0,36.130592803955075,True,1.0,0.0,-0.0028997786186081287,-0.0028997786186081287,2.2181049567765156,1.4362129151396368,143621.2915139637,221810.49567765158
2018-03-22,39.70452117919922,10.90999984741211,5.982978343963623,36.05153274536133,0.01869262293436113,0.8266626286626836,1.0,36.15551239013672,False,1.0,0.0,-0.02259541975259105,-0.02259541975259105,2.1679859442228473,1.4037610814679642,140376.1081467964,216798.59442228472
2018-03-23,38.785099029541016,10.630000114440918,5.763299942016602,35.13560485839844,-0.005162770787464882,0.7524132486175176,1.0,36.17663673400879,False,1.0,0.0,-0.02540607339588752,-0.02540607339588752,2.112905934202669,1.3680970244018986,136809.70244018987,211290.5934202669
2018-03-26,40.62629699707031,10.4399995803833,6.04803991317749,36.53013610839844,-0.039726164558643556,0.9137929989125342,1.0,36.23010757446289,True,1.0,0.0,0.03968997419057274,0.03968997419057274,2.196767116198281,1.4223967599906093,142239.67599906094,219676.7116198281
2018-03-27,39.5845947265625,10.0,5.579000473022461,35.72148132324219,-0.01667829080108968,0.9239859821315157,1.0,36.26476493835449,False,-1.0,2.0,-0.02213664856754627,-0.02213664856754627,2.1481380545622577,1.3909096627910809,139090.96627910808,214813.80545622576
2018-03-28,39.14720153808594,9.8100004196167,5.475839614868164,35.22637176513672,-0.05804851449345394,0.9310063000018353,1.0,36.27235633850098,False,-1.0,0.0,-0.013860275099603081,0.011860275099603081,2.118364270174099,1.4074062340304792,140740.6234030479,211836.42701740988
2018-03-29,39.452919006347656,10.050000190734863,5.729161739349365,36.10930633544922,-0.059928869878728704,0.9626317761925716,1.0,36.282753448486325,False,-1.0,0.0,0.025064590137163556,-0.025064590137163556,2.171460202367224,1.3721301736180163,137213.0173618016,217146.0202367224
2018-04-02,39.194244384765625,9.529999732971191,5.468418598175049,35.06959533691406,-0.03443522144557384,1.028463806191729,1.0,36.248591613769534,False,-1.0,0.0,-0.028793435932455202,0.028793435932455202,2.108936402150487,1.4116385158630753,141163.85158630754,210893.6402150487
2018-04-03,39.59634780883789,9.550000190734863,5.574793815612793,35.87825393676758,-0.07008727850126666,1.0556483288368999,1.0,36.22895278930664,False,-1.0,0.0,0.0230586806629709,-0.0230586806629709,2.1575656931861897,1.3790879941142384,137908.79941142385,215756.56931861897
2018-04-04,40.353519439697266,9.770000457763672,5.596810340881348,36.257835388183594,-0.06467292546025333,1.0569659288787336,1.0,36.18868476867676,True,-1.0,0.0,0.010579708033869206,-0.010579708033869206,2.1803921082839923,1.3644976457834954,136449.76457834954,218039.21082839923
2018-04-05,40.63335418701172,10.020000457763672,5.476583480834961,35.7462272644043,-0.054048940643113455,1.0470438654471925,1.0,36.13983497619629,False,-1.0,0.0,-0.014110277635217883,0.014110277635217883,2.1496261702824673,1.383751086398102,138375.1086398102,214962.61702824672
2018-04-06,39.59400177001953,9.609999656677246,5.300197124481201,35.00357437133789,-0.054902516494085445,1.0654319481128096,1.0,36.09181007385254,False,-1.0,0.0,-0.020775699980118745,0.020775699980118745,2.104966181899267,1.4124994838162723,141249.94838162724,210496.6181899267
2018-04-09,39.9866828918457,9.529999732971191,5.328895092010498,35.539939880371094,-0.08256339444735729,1.0518797005716998,1.0,36.05830856323242,False,-1.0,0.0,0.015323163953004704,-0.015323163953004704,2.1372209238200397,1.390855522642221,139085.5522642221,213722.09238200396
2018-04-10,40.73917007446289,9.979999542236328,5.638124465942383,35.960777282714844,-0.0848615398642184,1.0411151996948822,1.0,36.02299133300781,False,-1.0,0.0,0.011841252510845779,-0.011841252510845779,2.1625282964504557,1.3743860511925101,137438.605119251,216252.82964504557
2018-04-11,40.54869079589844,9.819999694824219,5.596810340881348,35.795738220214844,-0.06123032706221466,1.0353878898510727,1.0,35.989654541015625,False,-1.0,0.0,-0.004589418665856493,0.004589418665856493,2.152603548721283,1.3806936841899458,138069.36841899456,215260.35487212832
2018-04-12,40.94844436645508,10.079999923706055,5.803624153137207,36.18356704711914,-0.06519406583186083,1.0404098973511626,1.0,35.972656173706056,True,-1.0,0.0,0.010834497238704222,-0.010834497238704222,2.1759259259259287,1.3657345622810935,136573.45622810934,217592.59259259288
2018-04-13,41.08718490600586,9.930000305175781,5.726934432983398,35.1933708190918,-0.0394120462734699,1.0808404337179156,1.0,35.928757171630856,False,-1.0,0.0,-0.027365909688723766,0.027365909688723766,2.1163797335476873,1.4031091309712465,140310.91309712463,211637.97335476874
2018-04-16,41.343502044677734,10.09000015258789,5.726686477661133,35.37490463256836,-0.05033195798978614,1.0793789057406522,1.0,35.886178512573245,False,-1.0,0.0,0.005158182045411852,-0.005158182045411852,2.1272964054905463,1.3958716386441172,139587.16386441173,212729.64054905463
2018-04-17,41.91254425048828,10.520000457763672,5.876354217529297,34.912803649902344,-0.04484057519885327,1.081082717545535,1.0,35.84987091064453,False,-1.0,0.0,-0.013062960521470268,0.013062960521470268,2.099507616528158,1.4141058547527654,141410.58547527654,209950.7616528158
2018-04-18,41.81848907470703,10.359999656677246,5.847411155700684,34.59099578857422,-0.012818895772882007,1.0768781601432422,1.0,35.83287223815918,False,-1.0,0.0,-0.009217474040616791,0.009217474040616791,2.0801554595747325,1.4271403387596333,142714.03387596333,208015.54595747325
2018-04-19,40.63335418701172,10.109999656677246,5.666078567504883,32.61884689331055,-0.019897769457547235,1.2522118495278447,1.0,35.765868759155275,False,-1.0,0.0,-0.057013359988760226,0.057013359988760226,1.9615588075254133,1.5085064046478174,150850.64046478173,196155.88075254133
2018-04-20,38.96851348876953,9.989999771118164,5.657913684844971,32.140262603759766,-0.0420448483737494,1.2343421644923578,1.0,35.71751434326172,False,-1.0,0.0,-0.014672017411165084,0.014672017411165084,1.9327787825483762,1.530639236881664,153063.9236881664,193277.87825483762
2018-04-23,38.855648040771484,10.039999961853027,5.53842830657959,31.975210189819336,-0.04973947891764814,1.2031192727569948,1.0,35.69094379425049,False,-1.0,0.0,-0.005135378511845867,0.005135378511845867,1.9228532319203258,1.5384996487281344,153849.96487281343,192285.32319203258
2018-04-24,38.314815521240234,10.09000015258789,5.472130298614502,31.975210189819336,-0.033054792065884867,1.0680474359491066,1.0,35.64605453491211,False,-1.0,0.0,0.0,-0.0,1.9228532319203258,1.5384996487281344,153849.96487281343,192285.32319203258
2018-04-25,38.48175048828125,9.710000038146973,5.359817981719971,31.496612548828125,-0.07015216577057945,1.0537629426741297,1.0,35.574099731445315,False,-1.0,0.0,-0.01496777153770179,0.01496777153770179,1.8940724040444108,1.5615275599811314,156152.75599811313,189407.24040444108
2018-04-26,38.615787506103516,11.039999961853027,5.571577548980713,31.496612548828125,-0.049508334911087915,1.049945338623973,1.0,35.50462059020996,False,-1.0,0.0,0.0,-0.0,1.8940724040444108,1.5615275599811314,156152.75599811313,189407.24040444108
2018-04-27,38.16902542114258,11.109999656677246,5.599038600921631,31.496612548828125,-0.0011922959840574392,0.9805354084693035,1.0,35.424084243774416,False,-1.0,0.0,0.0,-0.0,1.8940724040444108,1.5615275599811314,156152.75599811313,189407.24040444108
2018-04-30,38.86034393310547,10.880000114440918,5.563662528991699,31.727659225463867,-0.02389674177654523,0.9518525619272038,1.0,35.34041202545166,False,-1.0,0.0,0.007335603988446682,-0.007335603988446682,1.9079665691259258,1.5500728121840643,155007.28121840642,190796.6569125926
2018-05-01,39.7633056640625,11.130000114440918,5.61907434463501,32.123741149902344,0.0016575452955932928,0.9137033173377819,1.0,35.265321769714355,False,-1.0,0.0,0.01248380542742944,-0.01248380542742944,1.931785252536934,1.53072200479841,153072.200479841,193178.5252536934
2018-05-02,41.51984786987305,10.970000267028809,5.598543643951416,31.150053024291992,0.026933444880597637,0.937475616002681,1.0,35.16646705627441,False,-1.0,0.0,-0.03031054574455483,0.03031054574455483,1.8732317872712567,1.5771190241470492,157711.9024147049,187323.17872712566
2018-05-03,41.595096588134766,10.930000305175781,5.763795375823975,31.438852310180664,0.05196640559961686,0.9546559906212263,1.0,35.08741596221924,False,-1.0,0.0,0.009271229351149213,-0.009271229351149213,1.8905989487989117,1.5624971919601212,156249.71919601213,189059.89487989116
2018-05-04,43.227020263671875,11.279999732971191,5.9139580726623535,31.84319305419922,0.04451733384042968,0.9648170560238379,1.0,35.02470333099365,False,-1.0,0.0,0.012861180173794784,-0.012861180173794784,1.9149142825158014,1.5424016340532736,154240.16340532736,191491.42825158013
2018-05-07,43.539764404296875,11.59000015258789,6.151940822601318,31.727659225463867,0.10771039847069491,0.9362293281528172,1.0,34.9347599029541,False,-1.0,0.0,-0.0036282111702399256,0.0036282111702399256,1.9079665691259255,1.547997792890942,154799.7792890942,190796.65691259256
2018-05-08,43.74903869628906,11.609999656677246,6.194491386413574,32.33003234863281,0.13631414742882383,0.9642084828657873,1.0,34.848447189331054,False,-1.0,0.0,0.018985741081254837,-0.018985741081254837,1.9441907283990405,1.5186079076007608,151860.79076007608,194419.07283990405
2018-05-09,44.05708312988281,11.949999809265137,6.327582359313965,32.470314025878906,0.10741873979294692,0.975892515135132,1.0,34.77797790527344,False,-1.0,0.0,0.0043390515584196265,-0.0043390515584196265,1.9526266722089654,1.5120185895926574,151201.85895926575,195262.66722089655
2018-05-10,44.6872673034668,12.130000114440918,6.43519401550293,32.81688690185547,0.12134810153029649,0.9799352937632597,1.0,34.718896102905276,False,-1.0,0.0,0.010673530157433664,-0.010673530157433664,1.973468091880997,1.49588001357804,149588.001357804,197346.8091880997
2018-05-11,44.5173225402832,11.949999809265137,6.296660423278809,32.93240737915039,0.11875477606792789,0.9448184492292375,1.0,34.67252174377441,False,-1.0,0.0,0.0035201534393072276,-0.0035201534393072276,1.980415002371995,1.4906142864034522,149061.42864034523,198041.5002371995
2018-05-14,44.413448333740234,12.229999542236328,6.317192077636719,32.965415954589844,0.1022811610716675,0.9442145142871713,1.0,34.62202156066895,False,-1.0,0.0,0.001002312860381771,-0.001002312860381771,1.9823999977977655,1.4891202245343211,148912.02245343212,198239.99977977655
2018-05-15,44.00980758666992,12.449999809265137,6.074756622314453,32.42906188964844,0.09367786719484508,0.9539441998731206,1.0,34.55287261962891,False,-1.0,0.0,-0.016270204679966427,0.016270204679966427,1.950145944076031,1.513348515380572,151334.85153805718,195014.5944076031
2018-05-16,44.42054748535156,12.819999694824219,6.085887908935547,32.8333854675293,0.06821001789901043,0.9723081424309908,1.0,34.49098487854004,False,-1.0,0.0,0.01246793938278934,-0.01246793938278934,1.9744602454943634,1.4944801778257728,149448.01778257728,197446.02454943635
2018-05-17,44.13964080810547,12.819999694824219,6.127943992614746,32.14850616455078,0.08314584578992819,0.7211118567109662,1.0,34.40450752258301,False,-1.0,0.0,-0.020859234989819453,0.020859234989819453,1.93327451525554,1.5256538910426676,152565.38910426677,193327.451525554
2018-05-18,43.97911071777344,13.0,6.0841593742370605,31.702899932861328,0.10762870067326905,0.7231288829335107,1.0,34.315719299316406,False,-1.0,0.0,-0.013860868975019702,0.013860868975019702,1.9064776505068382,1.546800779727639,154680.07797276392,190647.7650506838
2018-05-21,44.29070281982422,12.989999771118164,6.0421013832092285,32.56934356689453,0.12510527255821902,0.8046460088595695,1.0,34.2312223815918,False,-1.0,0.0,0.027330106579149138,-0.027330106579149138,1.9585818878859558,1.5045265495609716,150452.65495609716,195858.18878859558
2018-05-22,44.17974853515625,12.979999542236328,6.004004001617432,32.70961380004883,0.12650202989232145,0.8109489713943637,1.0,34.13913368225098,False,-1.0,0.0,0.004306817939581542,-0.004306817939581542,1.9670171434968424,1.4980468276267458,149804.68276267458,196701.71434968425
2018-05-23,44.4630241394043,13.100000381469727,6.127525806427002,32.717864990234375,0.12541233829043716,0.7879476656827766,1.0,34.05100555419922,False,-1.0,0.0,0.000252255811884039,-0.000252255811884039,1.9675133350033651,1.4976689366080025,149766.89366080024,196751.3335003365
2018-05-24,44.413448333740234,13.40999984741211,6.1312384605407715,32.404296875,0.14581269910169548,0.8072434120299883,1.0,33.95396591186523,False,-1.0,0.0,-0.009584002969874938,0.009584002969874938,1.9486566813574244,1.5120226001443429,151202.2600144343,194865.66813574245
2018-05-25,44.51496887207031,13.539999961853027,6.170598030090332,32.42906188964844,0.12348602107459805,0.812957695384707,1.0,33.854780731201174,False,-1.0,0.0,0.0007642509493097638,-0.0007642509493097638,1.9501459440760307,1.5108670354368048,151086.7035436805,195014.59440760306
2018-05-29,44.35443878173828,13.359999656677246,6.153517246246338,31.488367080688477,0.1397244041961304,0.9041147108934914,1.0,33.74239284515381,False,-1.0,0.0,-0.029007771244231928,0.029007771244231928,1.8935765566374065,1.5546939207812067,155469.39207812067,189357.65566374065
2018-05-30,44.2600212097168,13.819999694824219,6.262434482574463,31.63689422607422,0.12775822743300194,0.8955186716878217,1.0,33.63908184051514,False,-1.0,0.0,0.004716889415228964,-0.004716889415228964,1.9025083478543352,1.547360601482353,154736.06014823532,190250.83478543352
2018-05-31,44.11130142211914,13.729999542236328,6.242629051208496,31.933950424194336,0.12200635610538257,0.8094949854639762,1.0,33.53791618347168,False,-1.0,0.0,0.009389549934876174,-0.009389549934876174,1.9203720449880322,1.5328315818474745,153283.15818474744,192037.2044988032
2018-06-01,44.90678787231445,14.399999618530273,6.377041816711426,32.34653854370117,0.10083938315673754,0.8222903585902234,1.0,33.44714767456055,False,-1.0,0.0,0.012920046346481584,-0.012920046346481584,1.9451833408117651,1.5130273267686545,151302.73267686545,194518.33408117652
2018-06-04,45.282127380371094,14.850000381469727,6.556011199951172,32.9819221496582,0.12223305312270025,0.8471094017963674,1.0,33.385755462646486,False,-1.0,0.0,0.019643016983057038,-0.019643016983057038,1.9833926102104902,1.4833069052931085,148330.69052931084,198339.26102104902
2018-06-05,45.63148498535156,14.850000381469727,6.56145715713501,32.62709426879883,0.11523538059518809,0.8617863263165375,1.0,33.33558525085449,False,-1.0,0.0,-0.010758253544148055,0.010758253544148055,1.9620547696322561,1.499264697064037,149926.4697064037,196205.4769632256
2018-06-06,45.789642333984375,15.670000076293945,6.563437461853027,32.64360046386719,0.10230725923286607,0.8270270512902266,1.0,33.257854537963865,False,-1.0,0.0,0.0005059045384909755,-0.0005059045384909755,1.963047382044981,1.498506212249393,149850.6212249393,196304.7382044981
2018-06-07,45.666900634765625,14.890000343322754,6.507742404937744,32.610595703125,0.11235836563327042,0.8257255390475896,1.0,33.19563682556152,False,-1.0,0.0,-0.001011063739084772,0.001011063739084772,1.96106261601889,1.5000212975433918,150002.12975433917,196106.261601889
2018-06-08,45.25144577026367,15.25,6.49239444732666,32.123741149902344,0.08596166285290258,0.8360170584858798,1.0,33.13358421325684,False,-1.0,0.0,-0.014929336392833892,0.014929336392833892,1.9317852525369332,1.5224156200908323,152241.56200908322,193178.5252536933
2018-06-11,45.1405029296875,15.729999542236328,6.451303482055664,31.983461380004883,0.07761047581862712,0.83442656682103,1.0,33.05106731414795,False,-1.0,0.0,-0.004366856563899568,0.004366856563899568,1.923349423426848,1.5290637907344091,152906.3790734409,192334.9423426848
2018-06-12,45.38835144042969,15.850000381469727,6.49982213973999,32.34653854370117,0.08904020421980258,0.8506295905275665,1.0,32.99660617828369,False,-1.0,0.0,0.011352028455659191,-0.011352028455659191,1.9451833408117654,1.511705815071474,151170.5815071474,194518.33408117652
2018-06-13,45.01540756225586,16.31999969482422,6.495365142822266,32.22277069091797,0.09265232949836172,0.8243312712416946,1.0,32.9234965133667,False,-1.0,0.0,-0.003826309038167719,0.003826309038167719,1.937740468213924,1.5174900686947324,151749.00686947323,193774.0468213924
2018-06-14,45.038997650146484,16.25,6.607004165649414,31.85144805908203,0.10864412400365361,0.8173670876525876,1.0,32.83536876678467,False,-1.0,0.0,-0.011523609667141277,0.011523609667141277,1.9154107034220031,1.5349770319201337,153497.70319201337,191541.0703422003
2018-06-15,44.57632064819336,16.34000015258789,6.566161155700684,31.92569351196289,0.10283693725873214,0.7716348744299734,1.0,32.75895809173584,False,-1.0,0.0,0.002330991443250552,-0.002330991443250552,1.9198755093819904,1.5313990135931417,153139.90135931416,191987.55093819904
2018-06-18,44.552734375,17.110000610351562,6.561953067779541,31.5626277923584,0.10133618083873303,0.7649076615885566,1.0,32.69013916015625,False,-1.0,0.0,-0.011372210895542412,0.011372210895542412,1.8980422801961114,1.5488144061409488,154881.44061409487,189804.22801961115
2018-06-19,43.832767486572266,16.690000534057617,6.440164089202881,30.993267059326172,0.12067046978940384,0.6968543298442034,1.0,32.59920570373535,False,-1.0,0.0,-0.018039078899827032,0.018039078899827032,1.8638033457484462,1.576753591414514,157675.35914145142,186380.33457484463
2018-06-20,44.02397537231445,16.520000457763672,6.493138313293457,31.6451473236084,0.10802211411256435,0.7618974829664881,1.0,32.51289310455322,False,-1.0,0.0,0.021032963805797555,-0.021032963805797555,1.9030046540606977,1.5435897901956313,154358.97901956312,190300.46540606976
2018-06-21,43.77846908569336,15.649999618530273,6.3644185066223145,31.042776107788086,0.10134179469661025,0.797964644619854,1.0,32.41783386230469,False,-1.0,0.0,-0.019035184436348662,0.019035184436348662,1.8667806094874224,1.5729723065460697,157297.23065460697,186678.06094874223
2018-06-22,43.650997161865234,15.800000190734863,6.211935520172119,31.455358505249023,0.08669509876114492,0.820293576185494,1.0,32.32326969146729,False,-1.0,0.0,0.013290770001637364,-0.013290770001637364,1.891591561211636,1.552066293400821,155206.6293400821,189159.1561211636
2018-06-25,43.001853942871094,15.109999656677246,5.919100284576416,31.228687286376953,0.08320652103845086,0.8256661455962722,1.0,32.24397602081299,False,-1.0,0.0,-0.007206124159552796,0.007206124159552796,1.8779605175623828,1.5632506758149243,156325.06758149242,187796.05175623827
2018-06-26,43.53533172607422,15.5,5.990143299102783,31.185922622680664,0.04144579623207391,0.734283070882001,1.0,32.16019638061523,False,-1.0,0.0,-0.001369403180611628,0.001369403180611628,1.8753888324565697,1.5653913962624784,156539.13962624784,187538.88324565697
2018-06-27,43.47160339355469,14.970000267028809,5.83493709564209,30.37334442138672,0.07095819047787824,0.8116421560080213,1.0,32.06940719604492,False,-1.0,0.0,-0.026055929501440533,0.026055929501440533,1.8265238332502924,1.6061791241256553,160617.91241256552,182652.38332502925
2018-06-28,43.78791809082031,15.3100004196167,5.962170124053955,30.741151809692383,0.04489013406055828,0.8241408234230959,1.0,31.992410316467286,False,-1.0,0.0,0.012109545238181862,-0.012109545238181862,1.8486422062376542,1.5867290253614323,158672.90253614323,184864.22062376543
2018-06-29,43.695858001708984,14.989999771118164,5.864147663116455,31.27146339416504,0.05636826575928262,0.8454892270712461,1.0,31.965462646484376,False,-1.0,0.0,0.017250869055122964,-0.017250869055122964,1.8805328908672336,1.5593565707189594,155935.65707189593,188053.28908672335
2018-07-02,44.18447494506836,15.15999984741211,5.996331691741943,31.254348754882812,0.027397236015675543,0.7931270615174141,1.0,31.947744369506836,False,-1.0,0.0,-0.0005472925608406287,0.0005472925608406287,1.8795036892056458,1.5602099949698116,156020.99949698115,187950.3689205646
2018-07-03,43.414947509765625,15.0,5.862661361694336,31.126056671142578,0.040927387450840895,0.7896583207684661,1.0,31.9307612991333,False,-1.0,0.0,-0.004104775458493304,0.004104775458493304,1.871788748588047,1.5666143066672598,156661.43066672597,187178.8748588047
2018-07-05,43.764305114746094,15.5,6.008460998535156,31.297119140625,0.018622475408940617,0.8012437832031613,1.0,31.917199478149413,False,-1.0,0.0,0.005495796376963291,-0.005495796376963291,1.8820757184109778,1.558004513436579,155800.45134365789,188207.5718410978
2018-07-06,44.37095260620117,16.360000610351562,6.1223273277282715,31.878755569458008,0.015625478163892106,0.8564858913473161,1.0,31.924842338562012,False,-1.0,0.0,0.018584344016443932,-0.018584344016443932,1.9170528610269233,1.5290500215797012,152905.00215797013,191705.28610269233
2018-07-09,44.987064361572266,16.610000610351562,6.169856071472168,32.357757568359375,0.052661678998196765,0.863808983644795,1.0,31.942065238952637,True,1.0,2.0,0.015025743331094299,-0.015025743331094299,1.9458580052688539,1.5060749084150404,150607.49084150404,194585.80052688537
2018-07-10,44.932769775390625,16.549999237060547,6.268869876861572,32.44329071044922,0.05947418735135231,0.8668886473950529,1.0,31.96099880218506,True,1.0,0.0,0.0026433581470886036,0.0006433581470886036,1.9510016048801588,1.507043853977495,150704.38539774952,195100.16048801588
2018-07-11,44.34971618652344,16.270000457763672,6.127278804779053,31.622156143188477,0.06113515142017946,0.9322160840799213,1.0,31.95888874053955,False,1.0,0.0,-0.025309842167036245,-0.025309842167036245,1.9016220621930076,1.4689008118945226,146890.08118945226,190162.20621930074
2018-07-12,45.093284606933594,16.559999465942383,6.218865871429443,31.9129638671875,0.03711493104539863,0.9477001159000596,1.0,31.954673194885252,False,1.0,0.0,0.009196328127728304,0.009196328127728304,1.9191100026518617,1.4824093057477912,148240.9305747791,191911.00026518616
2018-07-13,45.16409683227539,16.270000457763672,6.171586513519287,32.306427001953125,0.04536064132291699,0.9540239320581037,1.0,31.977800674438477,True,1.0,0.0,0.012329257050617493,0.012329257050617493,1.9427712031829678,1.5006863111325832,150068.63111325834,194277.12031829677
2018-07-16,45.06495666503906,16.579999923706055,6.143863201141357,32.32353210449219,0.04034656916615121,0.9626241884164359,1.0,31.995494270324706,True,1.0,0.0,0.0005294643860811465,0.0005294643860811465,1.9437998313453573,1.5014808710890075,150148.08710890074,194379.98313453572
2018-07-17,45.19243621826172,16.8700008392334,6.279760837554932,32.5373649597168,0.05667504876025312,0.9564303951402877,1.0,32.00937770843506,True,1.0,0.0,0.006615392604166992,0.006615392604166992,1.9566588303736203,1.5114137565389079,151141.37565389078,195665.88303736204
2018-07-18,44.94457244873047,16.850000381469727,6.230502128601074,32.853851318359375,0.07107739653326212,0.9210386083262273,1.0,32.03190155029297,True,1.0,0.0,0.009726858921563108,0.009726858921563108,1.9756909747742952,1.5261150649208715,152611.50649208715,197569.09747742952
2018-07-19,45.29393005371094,16.709999084472656,6.2386698722839355,34.051326751708984,0.08034279066824439,1.021095673405362,1.0,32.06632743835449,True,1.0,0.0,0.036448555809967864,0.036448555809967864,2.047702057531606,1.5817397550370726,158173.97550370728,204770.20575316058
2018-07-20,45.190067291259766,16.5,6.210450172424316,34.83824920654297,0.08504363936990321,0.9989344151739026,1.0,32.113686141967776,True,1.0,0.0,0.023109891152610862,0.023109891152610862,2.0950242291941383,1.6182935886077368,161829.35886077367,209502.42291941383
2018-07-23,45.23019027709961,16.65999984741211,6.173814296722412,34.84681701660156,0.09708060571965284,1.000781427775262,1.0,32.1542847442627,True,1.0,0.0,0.00024593113183724036,0.00024593113183724036,2.0955394608740505,1.618691577381628,161869.1577381628,209553.94608740506
2018-07-24,45.558319091796875,16.190000534057617,6.156487941741943,34.547428131103516,0.08669648078258096,1.0093408420832353,1.0,32.18658515930176,True,1.0,0.0,-0.008591570511459201,-0.008591570511459201,2.077535485836406,1.6047844745582485,160478.44745582485,207753.5485836406
2018-07-25,45.9879264831543,16.049999237060547,6.234709739685059,34.97510528564453,0.10627098402702967,1.0129303459181314,1.0,32.22677894592285,True,1.0,0.0,0.012379420920076267,0.012379420920076267,2.1032541720919697,1.6246507770548084,162465.07770548086,210325.41720919698
2018-07-26,45.84394073486328,18.350000381469727,6.3082275390625,34.91523742675781,0.10116788493957068,0.8887720494608445,1.0,32.27650245666504,True,1.0,0.0,-0.0017117277674441045,-0.0017117277674441045,2.099653973523607,1.621869817207324,162186.9817207324,209965.3973523607
2018-07-27,45.081485748291016,18.940000534057617,6.238422870635986,35.454105377197266,0.13736423082483795,0.8996737798872205,1.0,32.3289168548584,True,1.0,0.0,0.01543360406956551,0.01543360406956551,2.1320592016340605,1.6469011138184804,164690.11138184802,213205.92016340606
2018-07-30,44.82890701293945,19.420000076293945,6.043115615844727,35.14617919921875,0.11539181223720654,0.9212039991140186,1.0,32.388870315551756,True,1.0,0.0,-0.008685205132169638,-0.008685205132169638,2.113541830113939,1.6325974398125682,163259.74398125682,211354.1830113939
2018-07-31,44.91861343383789,18.329999923706055,6.061186790466309,35.248817443847656,0.11579529873467323,0.9217988499787905,1.0,32.459788665771484,True,1.0,0.0,0.0029203243984821103,0.0029203243984821103,2.1197140578876335,1.6373651539489522,163736.51539489522,211971.40578876334
2018-08-01,47.56477355957031,18.479999542236328,6.101038932800293,35.67649459838867,0.080331186260046,0.9151401924308042,1.0,32.521931686401366,True,1.0,0.0,0.01213309227245185,0.01213309227245185,2.1454327441431973,1.6572314564455122,165723.14564455123,214543.27441431972
2018-08-02,48.955135345458984,18.790000915527344,6.203766822814941,35.53963851928711,0.12486398125279505,0.9356511261748702,1.0,32.578532180786134,True,1.0,0.0,-0.0038360293140387025,-0.0038360293140387025,2.1372028012453654,1.65087426799844,165087.42679984402,213720.28012453654
2018-08-03,49.09675216674805,18.489999771118164,6.2404022216796875,35.659385681152344,0.1366541019789594,0.9200388347108259,1.0,32.63736259460449,True,1.0,0.0,0.003369397294242349,0.003369397294242349,2.1444038865811286,1.6564367192901683,165643.67192901683,214440.38865811285
2018-08-06,49.35169982910156,19.43000030517578,6.28817892074585,35.12908172607422,0.11275137287238975,0.9663519399439673,1.0,32.69185829162598,True,1.0,0.0,-0.014871371027527669,-0.014871371027527669,2.112513660750908,1.6318032342539834,163180.32342539835,211251.3660750908
2018-08-07,48.8890266418457,19.559999465942383,6.360459327697754,35.274478912353516,0.11495414542868868,0.970374765582036,1.0,32.74876663208008,True,1.0,0.0,0.004138940704828453,0.004138940704828453,2.121257229530896,1.638557171082508,163855.7171082508,212125.7229530896
2018-08-08,48.92207717895508,19.579999923706055,6.396844387054443,35.89889144897461,0.11553415422324267,0.8588421873852552,1.0,32.8369771194458,True,1.0,0.0,0.017701538218964696,0.017701538218964696,2.158806745451692,1.6675621534703837,166756.21534703838,215880.67454516923
2018-08-09,49.30685043334961,19.100000381469727,6.348329067230225,35.787681579589844,0.1280516580099475,0.8763979721123325,1.0,32.91999286651611,True,1.0,0.0,-0.0030978636079288524,-0.0030978636079288524,2.152119056598406,1.6623962733611883,166239.62733611884,215211.9056598406
2018-08-10,49.159976959228516,19.059999465942383,6.306991100311279,35.09485626220703,0.11539673268775072,0.9635516069727681,1.0,32.983210983276365,True,1.0,0.0,-0.0193593238456089,-0.0193593238456089,2.110455486827411,1.6302134055454558,163021.34055454558,211045.5486827411
2018-08-13,49.477394104003906,19.729999542236328,6.339912414550781,34.82115173339844,0.11034797931789012,0.9814432846620305,1.0,33.032703247070316,True,1.0,0.0,-0.007798992728838772,-0.007798992728838772,2.093996059831106,1.6174993830491513,161749.93830491512,209399.6059831106
2018-08-14,49.68585968017578,20.020000457763672,6.471353054046631,34.992218017578125,0.12353383784642769,0.9799119988437575,1.0,33.07290916442871,True,1.0,0.0,0.004912711833583883,0.004912711833583883,2.1042832590537164,1.6254456914090716,162544.56914090714,210428.32590537163
2018-08-15,49.80192184448242,19.700000762939453,6.413182735443115,34.598758697509766,0.1271302830156446,1.0041018004895923,1.0,33.11234245300293,True,1.0,0.0,-0.011244194919873496,-0.011244194919873496,2.0806222879222895,1.6071688632231995,160716.88632231994,208062.22879222894
2018-08-16,50.53153610229492,19.329999923706055,6.372586250305176,34.564544677734375,0.12563332102205374,0.8230189944279847,1.0,33.15076133728027,True,1.0,0.0,-0.000988879979033852,-0.000988879979033852,2.078564802197832,1.6055795661114316,160557.95661114316,207856.48021978317
2018-08-17,51.54063034057617,19.770000457763672,6.060196399688721,34.32504653930664,0.12742994648337913,0.7388545279888717,1.0,33.185050354003906,True,1.0,0.0,-0.006929011814294617,-0.006929011814294617,2.0641624021266263,1.5944544863290555,159445.44863290555,206416.24021266264
2018-08-20,51.03844451904297,19.979999542236328,6.134951591491699,34.29938888549805,0.1337181357620832,0.7423513406681246,1.0,33.22856330871582,True,1.0,0.0,-0.0007474907216574733,-0.0007474907216574733,2.0626194598830425,1.5932626463944195,159326.26463944194,206261.94598830424
2018-08-21,50.93894958496094,20.399999618530273,6.270602226257324,34.97510528564453,0.1300770580645131,0.8046442158594039,1.0,33.288396186828614,True,1.0,0.0,0.019700537592731937,0.019700537592731937,2.103254172091969,1.6246507770548084,162465.07770548086,210325.4172091969
2018-08-22,50.94132995605469,20.899999618530273,6.50576114654541,34.983665466308594,0.13947048069682044,0.7830732779497146,1.0,33.341138725280764,True,1.0,0.0,0.0002447506760636653,0.0002447506760636653,2.103768944972522,1.6250484114308599,162504.841143086,210376.89449725221
2018-08-23,51.04555130004883,22.290000915527344,6.605271816253662,34.79548645019531,0.1520933032593154,0.7926182870420178,1.0,33.39259304046631,True,1.0,0.0,-0.005379053727074701,-0.005379053727074701,2.0924526587881638,1.6163071887166758,161630.71887166757,209245.26587881637
2018-08-24,51.20426940917969,23.979999542236328,6.738446235656738,35.274478912353516,0.14677273184625383,0.7866061467100577,1.0,33.461053657531735,True,1.0,0.0,0.013765936649392962,0.013765936649392962,2.1212572295308956,1.638557171082508,163855.7171082508,212125.72295308957
2018-08-27,51.62590408325195,25.260000228881836,6.829539775848389,35.522525787353516,0.17875716208070908,0.7839866197370182,1.0,33.532990303039554,True,1.0,0.0,0.0070319075617337745,0.0070319075617337745,2.136173714283616,1.6500793536441762,165007.93536441762,213617.3714283616
2018-08-28,52.042823791503906,25.049999237060547,6.791913032531738,36.223915100097656,0.19598955185569364,0.8518206663815355,1.0,33.62621604919433,True,1.0,0.0,0.01974491670279388,0.01974491670279388,2.178352286334844,1.6826600330348804,168266.00330348805,217835.22863348442
2018-08-29,52.81979751586914,25.200000762939453,6.89742374420166,37.746437072753906,0.19950748014713532,1.0868436694545573,1.0,33.76127944946289,True,1.0,0.0,0.04203085084671443,0.04203085084671443,2.269910286373383,1.7533836659090971,175338.36659090972,226991.0286373383
2018-08-30,53.30539321899414,24.889999389648438,6.880581378936768,37.1733512878418,0.18468385091766804,1.1236810070356487,1.0,33.87184352874756,True,1.0,0.0,-0.015182513353711347,-0.015182513353711347,2.2354473431387927,1.7267628949872529,172676.2894987253,223544.73431387928
2018-08-31,53.92129135131836,25.170000076293945,6.951663017272949,37.293094635009766,0.1620063662924438,1.1223656590335311,1.0,33.996849899291995,True,1.0,0.0,0.0032212147417316483,0.0032212147417316483,2.242648199074876,1.732325169080061,173232.5169080061,224264.8199074876
2018-09-04,54.09421157836914,28.059999465942383,7.026459693908691,37.729331970214844,0.1815335144524583,1.0883735793174276,1.0,34.12232936859131,True,1.0,0.0,0.011697536486970694,0.011697536486970694,2.2688816582109936,1.7525891059526726,175258.91059526725,226888.16582109936
2018-09-05,53.74126052856445,28.510000228881836,6.895689964294434,37.82339859008789,0.2043052700552374,1.088097434203011,1.0,34.254223594665525,True,1.0,0.0,0.00249319600854081,0.00249319600854081,2.2745384249050966,1.7569586541162459,175695.86541162457,227453.84249050965
2018-09-06,52.84821701049805,27.84000015258789,6.754515171051025,37.678001403808594,0.19837793536018655,1.0649072917477584,1.0,34.38406517028809,True,1.0,0.0,-0.003844106867683772,-0.003844106867683772,2.2657948561251082,1.750204717287721,175020.4717287721,226579.48561251082
2018-09-07,52.42182922363281,27.3799991607666,6.733215808868408,38.387939453125,0.17149753594750344,1.0938609570925468,1.0,34.54435707092285,True,1.0,0.0,0.018842242764093298,0.018842242764093298,2.3084875128578513,1.7831824994577177,178318.24994577176,230848.75128578514
2018-09-10,51.718292236328125,29.889999389648438,6.804299354553223,38.165557861328125,0.16238760166300845,1.029988953636651,1.0,34.69284519195557,True,1.0,0.0,-0.0057930067350560055,-0.0057930067350560055,2.295114429148073,1.7728525112285252,177285.25112285253,229511.4429148073
2018-09-11,53.025875091552734,30.100000381469727,6.756497383117676,38.105674743652344,0.18487145930204593,1.0126048050413297,1.0,34.82952941894531,True,1.0,0.0,-0.0015690355658722899,-0.0015690355658722899,2.291513312980993,1.7700708425853615,177007.08425853614,229151.33129809928
2018-09-12,52.367347717285156,32.209999084472656,6.642567157745361,37.583919525146484,0.1919822297507257,1.0575855421079496,1.0,34.956120834350585,True,1.0,0.0,-0.013692323309214549,-0.013692323309214549,2.260137171832288,1.745834460328469,174583.4460328469,226013.7171832288
2018-09-13,53.63228988647461,30.479999542236328,6.720337867736816,37.14769744873047,0.18804881188270553,1.0561027945016213,1.0,35.076553649902344,True,1.0,0.0,-0.011606614795036219,-0.011606614795036219,2.2339046302948877,1.7255712322515366,172557.12322515366,223390.46302948878
2018-09-14,53.02350997924805,32.720001220703125,6.846402168273926,37.985931396484375,0.1998826279812077,1.096675093883602,1.0,35.210329895019534,True,1.0,0.0,0.022564896489501107,0.022564896489501107,2.284312457044909,1.7645085684925534,176450.85684925533,228431.2457044909
2018-09-17,51.611690521240234,32.43000030517578,6.784483432769775,37.429954528808594,0.2189852548346365,1.1263320561828691,1.0,35.321353874206544,True,1.0,0.0,-0.014636388979716752,-0.014636388979716752,2.250878371372387,1.7386825347260533,173868.25347260534,225087.83713723873
2018-09-18,51.696983337402344,31.93000030517578,6.712411880493164,37.25889587402344,0.20221462425802839,1.131415602202126,1.0,35.419376640319825,True,1.0,0.0,-0.004570100523459075,-0.004570100523459075,2.2405916309491354,1.7307365807639725,173073.65807639726,224059.16309491353
2018-09-19,51.7277717590332,31.209999084472656,6.73618745803833,37.65234375,0.19596625386934727,1.1030574931763553,1.0,35.52355770111084,True,1.0,0.0,0.010559837234760172,0.010559837234760172,2.264251913881524,1.7490128773530855,174901.28773530855,226425.1913881524
2018-09-20,52.12098693847656,31.18000030517578,6.595015048980713,37.78065490722656,0.19445140601084956,1.097805646228529,1.0,35.6467276763916,True,1.0,0.0,0.0034077867258013317,0.0034077867258013317,2.2719680014975197,1.754973140219785,175497.3140219785,227196.80014975197
2018-09-21,51.5595817565918,31.020000457763672,6.524923801422119,37.68655776977539,0.17554320236111312,1.0898989401379282,1.0,35.762199554443356,True,1.0,0.0,-0.0024906168959282216,-0.0024906168959282216,2.2663093996059818,1.7506021744648534,175060.21744648533,226630.9399605982
2018-09-24,52.301021575927734,32.61000061035156,6.5806498527526855,38.3964958190918,0.1554344591657734,1.1044255018555047,1.0,35.88400093078613,True,1.0,0.0,0.018837964816351027,0.018837964816351027,2.309002056338725,1.78357995663485,178357.995663485,230900.20563387248
2018-09-25,52.632659912109375,32.56999969482422,6.647768974304199,37.78065490722656,0.1575185439480531,1.1514573656481775,1.0,35.99314338684082,True,1.0,0.0,-0.016038987379650926,-0.016038987379650926,2.27196800149752,1.7549731402197852,175497.31402197853,227196.800149752
2018-09-26,52.213375091552734,32.189998626708984,6.610864162445068,37.86618423461914,0.15316698272209278,1.1114074220735306,1.0,36.099719772338865,True,1.0,0.0,0.0022638391950220438,0.0022638391950220438,2.2771113717091462,1.7589461172008256,175894.61172008255,227711.13717091462
2018-09-27,53.28645706176758,32.59000015258789,6.6227545738220215,38.28529739379883,0.1371507739711334,0.8876371195055126,1.0,36.208348693847654,True,1.0,0.0,0.011068270216583187,0.011068270216583187,2.3023150556844776,1.7784146081224141,177841.46081224142,230231.50556844776
2018-09-28,53.47358703613281,30.889999389648438,6.9600830078125,37.772090911865234,0.15081591759888902,0.8798358045865868,1.0,36.282763977050784,True,1.0,0.0,-0.013404792880535865,-0.013404792880535865,2.2714529992172876,1.7545753286448138,175457.53286448139,227145.29992172876
2018-10-01,53.83363342285156,31.420000076293945,7.166642189025879,38.19976806640625,0.1411507002235983,0.8980166682752259,1.0,36.34999435424805,True,1.0,0.0,0.011322570295060563,0.011322570295060563,2.2971716854728514,1.7744416311413738,177444.16311413737,229717.16854728514
2018-10-02,54.31214904785156,29.020000457763672,7.095312118530273,37.310203552246094,0.1387584479124531,0.9667144382772619,1.0,36.39926208496094,True,1.0,0.0,-0.02328717055595053,-0.02328717055595053,2.243677056636945,1.7331199062354055,173311.99062354054,224367.70566369448
2018-10-03,54.973052978515625,28.43000030517578,7.101504802703857,37.601036071777344,0.09661136249605053,0.9760996973108398,1.0,36.46033424377441,True,1.0,0.0,0.007794986138952353,0.007794986138952353,2.261166488193715,1.7466295518816528,174662.95518816527,226116.6488193715
2018-10-04,54.00656509399414,27.780000686645508,6.917236328125,36.29235076904297,0.10245153232904411,1.1328553123708152,1.0,36.48667915344238,False,1.0,0.0,-0.03480450113758038,-0.03480450113758038,2.182467716583118,1.6858389816562562,168583.89816562564,218246.7716583118
2018-10-05,53.130104064941406,27.350000381469727,6.683682441711426,35.60807418823242,0.0993210503419154,1.1060741442769884,1.0,36.50053588867188,False,1.0,0.0,-0.018854567596492733,-0.018854567596492733,2.1413182314936385,1.6540532166198159,165405.32166198158,214131.82314936386
2018-10-08,53.00692367553711,26.459999084472656,6.582383155822754,35.03498840332031,0.07697101479002663,1.124539823828581,1.0,36.492153549194335,False,1.0,0.0,-0.01609426507826983,-0.01609426507826983,2.106855288259048,1.6274324456979716,162743.24456979716,210685.52882590482
2018-10-09,53.74126052856445,27.239999771118164,6.576686382293701,34.983665466308594,0.05934656091383843,1.1240602856990658,1.0,36.488903274536135,False,1.0,0.0,-0.0014649052090696113,-0.0014649052090696113,2.1037689449725216,1.6250484114308599,162504.841143086,210376.89449725216
2018-10-10,51.251644134521484,25.0,6.085057258605957,33.65787887573242,0.0628789991929668,1.2457138245113695,1.0,36.45708450317383,False,1.0,0.0,-0.037897303581666875,-0.037897303581666875,2.024041774599215,1.563463458447959,156346.3458447959,202404.17745992148
2018-10-11,50.7991943359375,25.299999237060547,5.823516368865967,33.307186126708984,-0.004251112486975642,1.2396098862091363,1.0,36.40969833374024,False,1.0,0.0,-0.01041933599910505,-0.01041933599910505,2.002952603273441,1.547173207352067,154717.3207352067,200295.2603273441
2018-10-12,52.61370086669922,26.34000015258789,6.106110572814941,33.92303466796875,-0.020003458314071902,1.213000635184569,1.0,36.37736625671387,False,-1.0,2.0,0.01848996006197945,0.01848996006197945,2.0399871169140047,1.5757803781649713,157578.03781649712,203998.71169140047
2018-10-15,51.488525390625,26.260000228881836,5.829707622528076,33.1446647644043,0.011709292099797548,1.2354722925360293,1.0,36.327071838378906,False,-1.0,0.0,-0.022945173130380803,0.0209451731303808,1.9931792593326665,1.6087853710010938,160878.5371001094,199317.92593326664
2018-10-16,52.623165130615234,28.18000030517578,6.088525772094727,34.22240447998047,0.0031580842157606093,1.3818107004318114,1.0,36.30893829345703,False,-1.0,0.0,0.03251623521423008,-0.03251623521423008,2.057989944953252,1.5564737274684097,155647.37274684096,205798.99449532523
2018-10-17,52.39578628540039,27.299999237060547,6.019919395446777,33.8460578918457,0.04221151965363239,1.3560408048537766,1.0,36.28036987304687,False,-1.0,0.0,-0.010997081995069102,0.010997081995069102,2.0353580607835733,1.5735903966725506,157359.03966725507,203535.80607835733
2018-10-18,51.17109680175781,26.6200008392334,5.932491302490234,32.96504592895508,0.03373443127995297,1.3815947200882375,1.0,36.221692962646486,False,-1.0,0.0,-0.026029972698914605,0.026029972698914605,1.9823777460288612,1.6145509117372114,161455.09117372116,198237.77460288611
2018-10-19,51.95043182373047,23.65999984741211,5.675905227661133,32.8880615234375,0.0096612114003451,1.371610218004617,1.0,36.163700561523434,False,-1.0,0.0,-0.00233533439278355,0.00233533439278355,1.9777482310990713,1.6183214280102916,161832.14280102914,197774.82310990713
2018-10-22,52.267860412597656,25.030000686645508,5.7266764640808105,33.11900329589844,-0.018407925772806664,1.315591100167282,1.0,36.12418350219727,False,-1.0,0.0,0.007022054866212102,-0.007022054866212102,1.9916360876894028,1.6069574861516365,160695.74861516364,199163.6087689403
2018-10-23,52.76057052612305,25.09000015258789,5.47504186630249,32.50315856933594,-0.013359031271260612,1.31273719604091,1.0,36.077823638916016,False,-1.0,0.0,-0.018594905198695,0.018594905198695,1.9546018034485186,1.6368387082649591,163683.87082649593,195460.18034485186
2018-10-24,50.9508056640625,22.790000915527344,4.938830375671387,31.203035354614258,-0.019172945753302757,1.389173253677877,1.0,36.00203998565674,False,-1.0,0.0,-0.03999990376160667,0.03999990376160667,1.876417919418315,1.7023120990688303,170231.20990688304,187641.7919418315
2018-10-25,52.0665168762207,19.270000457763672,5.147617340087891,31.98139190673828,-0.0675891441411523,1.4456045453734332,1.0,35.94969264984131,False,-1.0,0.0,0.024944898574071672,-0.024944898574071672,1.9232249741007754,1.6598480964161433,165984.80964161432,192322.49741007754
2018-10-26,51.237430572509766,17.6299991607666,4.9110918045043945,31.365541458129883,-0.09362335249814137,1.4407282713845628,1.0,35.88571258544922,False,-1.0,0.0,-0.019256524243982054,0.019256524243982054,1.8861903457603721,1.691811001526108,169181.1001526108,188619.0345760372
2018-10-29,50.27568817138672,16.850000381469727,4.597289562225342,31.07474136352539,-0.13388117726998736,1.390185916826004,1.0,35.82070648193359,False,-1.0,0.0,-0.009271323914260665,0.009271323914260665,1.8687028641008765,1.7074963293229666,170749.63293229666,186870.28641008766
2018-10-30,50.52677917480469,17.200000762939453,5.027745246887207,32.31498718261719,-0.16829709370034118,1.552689193924314,0.5,35.78101844787598,False,-0.5,0.5,0.039911702066410815,-0.039911702066410815,1.9432859760635193,1.6393472445475383,163934.72445475383,194328.59760635192
2018-10-31,51.84382629394531,18.209999084472656,5.2216715812683105,32.58869934082031,-0.14792142356704643,1.538056808020947,0.5,35.73329032897949,False,-0.5,0.0,0.008470130489494965,-0.004735065244747483,1.9597458618591828,1.6315848283858085,163158.48283858085,195974.58618591828
2018-11-01,52.63975524902344,20.219999313354492,5.401978969573975,33.401275634765625,-0.12156773524180207,1.5234449288393543,0.5,35.701642532348636,False,-0.5,0.0,0.024934296562351133,-0.012467148281175566,2.00861074636562,1.6112436183970062,161124.36183970064,200861.074636562
2018-11-02,49.14812469482422,20.229999542236328,5.322970390319824,33.17033004760742,-0.07951765324024129,1.4889091857235504,1.0,35.66913940429688,False,-1.0,0.5,-0.0069142744631532915,0.0034571372315766458,1.994722660375609,1.6168139086993067,161681.39086993068,199472.26603756088
2018-11-05,47.75290298461914,19.899999618530273,5.244954586029053,32.913726806640625,-0.10759561178662085,1.4627084809355553,1.0,35.62192436218262,False,-1.0,0.0,-0.007735926672978843,0.007235926672978843,1.979291632142014,1.6285130555865073,162851.30555865073,197929.1632142014
2018-11-06,48.2692985534668,20.68000030517578,5.227369785308838,33.1275634765625,-0.1212125923120081,1.454624638815903,1.0,35.5740251159668,False,-1.0,0.0,0.006496884147398685,-0.006496884147398685,1.9921508605699563,1.6179327949318354,161793.27949318354,199215.0860569956
2018-11-07,49.73322677612305,21.84000015258789,5.294985294342041,33.51247787475586,-0.12124051962431215,1.3518587085988703,1.0,35.51979637145996,False,-1.0,0.0,0.011619158120870665,-0.011619158120870665,2.0152979764195473,1.5991337779585801,159913.37779585802,201529.79764195473
2018-11-08,49.55970764160156,21.200000762939453,5.101799011230469,33.101898193359375,-0.0582468365160113,1.3444939658359716,1.0,35.42690559387207,False,-1.0,0.0,-0.012251546511449218,0.012251546511449218,1.9906074595270138,1.6187256398172691,161872.5639817269,199060.74595270137
2018-11-09,48.60411071777344,21.030000686645508,5.093873023986816,32.56303405761719,-0.06338122414823287,1.3194442366820336,1.0,35.33469924926758,False,-1.0,0.0,-0.01627894970235544,0.01627894970235544,1.95820246081624,1.6450767930897676,164507.67930897677,195820.246081624
2018-11-12,46.15571975708008,19.030000686645508,4.694377899169922,31.699132919311523,-0.10107688092450018,1.3168506084117417,1.0,35.22282001495361,False,-1.0,0.0,-0.026530118071217634,0.026530118071217634,1.9062511183234363,1.6887208746466593,168872.08746466594,190625.11183234362
2018-11-13,45.69456481933594,19.610000610351562,4.936354637145996,31.989948272705078,-0.1469278769490605,1.2173171250115402,1.0,35.108032341003415,False,-1.0,0.0,0.009174236851645423,-0.009174236851645423,1.9237395175816494,1.673228149366333,167322.8149366333,192373.95175816494
2018-11-14,44.403831481933594,20.809999465942383,4.883848190307617,32.366310119628906,-0.15782413236508064,1.2169951750693595,1.0,34.99889057159424,False,-1.0,0.0,0.01176500329776875,-0.01176500329776875,1.9463723193500455,1.6535426146711185,165354.26146711185,194637.23193500456
2018-11-15,45.499656677246094,21.489999771118164,5.012637615203857,32.94794464111328,-0.160922891570844,1.1840122271179676,1.0,34.904289436340335,False,-1.0,0.0,0.017970368550959348,-0.017970368550959348,1.9813493472661514,1.6238278444707615,162382.78444707615,198134.93472661515
2018-11-16,46.00358581542969,20.65999984741211,4.072475910186768,31.536624908447266,-0.12911634649864315,1.3039458789259197,1.0,34.767263145446776,False,-1.0,0.0,-0.0428348337973391,0.0428348337973391,1.8964785772815396,1.6933842403041581,169338.4240304158,189647.85772815396
2018-11-19,44.18037414550781,19.110000610351562,3.5838170051574707,30.835233688354492,-0.15876607163871764,1.3094869314593391,1.0,34.620656661987304,False,-1.0,0.0,-0.022240528976355423,0.022240528976355423,1.8542998905304722,1.7310460015687463,173104.60015687463,185429.9890530472
2018-11-20,42.06951904296875,19.209999084472656,3.6922972202301025,30.484546661376953,-0.224916769073341,1.282772432896127,1.0,34.468234100341796,False,-1.0,0.0,-0.011372932357894938,0.011372932357894938,1.8332110633042171,1.7507330706529924,175073.30706529925,183321.10633042172
2018-11-21,42.021976470947266,18.729999542236328,3.58406400680542,30.9378719329834,-0.2451831440805033,1.1851597859497152,1.0,34.335313148498535,False,-1.0,0.0,0.014870658128592007,-0.014870658128592007,1.8604721183041668,1.7246985176848917,172469.85176848917,186047.2118304167
2018-11-23,40.954681396484375,19.3799991607666,3.591247320175171,30.758251190185547,-0.22108751007531097,1.1300984230431625,1.0,34.20752422332764,False,-1.0,0.0,-0.005805853201116706,0.005805853201116706,1.849670490300522,1.7347118640947536,173471.18640947537,184967.0490300522
2018-11-26,41.5085334777832,20.079999923706055,3.7906224727630615,31.510953903198242,-0.22136152755463046,1.1461517774268994,1.0,34.07802467346191,False,-1.0,0.0,0.024471570518055596,-0.024471570518055596,1.8949348321390778,1.6922607403840513,169226.07403840512,189493.48321390778
2018-11-27,41.418209075927734,21.049999237060547,3.807464838027954,31.476749420166016,-0.1768724683117927,1.1334239936538775,1.0,33.95896057128906,False,-1.0,0.0,-0.001085479136471168,0.001085479136471168,1.8928779199138184,1.6940976541112074,169409.76541112075,189287.79199138185
2018-11-28,43.01084518432617,21.34000015258789,3.9644887447357178,32.5117073059082,-0.14761614426935946,1.0898865263714275,1.0,33.86401679992676,False,-1.0,0.0,0.03288007512869573,-0.03288007512869573,1.9551158881300341,1.6383955959686838,163839.55959686838,195511.5888130034
2018-11-29,42.68043518066406,21.43000030517578,3.9012691974639893,32.44329071044922,-0.1430130500477999,1.0800863574699422,1.0,33.759835739135745,False,-1.0,0.0,-0.00210436796859792,0.00210436796859792,1.9510016048801564,1.6418433831807322,164184.33831807322,195100.16048801565
2018-11-30,42.44987106323242,21.299999237060547,4.0517578125,32.1524658203125,-0.17018711217881463,1.0282302740010898,1.0,33.647271957397464,False,-1.0,0.0,-0.00896409962639988,0.00896409962639988,1.9335126321227447,1.6565610308385095,165656.10308385096,193351.26321227447
2018-12-03,43.93315124511719,23.709999084472656,4.215632438659668,33.1275634765625,-0.18803749381299156,1.0956069417286387,1.0,33.5560920715332,False,-1.0,0.0,0.030327305585190256,-0.030327305585190256,1.9921508605699567,1.6063219982357522,160632.1998235752,199215.08605699567
2018-12-04,42.0005989074707,21.1200008392334,3.8950705528259277,32.02416229248047,-0.11674621820526751,1.1618686354077787,1.0,33.42864540100098,False,-1.0,0.0,-0.03330764681388898,0.03330764681388898,1.9257970033061076,1.6598248040223689,165982.4804022369,192579.70033061077
2018-12-06,41.53231430053711,21.299999237060547,3.924325704574585,31.528066635131836,-0.1628797224855034,1.162062909526652,1.0,33.30359363555908,False,-1.0,0.0,-0.015491292256694544,0.015491292256694544,1.8959639191008262,1.6855376351563902,168553.76351563903,189596.39191008263
2018-12-07,40.0513801574707,19.459999084472656,3.6595470905303955,31.23724365234375,-0.17756774801700215,1.1433221938926912,1.0,33.17101482391357,False,-1.0,0.0,-0.009224256791693697,0.009224256791693697,1.8784750610432541,1.701085467135137,170108.5467135137,187847.5061043254
2018-12-10,40.315242767333984,19.989999771118164,3.76491379737854,31.160259246826172,-0.23924464911386997,1.13047709757805,1.0,33.02851406097412,False,-1.0,0.0,-0.002464506996019855,0.002464506996019855,1.8738455461134642,1.7052778041697192,170527.78041697192,187384.55461134642
2018-12-11,40.08466720581055,19.979999542236328,3.673926591873169,31.39120864868164,-0.2198422058529939,1.1170409346083088,1.0,32.90089641571045,False,-1.0,0.0,0.007411664968063114,-0.007411664968063114,1.8877338615031545,1.6926388564077388,169263.8856407739,188773.38615031543
2018-12-12,40.19639587402344,20.479999542236328,3.691528797149658,31.97284698486328,-0.22076727290796794,1.0898759794496993,1.0,32.77635799407959,False,-1.0,0.0,0.018528701544789694,-0.018528701544789694,1.9227111188189399,1.6612764562142457,166127.64562142457,192271.11188189397
2018-12-13,40.636146545410156,19.860000610351562,3.691281318664551,31.930070877075195,-0.1689951822574538,1.079702623972834,1.0,32.66875534057617,False,-1.0,0.0,-0.001337888609304505,0.001337888609304505,1.9201387455140888,1.6634990590619205,166349.90590619206,192013.8745514089
2018-12-14,39.33589172363281,19.899999618530273,3.6307880878448486,31.245807647705078,-0.1754755159580082,1.0929735301884453,1.0,32.54165077209473,False,-1.0,0.0,-0.021430056701233213,0.021430056701233213,1.878990063323487,1.6991479382200654,169914.79382200653,187899.0063323487
2018-12-17,38.96982192993164,18.829999923706055,3.5596349239349365,30.98065185546875,-0.18935619131895465,1.0623822948482635,1.0,32.435416793823244,False,-1.0,0.0,-0.00848612380982261,0.00848612380982261,1.8630447210086976,1.7135671179950056,171356.71179950057,186304.47210086975
2018-12-18,39.476131439208984,19.5,3.642936944961548,31.442516326904297,-0.2213638397004688,0.9531561932227498,1.0,32.35210563659668,False,-1.0,0.0,0.014908158601382615,-0.014908158601382615,1.890819287190964,1.6880209876258219,168802.09876258217,189081.92871909638
2018-12-19,38.244815826416016,18.15999984741211,3.4339396953582764,30.989194869995117,-0.17486681702021456,0.9281874852771383,1.0,32.271189765930174,False,-1.0,0.0,-0.01441746748879913,0.01441746748879913,1.863558461590694,1.7123579753353277,171235.79753353278,186355.8461590694
2018-12-20,37.27971267700195,17.940000534057617,3.3493988513946533,30.689830780029297,-0.1728858078400539,0.9235532808659076,1.0,32.18531307220459,False,-1.0,0.0,-0.009660273241099082,0.009660273241099082,1.8455559776509656,1.7288998212636422,172889.98212636422,184555.59776509655
2018-12-21,35.829708099365234,16.93000030517578,3.2122995853424072,30.544410705566406,-0.18105262008141132,0.9058697738867884,1.0,32.12304370880127,False,-1.0,0.0,-0.004738379807474158,0.004738379807474158,1.836811032472901,1.7370920052658634,173709.20052658633,183681.1032472901
2018-12-24,34.90264129638672,16.649999618530273,3.1505672931671143,30.185171127319336,-0.206709753339974,0.9093114399984433,1.0,32.06060340881348,False,-1.0,0.0,-0.011761221446043524,0.011761221446043524,1.8152078911654514,1.7575223290119473,175752.23290119471,181520.78911654514
2018-12-26,37.360530853271484,17.899999618530273,3.2998149394989014,31.442516326904297,-0.22294894666951381,0.9901054652861173,1.0,32.01099304199219,False,-1.0,0.0,0.041654400244462764,-0.041654400244462764,1.8908192871909644,1.6843137904807033,168431.37904807032,189081.92871909644
2018-12-27,37.11808395385742,17.489999771118164,3.251967191696167,31.459627151489258,-0.18946549542898172,0.9840674011982343,1.0,31.977292289733885,False,-1.0,0.0,0.0005441938681707281,-0.0005441938681707281,1.8918482594528727,1.6833971972438484,168339.71972438483,189184.82594528727
2018-12-28,37.137088775634766,17.81999969482422,3.313450336456299,31.767560958862305,-0.2061663118991172,0.9056904319853311,1.0,31.928195419311525,False,-1.0,0.0,0.009788221770405503,-0.009788221770405503,1.9103660897723531,1.6669197321495466,166691.97321495466,191036.6089772353
2018-12-31,37.496028900146484,18.459999084472656,3.309731960296631,31.570838928222656,-0.21850439952641382,0.9040821614480208,1.0,31.882691040039063,False,-1.0,0.0,-0.0061925443660718615,0.0061925443660718615,1.8985360630059986,1.677242206545563,167724.2206545563,189853.60630059987
2019-01-02,37.53881072998047,18.829999923706055,3.3771655559539795,31.23724365234375,-0.20521035164815074,0.9042665775092094,1.0,31.848134994506836,False,-1.0,0.0,-0.01056656355053931,0.01056656355053931,1.878475061043255,1.6949648929106738,169496.48929106738,187847.5061043255
2019-01-03,33.799678802490234,17.049999237060547,3.173128366470337,29.38970184326172,-0.19695616017731105,1.0374112270271498,1.0,31.77816780090332,False,-1.0,0.0,-0.05914548126090535,0.05914548126090535,1.767371749521243,1.7952144072222145,179521.44072222145,176737.1749521243
2019-01-04,35.24256896972656,19.0,3.3764233589172363,29.911457061767578,-0.2924614715470068,1.0109236151053334,1.0,31.714016876220704,False,-1.0,0.0,0.01775299461316182,-0.01775299461316182,1.7987478906699481,1.763343975521328,176334.3975521328,179874.78906699482
2019-01-07,35.164119720458984,20.56999969482422,3.5551724433898926,30.133852005004883,-0.20838536045155476,1.0026378327907899,1.0,31.666630744934082,False,-1.0,0.0,0.007435108987771999,-0.007435108987771999,1.8121217772786042,1.7502333208803957,175023.33208803958,181212.17772786043
2019-01-08,35.8344612121582,20.75,3.466665267944336,29.88579750061035,-0.18769511404509515,0.9991911344298526,1.0,31.640285987854003,False,-1.0,0.0,-0.008231755580180411,0.008231755580180411,1.7972048337265247,1.7646408137861709,176464.0813786171,179720.48337265247
2019-01-09,36.4429817199707,20.190000534057617,3.5348432064056396,30.45888328552246,-0.13417549336622975,1.0242002796230647,1.0,31.609835815429687,False,-1.0,0.0,0.01917585719104209,-0.01917585719104209,1.8316677769611152,1.730802313547523,173080.2313547523,183166.7776961115
2019-01-10,36.55946350097656,19.739999771118164,3.6005427837371826,31.151702880859375,-0.13540845229103513,1.0508717264466523,1.0,31.605559043884277,False,-1.0,0.0,0.02274606028206616,-0.02274606028206616,1.873331002632591,1.6914333797872314,169143.33797872314,187333.10026325908
2019-01-11,36.200531005859375,20.270000457763672,3.689793109893799,31.31423568725586,-0.13604656278640503,1.0267040773138596,1.0,31.610348930358885,False,-1.0,0.0,0.005217461370188747,-0.005217461370188747,1.8831050347724034,1.6826083914679437,168260.83914679437,188310.50347724033
2019-01-14,35.65616989135742,20.229999542236328,3.7297091484069824,30.587188720703125,-0.13129534009512953,1.0546924811783218,1.0,31.575792961120605,False,-1.0,0.0,-0.02321777781242873,0.02321777781242873,1.839383520477592,1.7216748192463744,172167.48192463745,183938.3520477592
2019-01-15,36.38593292236328,20.3799991607666,3.7155771255493164,30.826679229736328,-0.1437545068282883,1.0323196900878422,1.0,31.540552558898927,False,-1.0,0.0,0.00782976530533852,-0.00782976530533852,1.8537854617494387,1.7081945094795643,170819.45094795644,185378.54617494388
2019-01-16,36.83045196533203,19.729999542236328,3.6900410652160645,30.484546661376953,-0.11703605120600416,1.0338341050240558,1.0,31.48221797943115,False,-1.0,0.0,-0.011098586578516145,0.011098586578516145,1.833211063304218,1.727153054135969,172715.30541359689,183321.1063304218
2019-01-17,37.04914474487305,20.25,3.7614424228668213,31.04051971435547,-0.09927468249775645,1.0392963133983415,1.0,31.439621772766113,False,-1.0,0.0,0.018237865209355997,-0.018237865209355997,1.8666449195770605,1.6956534695387095,169565.34695387096,186664.49195770605
2019-01-18,37.277347564697266,20.770000457763672,3.890608310699463,31.510953903198242,-0.09548548602383072,1.037300590565604,1.0,31.411566314697264,True,-1.0,0.0,0.015155486865936929,-0.015155486865936929,1.8949348321390784,1.6699550156519352,166995.50156519352,189493.48321390784
2019-01-22,36.44061279296875,19.760000228881836,3.688305616378784,31.108943939208984,-0.0504301768713838,1.0397342653491553,1.0,31.371193923950194,False,-1.0,0.0,-0.012757784649244042,0.012757784649244042,1.8707596616262967,1.6912599421155474,169125.99421155473,187075.96616262966
2019-01-23,36.58798599243164,19.799999237060547,3.701197624206543,31.211597442626953,-0.06695924243810214,1.0367785863259307,1.0,31.325176315307615,False,-1.0,0.0,0.003299806757136148,-0.003299806757136148,1.8769328069987088,1.6856791111304807,168567.9111130481,187693.28069987087
2019-01-24,36.2979850769043,20.850000381469727,3.9131696224212646,32.19523620605469,-0.017130044921598066,1.075094273960551,1.0,31.307043075561523,True,-1.0,0.0,0.03151516884824157,-0.03151516884824157,1.936084661328077,1.63255464931925,163255.464931925,193608.46613280772
2019-01-25,37.50078582763672,21.93000030517578,3.9704384803771973,32.6229133605957,0.025838760012347223,0.9887772069251827,1.0,31.308240661621095,True,1.0,2.0,0.013283864476216767,-0.013283864476216767,1.9618033475836414,1.6108680146076755,161086.80146076754,196180.33475836413
2019-01-28,37.15372848510742,20.18000030517578,3.421543598175049,32.02416229248047,0.01990174244566891,1.0137519260685253,1.0,31.314741249084474,True,1.0,0.0,-0.018353697031806115,-0.020353697031806117,1.9257970033061083,1.5780808950801237,157808.08950801237,192579.70033061082
2019-01-29,36.76864242553711,19.25,3.262627363204956,31.07474136352539,-0.022186567960791808,1.0635929187162518,1.0,31.29643711090088,False,-1.0,2.0,-0.029647018407036096,-0.029647018407036096,1.8687028641008772,1.5312955017358914,153129.55017358914,186870.28641008772
2019-01-30,39.281219482421875,23.09000015258789,3.406172752380371,31.97284698486328,-0.06094045177058102,1.1108506186490483,1.0,31.288567848205567,True,-1.0,0.0,0.028901467298841688,-0.03090146729884169,1.9227111188189405,1.4839762238641363,148397.62238641363,192271.11188189406
2019-01-31,39.564090728759766,24.40999984741211,3.563850164413452,32.17812728881836,0.006003678002671209,1.1046780851434885,1.0,31.273171501159666,True,-1.0,0.0,0.006420457460427631,-0.006420457460427631,1.9350558037660088,1.4744484176465307,147444.84176465307,193505.58037660088
2019-02-01,39.58310317993164,24.510000228881836,3.588146924972534,32.13536071777344,0.015018107200325481,0.8550428795325852,1.0,31.285146217346192,True,1.0,2.0,-0.001329057177910542,0.001329057177910542,1.9324840039603561,1.4764080438994627,147640.80438994628,193248.4003960356
2019-02-04,40.707462310791016,24.1299991607666,3.6984708309173584,32.45184326171875,0.10368740544453356,0.8475522675085532,1.0,31.317478408813475,True,1.0,0.0,0.009848420458845819,0.007848420458845819,1.9515159189613516,1.4879955149968078,148799.5514996808,195151.59189613516
2019-02-05,41.40394592285156,23.309999465942383,3.7175607681274414,32.71699523925781,0.0794006919000679,0.8518671011490517,1.0,31.362127380371092,True,1.0,0.0,0.0081706291812349,0.0081706291812349,1.9674610318764616,1.5001533745731874,150015.33745731873,196746.10318764616
2019-02-06,41.418209075927734,23.260000228881836,3.79317569732666,33.136112213134766,0.058250760983041154,0.846720727814096,1.0,31.40609218597412,True,1.0,0.0,0.012810374877398445,0.012810374877398445,1.9926649452514722,1.5193709016750643,151937.09016750642,199266.49452514722
2019-02-07,40.63378143310547,22.670000076293945,3.654836893081665,32.605796813964844,0.048735140122192426,0.8651814645187899,1.0,31.443043098449706,True,1.0,0.0,-0.01600415268269495,-0.01600415268269495,1.9607740312222137,1.4950546577830126,149505.46577830127,196077.40312222138
2019-02-08,40.68151092529297,23.049999237060547,3.6734304428100586,32.32353210449219,0.020605216335557813,0.8471941045700404,1.0,31.459294662475585,True,1.0,0.0,-0.008656887334578589,-0.008656887334578589,1.9437998313453555,1.482112138051548,148211.2138051548,194379.98313453555
2019-02-11,40.44755935668945,22.959999084472656,3.6307880878448486,32.75120544433594,0.028152002572137833,0.8592157012111677,1.0,31.484783782958985,True,1.0,0.0,0.013231021240537988,0.013231021240537988,1.96951828820124,1.5017219952309673,150172.19952309673,196951.828820124
2019-02-12,40.79610824584961,22.81999969482422,3.7478065490722656,33.05058288574219,0.03601178930948866,0.807969659526261,1.0,31.495561294555664,True,1.0,0.0,0.009140959465295806,0.009140959465295806,1.9875215750398465,1.5154491751175168,151544.91751175167,198752.15750398464
2019-02-13,40.62660217285156,22.850000381469727,3.790201187133789,32.614356994628906,0.04894753642536788,0.83217327000041,1.0,31.498982620239257,True,1.0,0.0,-0.013198735181807253,-0.013198735181807253,1.9612888041027672,1.4954471627736523,149544.71627736522,196128.88041027673
2019-02-14,40.77461624145508,23.1299991607666,3.8311080932617188,32.55447769165039,0.04085365125001453,0.8198180358654992,1.0,31.507022857666016,True,1.0,0.0,-0.001835979871943394,-0.001835979871943394,1.9576879173353665,1.492701551883245,149270.15518832448,195768.79173353667
2019-02-15,40.68390655517578,23.68000030517578,3.900773048400879,32.58013916015625,0.04163768498296126,0.8046382576447412,1.0,31.49607437133789,True,1.0,0.0,0.0007882623321104898,0.0007882623321104898,1.9592310889786297,1.4938781922896773,149387.81922896774,195923.10889786299
2019-02-19,40.80565643310547,23.950000762939453,3.883418560028076,32.89662551879883,0.053394831261175175,0.7997547292627497,1.0,31.513523635864257,True,1.0,0.0,0.009714088607381433,0.009714088607381433,1.9782632333793047,1.508389857418214,150838.9857418214,197826.32333793046
2019-02-20,41.06825256347656,23.950000762939453,3.9307713508605957,33.35850143432617,0.0651879164649221,0.7934526438927136,1.0,31.550132331848143,True,1.0,0.0,0.01404022170187047,0.01404022170187047,2.006038487760609,1.5295679854292186,152956.79854292187,200603.8487760609
2019-02-21,40.836692810058594,23.920000076293945,3.8618500232696533,33.34139633178711,0.10453832079801081,0.7985585239439026,1.0,31.59221538543701,True,1.0,0.0,-0.0005127659158412623,-0.0005127659158412623,2.0050098595982195,1.5287836751003285,152878.36751003284,200500.98595982196
2019-02-22,41.292659759521484,24.360000610351562,3.9466381072998047,33.69209671020508,0.09782636748908367,0.7302056396819719,1.0,31.64285213470459,True,1.0,0.0,0.010518467041034318,0.010518467041034318,2.0260994897233524,1.5448641357997426,154486.41357997427,202609.94897233523
2019-02-25,41.59346008300781,24.709999084472656,3.9342422485351562,33.854610443115234,0.10187219236369478,0.7225065893436005,1.0,31.692120170593263,True,1.0,0.0,0.004823497163384705,0.004823497163384705,2.035872374864768,1.5523157835765875,155231.57835765876,203587.2374864768
2019-02-26,41.61732482910156,24.209999084472656,3.894822835922241,33.87171936035156,0.07505022175790343,0.6817361914568835,1.0,31.730097618103027,True,1.0,0.0,0.000505364469193248,0.000505364469193248,2.0369012324268367,1.5531002688185749,155310.02688185748,203690.12324268368
2019-02-27,41.746246337890625,23.479999542236328,3.8529248237609863,33.74341583251953,0.10876401664527549,0.5596863270242275,1.0,31.766364517211915,True,1.0,0.0,-0.0037879248604727467,-0.0037879248604727467,2.0291856036101996,1.54721724169951,154721.724169951,202918.56036101998
2019-02-28,41.33562088012695,23.530000686645508,3.8283557891845703,33.401275634765625,0.11230485180536237,0.4944106781815302,1.0,31.809473876953124,True,1.0,0.0,-0.010139465413106619,-0.010139465413106619,2.00861074636562,1.5315292859907357,153152.92859907358,200861.074636562
2019-03-01,41.77012634277344,23.68000030517578,3.8827064037323,33.69209671020508,0.043102462273524454,0.5022995392078224,1.0,31.86370277404785,True,1.0,0.0,0.008706885288439548,0.008706885288439548,2.0260994897233524,1.5448641357997428,154486.4135799743,202609.94897233523
2019-03-04,41.980194091796875,23.3700008392334,3.8908960819244385,33.48680877685547,0.033937947192357695,0.5158720471559767,1.0,31.904588623046877,True,1.0,0.0,-0.006093059007735491,-0.006093059007735491,2.0137543459769254,1.5354511874613808,153545.1187461381,201375.43459769254
2019-03-05,41.903804779052734,23.5,3.884443759918213,33.375606536865234,0.018196690917530643,0.5152845288871756,1.0,31.95231685638428,True,1.0,0.0,-0.003320777465874669,-0.003320777465874669,2.007067115922998,1.5303522957581086,153035.22957581087,200706.7115922998
2019-03-06,41.662696838378906,22.40999984741211,3.7735087871551514,33.17888259887695,0.02254181014076944,0.5208136508189257,1.0,32.00209789276123,True,1.0,0.0,-0.005894243083522377,-0.005894243083522377,1.9952369744568037,1.5213320273234838,152133.20273234838,199523.69744568036
2019-03-07,41.180458068847656,22.079999923706055,3.704267978668213,33.04203414916992,0.0006254380705818346,0.5041571003924783,1.0,32.0520503616333,True,1.0,0.0,-0.004124564752872706,-0.004124564752872706,1.9870074903583308,1.515057194866169,151505.7194866169,198700.74903583308
2019-03-08,41.27835464477539,22.010000228881836,3.738515853881836,32.67422866821289,0.0003907553891981143,0.48688470536531236,1.0,32.10183151245117,True,1.0,0.0,-0.011131441826388588,-0.011131441826388588,1.9648892320708087,1.4981924238378648,149819.24238378648,196488.92320708086
2019-03-11,42.708309173583984,22.959999084472656,3.9990997314453125,33.05058288574219,0.015642499773776766,0.49836037262720373,1.0,32.13399284362793,True,1.0,0.0,0.011518381087154195,0.011518381087154195,1.987521575039846,1.5154491751175165,151544.91751175164,198752.1575039846
2019-03-12,43.18815612792969,23.489999771118164,4.033348083496094,33.27296829223633,0.06033819807453895,0.48252236345349403,1.0,32.170259666442874,True,1.0,0.0,0.006728637956641803,0.006728637956641803,2.0008948881493036,1.5256460839585737,152564.60839585736,200089.48881493037
2019-03-13,43.3791389465332,23.3799991607666,4.184735298156738,33.53813171386719,0.07652229399034828,0.4847855491786044,1.0,32.20567108154297,True,1.0,0.0,0.007969334725472343,0.007969334725472343,2.016840689263452,1.5378044682742458,153780.44682742457,201684.06892634518
2019-03-14,43.861366271972656,22.81999969482422,4.108792781829834,33.20454788208008,0.07941105144000224,0.4748465633287836,1.0,32.238345260620115,True,1.0,0.0,-0.009946404726211444,-0.009946404726211444,1.9967803754997462,1.5225088426430138,152250.8842643014,199678.03754997463
2019-03-15,44.43191909790039,23.290000915527344,4.214268684387207,33.914485931396484,0.08324063591558534,0.5533386024513003,1.0,32.29189010620117,True,1.0,0.0,0.02138074735538109,0.02138074735538109,2.039473032232489,1.5550612195538978,155506.12195538977,203947.30322324892
2019-03-18,44.8855094909668,23.25,4.192924499511719,34.085540771484375,0.10423349588255626,0.5595355613173639,1.0,32.38580688476563,True,1.0,0.0,0.005043710243283872,0.005043710243283872,2.0497595432560614,1.5629044977558952,156290.4497755895,204975.95432560614
2019-03-19,44.52980422973633,26.0,4.360692501068115,34.008567810058594,0.09663644352438575,0.5570181603312042,1.0,32.46774909973144,True,1.0,0.0,-0.002258229140086776,-0.002258229140086776,2.0451307165253096,1.5593751012758903,155937.51012758902,204513.07165253095
2019-03-20,44.91893768310547,25.700000762939453,4.32818078994751,34.085540771484375,0.1406063310168346,0.5320811970824774,1.0,32.546782875061034,True,1.0,0.0,0.002263340281063453,0.002263340281063453,2.0497595432560614,1.5629044977558955,156290.44977558954,204975.95432560614
2019-03-21,46.57331466674805,27.889999389648438,4.564938545227051,35.103416442871094,0.14486157837252456,0.6717866742824528,1.0,32.65113525390625,True,1.0,0.0,0.029862388812040397,0.029862388812040397,2.110970259707964,1.6095765595439688,160957.65595439688,211097.0259707964
2019-03-22,45.60884094238281,26.3700008392334,4.405115127563477,34.5816535949707,0.2272236821479712,0.7089357904517295,1.0,32.73359066009522,True,1.0,0.0,-0.014863591660644548,-0.014863591660644548,2.0795936597599,1.5856524708163622,158565.24708163622,207959.36597599002
2019-03-25,45.057403564453125,25.969999313354492,4.3127946853637695,34.145423889160156,0.18660690343556074,0.739780494567253,1.0,32.79346508026123,True,1.0,0.0,-0.012614483706296475,-0.012614483706296475,2.0533606594231415,1.5656502835594004,156565.02835594004,205336.06594231416
2019-03-26,44.59186935424805,25.690000534057617,4.3894805908203125,34.55599594116211,0.13921965225344532,0.7640426692354052,1.0,32.858300285339354,True,1.0,0.0,0.0120242189212445,0.0120242189212445,2.0780507175163163,1.5844760053230271,158447.60053230272,207805.07175163162
2019-03-27,44.99293518066406,24.889999389648438,4.38029670715332,34.38492965698242,0.14435962168811042,0.7706448917332501,1.0,32.93425510406494,True,1.0,0.0,-0.00495040815697978,-0.00495040815697978,2.067763518293706,1.5766322023817372,157663.22023817373,206776.3518293706
2019-03-28,45.05260467529297,25.059999465942383,4.398910045623779,34.50467300415039,0.14401524495433568,0.7569319668553657,1.0,33.007814979553224,True,1.0,0.0,0.003482436880415607,0.003482436880415607,2.07496437422979,1.5821227245101621,158212.2724510162,207496.43742297898
2019-03-29,45.346248626708984,25.520000457763672,4.456238746643066,35.03498840332031,0.14813640184251103,0.7819450343181111,1.0,33.09882381439209,True,1.0,0.0,0.015369379072397882,0.015369379072397882,2.1068552882590486,1.6064389684022138,160643.89684022136,210685.52882590485
2019-04-01,45.65420150756836,26.360000610351562,4.523743152618408,35.38568115234375,0.1481670081527567,0.7871380618850928,1.0,33.18572704315186,True,1.0,0.0,0.010009786359461259,0.010009786359461259,2.127944459584823,1.6225190792754334,162251.90792754333,212794.4459584823
2019-04-02,46.317874908447266,26.75,4.541611671447754,35.30015182495117,0.2010346904370397,0.7927594399365014,1.0,33.26151100158691,True,1.0,0.0,-0.0024170603647377664,-0.0024170603647377664,2.1228010893731972,1.6185973527178859,161859.73527178858,212280.10893731972
2019-04-03,46.63538360595703,29.020000457763672,4.681087017059326,35.74492645263672,0.19070275829806005,0.8000719423997913,1.0,33.35423065185547,True,1.0,0.0,0.01259979361820096,0.01259979361820096,2.1495479449917916,1.6389913453130975,163899.13453130974,214954.79449917914
2019-04-04,46.716548919677734,29.09000015258789,4.672152042388916,35.95875549316406,0.2292858343247219,0.7978239673911985,1.0,33.44917381286621,True,1.0,0.0,0.005982080864278094,0.005982080864278094,2.162406714620375,1.6487959240766124,164879.59240766123,216240.6714620375
2019-04-05,47.02927017211914,28.979999542236328,4.738912105560303,36.12126541137695,0.23967202183832415,0.7662055169775085,1.0,33.527694396972656,True,1.0,0.0,0.004519342118049163,0.004519342118049163,2.1721793703621115,1.6562473969403595,165624.73969403596,217217.93703621114
2019-04-08,47.76934051513672,28.530000686645508,4.759758949279785,36.25812530517578,0.24171222000102802,0.7680203270905471,1.0,33.60039863586426,True,1.0,0.0,0.003788900866017908,0.003788900866017908,2.1804095426596226,1.6625227541369667,166252.27541369668,218040.95426596227
2019-04-09,47.626102447509766,27.239999771118164,4.696969985961914,36.10416793823242,0.2125114647917486,0.7883634602447478,1.0,33.6819987487793,True,1.0,0.0,-0.004246148019169116,-0.004246148019169116,2.171151200999081,1.6554634364376644,165546.34364376645,217115.1200999081
2019-04-10,47.89346694946289,27.829999923706055,4.76745080947876,36.241031646728516,0.1831091733124933,0.7952458797840114,1.0,33.785324554443356,True,1.0,0.0,0.0037908007942528688,0.0037908007942528688,2.1793816026962713,1.661738968547369,166173.8968547369,217938.16026962714
2019-04-11,47.49478530883789,27.790000915527344,4.75355339050293,36.01007843017578,0.19036068459791983,0.7895972372394917,1.0,33.86606918334961,True,1.0,0.0,-0.006372699839343077,-0.006372699839343077,2.1654930579069016,1.651149204889477,165114.92048894768,216549.30579069015
2019-04-12,47.4756965637207,27.850000381469727,4.715582847595215,36.42063903808594,0.1814385545380346,0.7540972343786203,1.0,33.95091941833496,True,1.0,0.0,0.011401269472551823,0.011401269472551823,2.1901824278010387,1.6699744019138116,166997.44019138117,219018.24278010387
2019-04-15,47.561641693115234,27.329999923706055,4.583799839019775,36.4463005065918,0.16625546956765075,0.7651475043685797,1.0,34.03713821411133,True,1.0,0.0,0.0007045858937022587,0.0007045858937022587,2.1917255994443017,1.671151042320244,167115.1042320244,219172.55994443016
2019-04-16,47.56641387939453,27.93000030517578,4.670910358428955,36.78844451904297,0.14697201097184753,0.7748496077881982,1.0,34.12387023925781,True,1.0,0.0,0.009387619804904324,0.009387619804904324,2.212300686088561,1.6868391729421162,168683.91729421163,221230.0686088561
2019-04-17,48.492679595947266,27.489999771118164,4.648080348968506,37.96882629394531,0.1303085013854659,0.9174989982469034,1.0,34.228906860351564,True,1.0,0.0,0.03208566685365932,0.03208566685365932,2.2832838288825203,1.7409625326808391,174096.2532680839,228328.38288825203
2019-04-18,48.66694259643555,27.68000030517578,4.623508930206299,38.832725524902344,0.15100024691157576,0.8769410644351954,1.0,34.34283912658692,True,1.0,0.0,0.02275285583675757,0.02275285583675757,2.3352350566754843,1.7805744022041226,178057.44022041225,233523.50566754842
2019-04-22,48.82688522338867,28.18000030517578,4.677363872528076,38.61888885498047,0.11614846949512203,0.8351890795869166,1.0,34.46310096740723,True,1.0,0.0,-0.005506609876887114,-0.005506609876887114,2.322375828247542,1.770769473614413,177076.9473614413,232237.5828247542
2019-04-23,49.5311393737793,27.969999313354492,4.73196268081665,38.84983444213867,0.14076192305619512,0.7751485974190093,1.0,34.593627014160155,True,1.0,0.0,0.005980119936268347,0.005980119936268347,2.336263914237553,1.78135888744611,178135.888744611,233626.3914237553
2019-04-24,49.45475387573242,28.459999084472656,4.74437141418457,38.841278076171875,0.15053601831548852,0.7880451663092122,1.0,34.71542846679687,True,1.0,0.0,-0.00022024201877979266,-0.00022024201877979266,2.335749370756679,1.7809665573685676,178096.65573685674,233574.9370756679
2019-04-25,49.00593185424805,27.65999984741211,4.638648509979248,38.045799255371094,0.1792712325677771,0.9153858983363481,1.0,34.81533279418945,True,1.0,0.0,-0.020480243189751945,-0.020480243189751945,2.287912655613272,1.744491929160844,174449.1929160844,228791.2655613272
2019-04-26,48.77198791503906,27.8799991607666,4.4197587966918945,37.583919525146484,0.17247633258039644,0.9825896168863625,1.0,34.914724044799804,True,1.0,0.0,-0.012140097967830332,-0.012140097967830332,2.2601371718322882,1.7233136262367421,172331.3626236742,226013.71718322881
2019-04-29,48.84599304199219,27.690000534057617,4.450530529022217,37.48983383178711,0.12324815713704002,0.9803198984469765,1.0,35.01343116760254,True,1.0,0.0,-0.0025033496917856723,-0.0025033496917856723,2.2544792581397886,1.7189995696016522,171899.95696016523,225447.92581397886
2019-04-30,47.90541458129883,27.6299991607666,4.491977214813232,37.48127746582031,0.10755518568800254,0.9815289963095033,1.0,35.11145393371582,True,1.0,0.0,-0.0002282316322123057,-0.0002282316322123057,2.2539647146589146,1.7186072395241099,171860.72395241098,225396.47146589146
2019-05-01,50.256866455078125,26.809999465942383,4.478824138641357,37.48127746582031,0.08623665580995783,0.9852490634317324,1.0,35.20314697265625,True,1.0,0.0,0.0,0.0,2.2539647146589146,1.7186072395241099,171860.72395241098,225396.47146589146
2019-05-02,49.92981719970703,28.290000915527344,4.546327590942383,37.977378845214844,0.09351553438359045,0.9954674491714262,1.0,35.295524520874025,True,1.0,0.0,0.013235978412073468,0.013235978412073468,2.283798142963715,1.7413546878452841,174135.4687845284,228379.8142963715
2019-05-03,50.55049514770508,28.219999313354492,4.541860580444336,38.24253845214844,0.08341949358939893,1.0044360358158038,1.0,35.39354736328125,True,1.0,0.0,0.006982040756796648,0.006982040756796648,2.299743714678184,1.7535128972478589,175351.2897247859,229974.37146781842
2019-05-06,49.769874572753906,27.420000076293945,4.463436603546143,37.429954528808594,0.0881183262355816,1.1168132515220142,1.0,35.46830451965332,True,1.0,0.0,-0.021248169086803714,-0.021248169086803714,2.250878371372388,1.7162539587112453,171625.39587112452,225087.83713723882
2019-05-07,48.428218841552734,26.65999984741211,4.296166896820068,37.429954528808594,0.07261323976544591,1.1231521349335678,1.0,35.53981140136719,True,1.0,0.0,0.0,0.0,2.250878371372388,1.7162539587112453,171625.39587112452,225087.83713723882
2019-05-08,48.43777084350586,27.09000015258789,4.3162689208984375,37.378639221191406,0.034082759519362196,1.1253486047511503,1.0,35.60994979858398,True,1.0,0.0,-0.0013709690076617598,-0.0013709690076617598,2.2477924868852206,1.7139010277245754,171390.10277245755,224779.24868852206
2019-05-09,47.91733932495117,27.209999084472656,4.223699569702148,36.99372863769531,0.05004383424900677,1.154320517192861,1.0,35.6749560546875,True,1.0,0.0,-0.010297608246740864,-0.010297608246740864,2.2246456004353092,1.6962519463673813,169625.19463673813,222464.56004353092
2019-05-10,47.253517150878906,27.959999084472656,4.189698696136475,36.63447952270508,0.02798554601923274,1.1706862611847477,1.0,35.73962013244629,True,1.0,0.0,-0.009711081532456589,-0.009711081532456589,2.2030418856286613,1.6797795054166196,167977.95054166196,220304.18856286613
2019-05-13,44.507179260253906,26.239999771118164,3.9323413372039795,35.06064987182617,0.027037133501344783,1.4390386870934675,1.0,35.76699119567871,False,1.0,0.0,-0.04296033876784,-0.04296033876784,2.108398459902313,1.6076156088086468,160761.56088086468,210839.8459902313
2019-05-14,45.21173858642578,27.31999969482422,4.021435737609863,35.89889144897461,-0.035368666004762093,1.5242862984906047,0.5,35.815232849121095,True,1.0,0.0,0.023908329714733112,0.023908329714733112,2.158806745451693,1.6460510128385955,164605.10128385955,215880.6745451693
2019-05-15,45.753334045410156,27.579999923706055,3.9603848457336426,35.89889144897461,-0.010395683538069248,1.506559769620453,0.5,35.86569854736328,True,1.0,0.0,0.0,0.0,2.158806745451693,1.6460510128385955,164605.10128385955,215880.6745451693
2019-05-16,45.55203628540039,28.010000228881836,3.9755234718322754,35.522525787353516,-0.011688824090066347,1.3459535462708345,1.0,35.91257141113281,False,-1.0,2.0,-0.01048404690033522,-0.01048404690033522,2.1361737142836175,1.6287937368196512,162879.3736819651,213617.37142836174
2019-05-17,45.293216705322266,27.5,3.8846912384033203,34.42768859863281,-0.016888320307743974,1.3377258781903167,1.0,35.94028450012207,False,-1.0,0.0,-0.030820927410248444,0.028820927410248443,2.0703348593000013,1.6757370828747977,167573.70828747976,207033.48593000014
2019-05-20,43.876895904541016,26.68000030517578,3.7660634517669678,33.067684173583984,-0.02780504827901523,1.4886969437644246,1.0,35.94815361022949,False,-1.0,0.0,-0.039503216173009004,0.039503216173009004,1.9885499738025572,1.7419340871087285,174193.40871087284,198854.99738025572
2019-05-21,44.71805953979492,27.350000381469727,3.8482091426849365,33.61510467529297,-0.0674785022822498,1.5337089033092546,0.5,35.95944404602051,False,-0.5,0.5,0.016554546089027067,-0.016554546089027067,2.0214695159942053,1.7130971589796398,171309.71589796396,202146.95159942054
2019-05-22,43.80260467529297,27.40999984741211,3.7772319316864014,33.27296829223633,-0.05578703137356392,1.517948634403091,0.5,35.95944404602051,False,-0.5,0.0,-0.01017805496551405,0.004589027482757024,2.0008948881493054,1.7209586089228306,172095.86089228306,200089.48881493055
2019-05-23,43.05491256713867,26.360000610351562,3.6561217308044434,32.56303405761719,-0.0704673450835937,1.5056873065326237,0.5,35.93994209289551,False,-0.5,0.0,-0.021336666701443407,0.010668333350721704,1.9582024608162418,1.7393183690456135,173931.83690456135,195820.24608162418
2019-05-24,42.88956832885742,26.440000534057617,3.602267265319824,32.67422866821289,-0.08166555759040912,1.4991111645230766,1.0,35.92933570861816,False,-1.0,0.5,0.0034147496943606193,-0.0017073748471803096,1.9648892320708102,1.7363487006110663,173634.87006110663,196488.923207081
2019-05-28,42.71221923828125,29.049999237060547,3.5570995807647705,32.20377731323242,-0.07688555308600613,1.485422443415233,1.0,35.895121536254884,False,-1.0,0.0,-0.01439823904513915,0.013898239045139149,1.9365982872102347,1.7604808899178757,176048.08899178758,193659.82872102348
2019-05-29,42.50852584838867,28.09000015258789,3.4828951358795166,32.23799514770508,-0.06661284835757336,1.4708864519218992,1.0,35.858170623779294,False,-1.0,0.0,0.0010625410224345266,-0.0010625410224345266,1.938656002334372,1.7586103067531258,175861.0306753126,193865.6002334372
2019-05-30,42.7289924621582,28.030000686645508,3.456310510635376,32.5373649597168,-0.07443285054758203,1.4800582354251948,1.0,35.82874656677246,False,-1.0,0.0,0.009286241611492718,-0.009286241611492718,1.9566588303736194,1.742279426544155,174227.9426544155,195665.88303736196
2019-05-31,41.954933166503906,27.40999984741211,3.365622043609619,32.80253601074219,-0.08571391607775272,1.441355699703974,1.0,35.80308647155762,False,-1.0,0.0,0.008149739579516924,-0.008149739579516924,1.9726050902871266,1.72808030294307,172808.030294307,197260.50902871267
2019-06-03,41.53076934814453,27.579999923706055,3.3238813877105713,33.20454788208008,-0.10543007422513424,1.4447126803123853,1.0,35.765109100341796,False,-1.0,0.0,0.012255511927682594,-0.012255511927682594,1.996780375499748,1.706901794178358,170690.1794178358,199678.0375499748
2019-06-04,43.05012512207031,29.56999969482422,3.552960157394409,33.409828186035156,-0.11106878269198586,1.4181613821504901,1.0,35.741672592163084,False,-1.0,0.0,0.006182294807449029,-0.006182294807449029,2.009125060446816,1.6963492240793836,169634.92240793837,200912.5060446816
2019-06-05,43.74510192871094,29.5,3.510226011276245,32.699886322021484,-0.05443006702389988,1.4228468304412598,1.0,35.71276184082031,False,-1.0,0.0,-0.021249491618469896,0.021249491618469896,1.9664321743143935,1.7323957826984566,173239.57826984566,196643.21743143935
2019-06-06,44.38735580444336,31.81999969482422,3.5723397731781006,32.879512786865234,-0.043638700123093406,1.417330834550058,1.0,35.67923217773438,False,-1.0,0.0,0.005493183158951309,-0.005493183158951309,1.9772341464175573,1.722879415360299,172287.94153602992,197723.41464175572
2019-06-07,45.56880569458008,32.40999984741211,3.6150755882263184,33.20454788208008,-0.0224465186429633,1.4227745261650269,1.0,35.655624542236325,False,-1.0,0.0,0.009885642081189472,-0.009885642081189472,1.9967803754997475,1.7058476461109982,170584.76461109982,199678.03754997475
2019-06-10,46.151145935058594,33.22999954223633,3.6878743171691895,33.88882064819336,0.0024101520792273214,1.4649075900465378,1.0,35.643307495117185,False,-1.0,0.0,0.020607802537873754,-0.020607802537873754,2.037929631189548,1.670693874660246,167069.3874660246,203792.9631189548
2019-06-11,46.68556213378906,32.40999984741211,3.745515823364258,34.17963790893555,0.023107180338076346,1.2866210400594698,1.0,35.62620048522949,False,-1.0,0.0,0.008581510220176058,-0.008581510220176058,2.0554181451476006,1.6563567981000635,165635.67981000635,205541.81451476004
2019-06-12,46.53696823120117,32.18000030517578,3.632467746734619,33.75196075439453,0.06572420979401952,1.2096538318691958,1.0,35.59352607727051,False,-1.0,0.0,-0.012512629761628036,0.012512629761628036,2.0296994588920363,1.6770821774678453,167708.21774678453,202969.94588920363
2019-06-13,46.52738952636719,31.389999389648438,3.683650255203247,33.74341583251953,0.03757526797161995,1.1985408558862263,1.0,35.56239135742187,False,-1.0,0.0,-0.00025316816220488647,0.00025316816220488647,2.0291856036102005,1.6775067612805814,167750.67612805814,202918.56036102006
2019-06-14,46.189491271972656,30.360000610351562,3.59370756149292,32.366310119628906,0.021619286523982824,1.330404965092846,1.0,35.49481903076172,False,-1.0,0.0,-0.04081109392498039,0.04081109392498039,1.9463723193500466,1.7459676472749928,174596.76472749928,194637.23193500467
2019-06-17,46.465084075927734,29.200000762939453,3.6033968925476074,32.212345123291016,0.0034835676269156252,1.242500209872442,1.0,35.419890823364256,False,-1.0,0.0,-0.004756952391817948,0.004756952391817948,1.9371135188901463,1.7542731322507341,175427.31322507342,193711.35188901462
2019-06-18,47.5578727722168,30.450000762939453,3.7984375953674316,33.53813171386719,-0.006575462455081469,1.2670185687658837,1.0,35.368228149414065,False,-1.0,0.0,0.04115771718891614,-0.04115771718891614,2.016840689263453,1.6820712548014443,168207.12548014443,201684.06892634532
2019-06-19,47.41887664794922,30.5,3.804401397705078,33.70064163208008,0.059860917051004645,1.233039664890028,1.0,35.31707847595215,False,-1.0,0.0,0.004845526864744709,-0.004845526864744709,2.0266133450051895,1.673920733347889,167392.0733347889,202661.33450051895
2019-06-20,47.79991149902344,30.010000228881836,3.828748941421509,34.65007400512695,0.04786307886110401,1.285401758973813,1.0,35.28799659729004,False,-1.0,0.0,0.028172531057779615,-0.028172531057779615,2.083708172409459,1.6267621494993842,162676.2149499384,208370.81724094588
2019-06-21,47.63695526123047,29.100000381469727,3.7706103324890137,34.65864181518555,0.06394814631763378,1.2180607996654678,1.0,35.25634880065918,False,-1.0,0.0,0.00024726671744845774,-0.00024726671744845774,2.084223404089371,1.626359905362608,162635.9905362608,208422.3404089371
2019-06-24,47.58903503417969,29.260000228881836,3.7929718494415283,35.30862808227539,0.07115778500868734,1.2328854536175045,1.0,35.24231979370117,True,1.0,2.0,0.018753945135987937,-0.018753945135987937,2.123310815460805,1.5958592409260672,159585.92409260673,212331.0815460805
2019-06-25,46.86769485473633,28.860000610351562,3.7636537551879883,34.37248992919922,0.0760086107259345,1.281552302889877,1.0,35.20135681152344,False,1.0,0.0,-0.02651301406825557,-0.02851301406825557,2.0670154459392136,1.5503564839385866,155035.64839385866,206701.54459392137
2019-06-26,47.881385803222656,29.920000076293945,3.9569547176361084,34.513790130615234,0.04967379610834495,1.2710776139701656,1.0,35.16270660400391,False,1.0,0.0,0.004110851489288914,0.004110851489288914,2.075512639463536,1.5567297691995143,155672.97691995144,207551.2639463536
2019-06-27,47.86702346801758,30.739999771118164,4.0555925369262695,34.964202880859375,0.08896083902707529,1.2665396643366678,1.0,35.12622177124023,False,1.0,0.0,0.013050225679057004,0.013050225679057004,2.1025985478082707,1.5770454440088744,157704.54440088745,210259.85478082707
2019-06-28,47.43085479736328,30.3700008392334,4.080439567565918,34.59326934814453,0.09647837517326008,1.2723600937979294,1.0,35.05871063232422,False,1.0,0.0,-0.01060895150330754,-0.01060895150330754,2.0802921817836477,1.5603146453748722,156031.46453748722,208029.21817836477
2019-07-01,48.300777435302734,31.200000762939453,4.1286396980285645,36.5450553894043,0.09845832178271943,1.484425552602987,1.0,35.01295722961426,True,1.0,0.0,0.05642097662458867,0.05642097662458867,2.1976642983443773,1.6483491215085713,164834.91215085713,219766.42983443773
2019-07-02,48.583560943603516,31.239999771118164,4.030747413635254,36.0328254699707,0.12473746603966374,1.4915622231463013,1.0,34.96123596191406,True,1.0,0.0,-0.014016394666133358,-0.014016394666133358,2.1668609681951114,1.625245209673933,162524.5209673933,216686.09681951115
2019-07-03,48.986175537109375,31.190000534057617,4.043665885925293,35.61773681640625,0.08070421160276067,1.4429336777450508,1.0,34.896594009399415,True,1.0,0.0,-0.011519736466694352,-0.011519736466694352,2.1418993008815375,1.6065228131647318,160652.28131647318,214189.93008815375
2019-07-05,48.94303512573242,31.5,3.9810547828674316,35.26447677612305,0.07977910333907133,1.4401011937223007,1.0,34.82505798339844,True,1.0,0.0,-0.009918093395549055,-0.009918093395549055,2.120655743571533,1.5905891698616839,159058.9169861684,212065.5743571533
2019-07-08,47.93412399291992,32.040000915527344,3.906020402908325,34.725746154785156,0.06148409331253885,1.4436905034835255,1.0,34.75865692138672,False,1.0,0.0,-0.015276864158740522,-0.015276864158740522,2.088258773849538,1.566289955181343,156628.9955181343,208825.87738495378
2019-07-09,48.22649383544922,33.150001525878906,3.9085049629211426,35.03486633300781,0.02845404146909973,1.4049481434673081,1.0,34.70767585754395,True,1.0,0.0,0.008901757700030322,0.008901757700030322,2.106847947469309,1.5802326888503586,158023.26888503585,210684.7947469309
2019-07-10,48.70338821411133,33.790000915527344,3.9768316745758057,35.953338623046875,0.02847596921330301,1.424085324903272,1.0,34.67694595336914,True,1.0,0.0,0.026215949600290944,0.026215949600290944,2.162080967075641,1.621659989377992,162165.9989377992,216208.09670756408
2019-07-11,48.34870910644531,33.060001373291016,4.131372928619385,36.12114715576172,0.03855697303484499,1.3888861266157744,1.0,34.64974334716797,True,1.0,0.0,0.004667397775606652,0.004667397775606652,2.172172258972051,1.6292289216052052,162922.8921605205,217217.22589720512
2019-07-12,48.72016143798828,33.209999084472656,4.164417266845703,36.41257858276367,0.04993080295454305,1.3714698131511325,1.0,34.628369369506835,True,1.0,0.0,0.00806816643295516,0.00806816643295516,2.1896977062784857,1.6423738117021,164237.38117021,218969.77062784857
2019-07-15,49.17788314819336,34.38999938964844,4.155969142913818,36.93365478515625,0.055561415879097555,1.2107285187346697,1.0,34.607494888305666,True,1.0,0.0,0.014310335127961427,0.014310335127961427,2.2210330142842594,1.6658767313529446,166587.67313529446,222103.30142842594
2019-07-16,49.00774002075195,33.849998474121094,4.151248931884766,36.88949203491211,0.0788565712784703,1.1947470694134974,1.0,34.580433959960935,True,1.0,0.0,-0.0011957319279946033,-0.0011957319279946033,2.2183772541959494,1.6638847893571627,166388.47893571627,221837.72541959494
2019-07-17,48.73214340209961,33.599998474121094,4.216593265533447,36.76585006713867,0.07510873072928483,1.093654255191672,1.0,34.56715187072754,True,1.0,0.0,-0.003351685289036288,-0.003351685289036288,2.210941951787528,1.658307971186023,165830.7971186023,221094.1951787528
2019-07-18,49.28572082519531,33.0,4.228271007537842,38.14357376098633,0.045647543165219594,1.1627747300473918,1.0,34.5814242553711,True,1.0,0.0,0.03747291824700838,0.03747291824700838,2.293792398795743,1.720449610218639,172044.9610218639,229379.2398795743
2019-07-19,48.550010681152344,32.5099983215332,4.185039043426514,38.70879364013672,0.04706858629172127,1.1204725929726658,1.0,34.60802734375,True,1.0,0.0,0.014818220303429053,0.014818220303429053,2.3277823198914294,1.7459436115638074,174594.36115638074,232778.23198914295
2019-07-22,49.65957260131836,32.849998474121094,4.256596565246582,39.38882064819336,0.029471702994331272,1.1187608718890834,1.0,34.65592918395996,True,1.0,0.0,0.017567765463802232,0.017567765463802232,2.3686762537380677,1.7766159394447842,177661.59394447843,236867.62537380678
2019-07-23,50.04780960083008,33.4900016784668,4.364427089691162,39.229862213134766,0.06278400136748487,1.1060189450174278,1.0,34.70783683776855,True,1.0,0.0,-0.004035623114445386,-0.004035623114445386,2.3591171690978445,1.7694461870940688,176944.61870940687,235911.71690978445
2019-07-24,50.00706100463867,34.11000061035156,4.438963890075684,39.33583450317383,0.08021189602828818,1.0162760563565123,1.0,34.79334053039551,True,1.0,0.0,0.002701316906577933,0.002701316906577933,2.3654898921913268,1.7742260219945458,177422.6021994546,236548.98921913267
2019-07-25,49.61164474487305,33.66999816894531,4.307778358459473,38.52333068847656,0.09817923172572462,1.0661524500536088,1.0,34.84582931518555,True,1.0,0.0,-0.020655563176922298,-0.020655563176922298,2.316629366278798,1.737578384307098,173757.8384307098,231662.93662787977
2019-07-26,49.78418731689453,34.02000045776367,4.349767684936523,38.382022857666016,0.06157625689190044,1.0601118364730777,1.0,34.895491943359374,True,1.0,0.0,-0.0036681104225708694,-0.0036681104225708694,2.3081317139551167,1.7312047549255873,173120.47549255873,230813.1713955117
2019-07-29,50.24911117553711,33.47999954223633,4.343556880950928,38.80593490600586,0.053999435091818995,1.0359498667797054,1.0,34.96116012573242,True,1.0,0.0,0.011044546815884626,0.011044546815884626,2.333623982727122,1.750325126889245,175032.5126889245,233362.39827271222
2019-07-30,50.03342056274414,33.869998931884766,4.3592095375061035,38.07291793823242,0.056485724696508484,0.8453276950494489,1.0,35.03406471252441,True,1.0,0.0,-0.0188893005554156,-0.0188893005554156,2.2895434579340637,1.7172627094977382,171726.2709497738,228954.34579340636
2019-07-31,51.0543212890625,30.450000762939453,4.1919965744018555,37.64900588989258,0.04183703350907432,0.8353896029904969,1.0,35.125691146850585,True,1.0,0.0,-0.011134214851290847,-0.011134214851290847,2.2640511891620583,1.6981423375340805,169814.23375340804,226405.11891620583
2019-08-01,49.94955062866211,29.860000610351562,4.09758186340332,36.97780227661133,0.029968180034409358,0.8529527395720754,1.0,35.192945098876955,True,1.0,0.0,-0.01782792393627175,-0.01782792393627175,2.2236878567738514,1.6678679851075602,166786.79851075602,222368.78567738514
2019-08-02,48.8927116394043,29.440000534057617,4.004907131195068,36.783512115478516,0.013288751730225954,0.8424864305038942,1.0,35.263155975341796,True,1.0,0.0,-0.005254237655321736,-0.005254237655321736,2.2120040723031087,1.6591046103361025,165910.46103361025,221200.40723031087
2019-08-05,46.33326721191406,27.989999771118164,3.7465105056762695,35.21149444580078,-0.00675219112154059,0.9810865960111118,1.0,35.31612518310547,False,1.0,0.0,-0.042737019367332985,-0.042737019367332985,2.1174696114244713,1.588199424471737,158819.9424471737,211746.96114244714
2019-08-06,47.210384368896484,28.860000610351562,3.7852699756622314,36.439083099365234,-0.049161265559029346,1.0550183411183043,1.0,35.391422271728516,True,1.0,0.0,0.034863293162805675,0.034863293162805675,2.191291575250895,1.6435692866080944,164356.92866080944,219129.1575250895
2019-08-07,47.69926834106445,29.190000534057617,3.8235318660736084,36.439083099365234,-0.036198385634575295,1.0075853939044197,1.0,35.47612838745117,True,1.0,0.0,0.0,0.0,2.191291575250895,1.6435692866080944,164356.92866080944,219129.1575250895
2019-08-08,48.751312255859375,33.91999816894531,3.932108163833618,37.00429916381836,-0.016142431869740317,1.02043168017629,1.0,35.571454467773435,True,1.0,0.0,0.01551125924084995,0.01551125924084995,2.225281266946902,1.6690631158929714,166906.31158929714,222528.12669469023
2019-08-09,48.34959030151367,34.189998626708984,3.830737352371216,36.571563720703125,0.024196450431537113,1.0262898669795402,1.0,35.65213844299316,True,1.0,0.0,-0.011694193725964364,-0.011694193725964364,2.199258396716466,1.6495447684748572,164954.47684748573,219925.8396716466
2019-08-12,48.22689437866211,32.43000030517578,3.762908697128296,36.174137115478516,0.008389066881719772,1.0154865353187628,1.0,35.71957046508789,True,1.0,0.0,-0.010867093577396791,-0.010867093577396791,2.175358849918472,1.6316190111157356,163161.90111157356,217535.8849918472
2019-08-13,50.269222259521484,32.11000061035156,3.877199411392212,36.9513053894043,-0.016043057798845843,1.0455632533867394,1.0,35.79450561523438,True,1.0,0.0,0.021484086032096172,0.021484086032096172,2.2220944466008024,1.6666728543221498,166667.285432215,222209.44466008025
2019-08-14,48.77295684814453,30.239999771118164,3.728620767593384,35.706058502197266,0.02050072000542877,1.11646314871642,1.0,35.84043022155762,False,1.0,0.0,-0.033699672422509375,-0.033699672422509375,2.147210591658478,1.6105065250960047,161050.65250960048,214721.0591658478
2019-08-15,48.529998779296875,29.670000076293945,3.6963210105895996,36.085811614990234,-0.0064894209225678755,1.018518013671952,1.0,35.90814872741699,True,1.0,0.0,0.010635537181164834,0.010635537181164834,2.1700473297418528,1.6276351271241718,162763.51271241717,217004.7329741853
2019-08-16,49.675052642822266,31.18000030517578,3.9644079208374023,36.68635940551758,-0.02415610254187498,1.0215168220717135,1.0,35.98428565979004,True,1.0,0.0,0.01664221375799335,0.01664221375799335,2.2061617212683795,1.654722578829791,165472.2578829791,220616.17212683795
2019-08-19,50.6012077331543,31.479999542236328,4.243178844451904,36.898319244384766,0.02924625450963815,0.9954301340371652,1.0,36.05816108703613,True,1.0,0.0,0.005777619864763883,0.005777619864763883,2.2189080850540615,1.6642829368719114,166428.29368719115,221890.80850540614
2019-08-20,50.603607177734375,30.719999313354492,4.170877933502197,37.03962707519531,0.0540868398317826,0.9973975653360059,1.0,36.121177215576175,True,1.0,0.0,0.0038296549464662544,0.0038296549464662544,2.2274057373777425,1.6706565662534223,167065.65662534224,222740.57373777425
2019-08-21,51.15208053588867,31.700000762939453,4.254357814788818,37.6048469543457,0.037312253215356576,1.0164655745971294,1.0,36.189681396484374,True,1.0,0.0,0.01525986959865766,0.01525986959865766,2.261395658473429,1.6961505675985906,169615.05675985906,226139.5658473429
2019-08-22,51.10877990722656,31.899999618530273,4.260570526123047,37.207427978515625,0.04584153964719913,0.9951829007533253,1.0,36.258790740966795,True,1.0,0.0,-0.010568291271403574,-0.010568291271403574,2.237496570474794,1.6782251543600522,167822.51543600523,223749.6570474794
2019-08-23,48.74649429321289,29.540000915527344,4.035964488983154,36.16529846191406,0.0616085682399474,1.040758293595904,1.0,36.30722839355469,False,1.0,0.0,-0.028008641640139942,-0.028008641640139942,2.1748273308613237,1.631220347420113,163122.0347420113,217482.7330861324
2019-08-26,49.67264938354492,30.280000686645508,4.110750198364258,36.509727478027344,0.0012729334024977335,1.0360408755548156,1.0,36.390096740722655,True,1.0,0.0,0.009523743222415337,0.009523743222415337,2.195539827913538,1.6467556711481213,164675.56711481212,219553.98279135377
2019-08-27,49.112159729003906,30.200000762939453,4.020064353942871,36.51856994628906,0.027069727565242,1.016051326240674,1.0,36.476221237182614,True,1.0,0.0,0.0002421948579878208,0.0002421948579878208,2.196071576370366,1.6471545069040356,164715.45069040355,219607.1576370366
2019-08-28,49.44171142578125,30.780000686645508,4.009617805480957,36.783512115478516,0.01687474683500953,1.0133277865622508,1.0,36.54112884521484,True,1.0,0.0,0.007254998472807861,0.007254998472807861,2.2120040723031096,1.659104610336103,165910.46103361028,221200.40723031096
2019-08-29,50.27885055541992,31.450000762939453,4.153368949890137,37.339900970458984,0.018497131484596727,1.006683250263523,1.0,36.613914031982425,True,1.0,0.0,0.015126039439457006,0.015126039439457006,2.245462933141006,1.6842002921062318,168420.02921062318,224546.29331410062
2019-08-30,50.21390151977539,31.450000762939453,4.16605281829834,37.64900588989258,0.05450665199937227,1.0067162134719014,1.0,36.673892669677734,True,1.0,0.0,0.008278139775414362,0.008278139775414362,2.264051189162059,1.698142337534081,169814.2337534081,226405.11891620592
2019-09-03,49.482608795166016,30.899999618530273,4.0829854011535645,36.84532928466797,0.06038334182794179,0.8991065363531525,1.0,36.717626419067386,True,1.0,0.0,-0.02134655580482059,-0.02134655580482059,2.215721494107641,1.6618928473613812,166189.28473613813,221572.14941076408
2019-09-04,50.322147369384766,30.950000762939453,4.197140216827393,38.108253479003906,0.07740212798247431,0.8978298913969401,1.0,36.773618927001955,True,1.0,0.0,0.03427637149280316,0.03427637149280316,2.2916683871642634,1.7188565039787724,171885.65039787724,229166.83871642634
2019-09-05,51.306034088134766,31.5,4.470219612121582,39.07088851928711,0.07572334005783632,0.9352803386969364,1.0,36.86758689880371,True,1.0,0.0,0.025260539447539143,0.025260539447539143,2.349557166858905,1.7622757465021874,176227.57465021874,234955.71668589048
2019-09-06,51.301231384277344,30.559999465942383,4.443110942840576,38.602821350097656,0.0984147780916363,0.9389238025244425,1.0,36.94936752319336,True,1.0,0.0,-0.011979946884453252,-0.011979946884453252,2.3214095967979484,1.741163776663331,174116.3776663331,232140.95967979485
2019-09-09,51.5201301574707,30.5,4.489119529724121,38.726444244384766,0.06029291718358621,0.9220688819304184,1.0,37.02461235046387,True,1.0,0.0,0.0032024315830685435,0.0032024315830685435,2.328843752207973,1.7467397345330125,174673.97345330124,232884.3752207973
2019-09-10,52.12874221801758,30.229999542236328,4.555773735046387,38.947242736816406,0.07323138818083363,0.9072733197771335,1.0,37.111691818237304,True,1.0,0.0,0.005701491493468547,0.005701491493468547,2.342121635050804,1.756698756270756,175669.87562707558,234212.16350508042
2019-09-11,53.78617477416992,29.760000228881836,4.58437442779541,39.05321502685547,0.09975708503589101,0.8814049691435913,1.0,37.16185501098633,True,1.0,0.0,0.0027209189301322656,0.0027209189301322656,2.3484943581442863,1.7614785911712327,176147.85911712327,234849.43581442864
2019-09-12,53.6658935546875,30.209999084472656,4.582881927490234,38.92074203491211,0.09653119259805412,0.766589979293103,1.0,37.21961334228516,True,1.0,0.0,-0.0033921148835572845,-0.0033921148835572845,2.340527995478075,1.7555034534250533,175550.34534250534,234052.7995478075
2019-09-13,52.621883392333984,30.690000534057617,4.524933815002441,39.5124626159668,0.11483643823437598,0.7754880376089679,1.0,37.29750785827637,True,1.0,0.0,0.015203219417654346,0.015203219417654346,2.376111556146491,1.7821927576159244,178219.27576159243,237611.1556146491
2019-09-16,52.898521423339844,30.829999923706055,4.481906890869141,39.38882064819336,0.1086974198320563,0.7683152013522565,1.0,37.37999473571777,True,1.0,0.0,-0.0031291891111711045,-0.0031291891111711045,2.3686762537380694,1.7766159394447847,177661.59394447846,236867.62537380695
2019-09-17,53.09096908569336,30.989999771118164,4.503296852111816,39.85689926147461,0.07844897772342782,0.7759231235525974,1.0,37.48261779785156,True,1.0,0.0,0.011883539684063082,0.011883539684063082,2.3968245119980636,1.7977284254645158,179772.84254645157,239682.45119980635
2019-09-18,53.588905334472656,30.420000076293945,4.476187705993652,39.77742004394531,0.0651538506641313,0.7811454734087673,1.0,37.57746887207031,True,1.0,0.0,-0.001994114419385351,-0.001994114419385351,2.392044969677952,1.7941435492891582,179414.35492891583,239204.4969677952
2019-09-19,53.15351486206055,30.290000915527344,4.400582313537598,39.93931198120117,0.07134583198513633,0.7706300145050443,1.0,37.6571883392334,True,1.0,0.0,0.004069945639435746,0.004069945639435746,2.401780462671627,1.8014456160041095,180144.56160041093,240178.0462671627
2019-09-20,52.37650680541992,30.049999237060547,4.29487943649292,39.02310562133789,0.053425428210862796,0.8180445172391608,1.0,37.71522750854492,True,1.0,0.0,-0.022939963520015705,-0.022939963520015705,2.3466837064748534,1.760120519289683,176012.05192896829,234668.37064748534
2019-09-23,52.61467742919922,30.639999389648438,4.348352909088135,39.20100402832031,0.025988026284622212,0.7269103867584679,1.0,37.770996017456056,True,1.0,0.0,0.004558796747462068,0.004558796747462068,2.357381760523253,1.768144550988162,176814.4550988162,235738.1760523253
2019-09-24,52.36448669433594,29.520000457763672,4.290903091430664,39.24547576904297,0.07159168324481345,0.7279375125500654,1.0,37.81723243713379,True,1.0,0.0,0.001134454124964046,0.001134454124964046,2.3600561019855935,1.7701504298675632,177015.0429867563,236005.61019855936
2019-09-25,53.17034912109375,29.540000915527344,4.4326629638671875,40.037147521972656,0.04555013660418454,0.7580535350015812,1.0,37.880185546875,True,1.0,0.0,0.020172306168196874,0.020172306168196874,2.407663876248968,1.805858446302617,180585.8446302617,240766.3876248968
2019-09-26,52.896114349365234,29.469999313354492,4.410530090332031,41.32695770263672,0.06682971647907529,0.833340248687705,1.0,37.97140769958496,True,1.0,0.0,0.032215336518572,0.032215336518572,2.485227578245938,1.8640347838551614,186403.47838551615,248522.75782459378
2019-09-27,52.63872146606445,28.719999313354492,4.271752834320068,40.481910705566406,0.0577717875440349,0.888072797176999,1.0,38.018174438476564,True,1.0,0.0,-0.020447839474435736,-0.020447839474435736,2.434410043668524,1.8259192998201266,182591.92998201266,243441.0043668524
2019-09-30,53.877593994140625,28.989999771118164,4.329202175140381,41.344749450683594,0.024273168500386293,0.9164602302916882,1.0,38.0708935546875,True,1.0,0.0,0.02131418033582455,0.02131418033582455,2.4862974983506176,1.8648372730551552,186483.72730551552,248629.74983506175
2019-10-01,54.0267333984375,28.760000228881836,4.327463150024414,41.97629928588867,0.044285071309972196,0.8645705771929488,1.0,38.12264312744141,True,1.0,0.0,0.015275212538375493,0.015275212538375493,2.524276221071555,1.8933230587505574,189332.30587505575,252427.62210715548
2019-10-02,52.67240524291992,28.309999465942383,4.303586959838867,41.300262451171875,0.061161768500168176,0.8349707700667276,1.0,38.16405113220215,True,1.0,0.0,-0.016105203322296258,-0.016105203322296258,2.4836222392895597,1.8628307059345879,186283.07059345877,248362.22392895597
2019-10-03,53.11982727050781,28.68000030517578,4.509265899658203,41.92292404174805,0.026281208924477408,0.8083888354542522,1.0,38.215792922973634,True,1.0,0.0,0.015076456022823814,0.015076456022823814,2.521066460757516,1.8909155911505766,189091.55911505767,252106.6460757516
2019-10-04,54.60887908935547,29.010000228881836,4.525680065155029,42.18088912963867,0.02020553661074066,0.7884728422934623,1.0,38.28894409179688,True,1.0,0.0,0.006153318113825579,0.006153318113825579,2.5365793846766533,1.9025509963093186,190255.09963093186,253657.93846766534
2019-10-07,54.62090301513672,28.93000030517578,4.58437442779541,42.65232849121094,0.04412637462129851,0.7993585575087108,1.0,38.374350204467774,True,1.0,0.0,0.011176610339420412,0.011176610339420412,2.564929744054191,1.923815067445944,192381.5067445944,256492.97440541908
2019-10-08,53.981021881103516,28.229999542236328,4.407793998718262,42.57228469848633,0.04135675156479603,0.8087956183566986,1.0,38.44967720031738,True,1.0,0.0,-0.0018766570444355146,-0.0018766570444355146,2.5601162505815296,1.9202047263474304,192020.47263474306,256011.62505815295
2019-10-09,54.613685607910156,28.459999084472656,4.49434232711792,43.30168533325195,0.010761623621711774,0.8288970790089196,1.0,38.554252548217775,True,1.0,0.0,0.017133227402088558,0.017133227402088558,2.6039793044785253,1.9531040305825063,195310.40305825064,260397.93044785253
2019-10-10,55.34980392456055,28.3799991607666,4.552042484283447,43.5240592956543,0.013459834952319769,0.8240665198186913,1.0,38.67175361633301,True,1.0,0.0,0.005135457446770131,0.005135457446770131,2.6173519293889447,1.9631341132206779,196313.41132206778,261735.19293889447
2019-10-11,56.8220100402832,29.75,4.625659942626953,43.959922790527344,0.023419759199686037,0.8209375083369597,1.0,38.81139602661133,True,1.0,0.0,0.010014311668685938,0.010014311668685938,2.643562907356482,1.982793550077899,198279.3550077899,264356.2907356482
2019-10-14,56.74021530151367,30.530000686645508,4.639088153839111,44.39578628540039,0.058800235037736986,0.8185802432175805,1.0,38.963641510009765,True,1.0,0.0,0.009915019572485972,0.009915019572485972,2.6697738853240196,2.00245298693512,200245.298693512,266977.38853240194
2019-10-15,56.607913970947266,30.719999313354492,4.883814334869385,44.82275390625,0.06675203038186658,0.8208263999736897,1.0,39.15586669921875,True,1.0,0.0,0.009617300572284604,0.009617300572284604,2.6954499032392167,2.0217111791923443,202171.11791923444,269544.99032392167
2019-10-16,56.37937545776367,30.809999465942383,4.830094814300537,44.59148406982422,0.0703266537379235,0.8320627797204304,1.0,39.31891471862793,True,1.0,0.0,-0.005159652548558213,-0.005159652548558213,2.6815423182764575,2.011279851954176,201127.98519541763,268154.23182764574
2019-10-17,56.59828567504883,31.139999389648438,4.832083225250244,44.25346755981445,0.06053403751215723,0.8539746810779822,1.0,39.47520240783692,True,1.0,0.0,-0.007580292898089591,-0.007580292898089591,2.6612154420853,1.9960337615763373,199603.37615763373,266121.54420853
2019-10-18,56.8701171875,30.969999313354492,4.737576484680176,43.835391998291016,0.07003036025994157,0.7916400889338773,1.0,39.61182426452637,True,1.0,0.0,-0.009447294970916231,-0.009447294970916231,2.636074154822763,1.9771766418588181,197717.66418588182,263607.4154822763
2019-10-21,57.85640335083008,32.029998779296875,4.8748626708984375,44.475830078125,0.08326134724348265,0.8044770454005998,1.0,39.7699095916748,True,1.0,0.0,0.014610068500332973,0.014610068500332973,2.674587378796681,2.0060633280336337,200606.3328033634,267458.7378796681
2019-10-22,57.724098205566406,31.510000228881836,4.864913463592529,45.045135498046875,0.0992216165550808,0.8096524350036629,1.0,39.94732955932617,True,1.0,0.0,0.012800332650831914,0.012800332650831914,2.708822986948995,2.0317416059510993,203174.16059510992,270882.2986948995
2019-10-23,58.49869918823242,31.360000610351562,4.8519816398620605,44.6270637512207,0.10301953223892155,0.8170191715133333,1.0,40.1008447265625,True,1.0,0.0,-0.009281174142417692,-0.009281174142417692,2.6836819290861373,2.012884658293872,201288.4658293872,268368.1929086137
2019-10-24,58.59491729736328,31.719999313354492,4.89600133895874,45.320892333984375,0.0969180308228895,0.7411586605220715,1.0,40.29314140319824,True,1.0,0.0,0.01554726043890109,0.01554726043890109,2.725405830972812,2.044179500309835,204417.9500309835,272540.5830972812
2019-10-25,59.31658172607422,32.709999084472656,5.087006092071533,45.48099899291992,0.11136741802276581,0.6516012733793534,1.0,40.481045150756835,True,1.0,0.0,0.003532734037001495,0.003532734037001495,2.735033964916532,2.0514010428083203,205140.10428083202,273503.3964916532
2019-10-28,59.91075897216797,33.689998626708984,5.142964839935303,45.6411018371582,0.15608363216372068,0.6162756078058403,1.0,40.66013999938965,True,1.0,0.0,0.003520213886753165,0.003520213886753165,2.7446618694605727,2.058622413246514,205862.2413246514,274466.18694605725
2019-10-29,58.52515411376953,33.029998779296875,5.046716213226318,45.783447265625,0.16507931122577663,0.6034818060841488,1.0,40.837842559814455,True,1.0,0.0,0.00311879912484736,0.00311879912484736,2.753221918497048,2.0650428430273386,206504.28430273387,275322.19184970483
2019-10-30,58.5179328918457,33.130001068115234,5.048704624176025,46.1748161315918,0.16117754365060516,0.5315319221851132,1.0,41.02054634094238,True,1.0,0.0,0.008548261202267371,0.008548261202267371,2.7767571786041687,2.0826953686434093,208269.53686434095,277675.71786041686
2019-10-31,59.84099578857422,33.93000030517578,4.999463081359863,45.925758361816406,0.16946898813755593,0.5395298500953002,1.0,41.1869645690918,True,1.0,0.0,-0.0053938010075798015,-0.0053938010075798015,2.761779902936409,2.071461724265539,207146.17242655388,276177.9902936409
2019-11-01,61.539329528808594,34.88999938964844,5.038510322570801,46.343833923339844,0.1680218893225079,0.5490441800960769,1.0,41.369692687988284,True,1.0,0.0,0.009103291408488312,0.009103291408488312,2.7869211901989455,2.0903188439830576,209031.88439830576,278692.11901989457
2019-11-04,61.943477630615234,36.290000915527344,5.235234260559082,47.58025360107422,0.16337612662047013,0.6344251404031325,1.0,41.59799179077149,True,1.0,0.0,0.026679270424186496,0.026679270424186496,2.8612742142831586,2.1460870256944546,214608.70256944548,286127.42142831587
2019-11-05,61.85446548461914,36.150001525878906,5.213099956512451,47.63363265991211,0.18916920046991437,0.6345467554002914,1.0,41.82046989440918,True,1.0,0.0,0.0011218741977592206,0.0011218741977592206,2.8644842039968768,2.148494665354727,214849.46653547272,286448.42039968766
2019-11-06,61.88092041015625,35.93000030517578,5.163855075836182,47.71368408203125,0.20883392332051398,0.6184190281320143,1.0,42.044372177124025,True,1.0,0.0,0.0016805651311686542,0.0016805651311686542,2.8692981562688975,2.1521053505738243,215210.53505738243,286929.81562688976
2019-11-07,62.5951042175293,36.279998779296875,5.181514739990234,47.7403678894043,0.18321773529044677,0.6299017307893854,1.0,42.26350929260254,True,1.0,0.0,0.0005592485234879874,0.0005592485234879874,2.870902807026238,2.1533089123135234,215330.89123135235,287090.2807026238
2019-11-08,62.76643753051758,36.290000915527344,5.167587757110596,46.9931755065918,0.20039551454105786,0.7001578992903535,1.0,42.456574783325195,True,1.0,0.0,-0.01565116516369236,-0.01565116516369236,2.8259698330245624,2.1196071188784535,211960.71188784536,282596.9833024562
2019-11-11,63.26344299316406,36.310001373291016,5.177535057067871,46.7885856628418,0.18221534971697378,0.7086574999370113,1.0,42.63936637878418,True,1.0,0.0,-0.004353607551405014,-0.004353607551405014,2.813666669419464,2.1103791813196926,211037.91813196926,281366.6669419464
2019-11-12,63.20555877685547,36.709999084472656,5.213099956512451,46.38831329345703,0.16874088145030047,0.7263119267013701,1.0,42.83022605895996,True,1.0,0.0,-0.00855491491598237,-0.00855491491598237,2.789595990460645,2.092325066983042,209232.5066983042,278959.5990460645
2019-11-13,63.811153411865234,37.52000045776367,5.187234878540039,47.03765869140625,0.15226315694181314,0.7477576341024426,1.0,43.00881416320801,True,1.0,0.0,0.013998038554266845,0.013998038554266845,2.828644862685941,2.1216135139387298,212161.351393873,282864.4862685941
2019-11-14,63.369606018066406,38.349998474121094,5.217575550079346,46.681846618652344,0.16874816659554429,0.7553182316799495,1.0,43.16103332519531,True,1.0,0.0,-0.007564408660053368,-0.007564408660053368,2.807247836990424,2.1055647623006055,210556.47623006057,280724.7836990424
2019-11-15,64.1224136352539,38.560001373291016,5.078302383422852,47.4023551940918,0.16101127510201235,0.7596568511521147,1.0,43.3370240020752,True,1.0,0.0,0.015434448883852925,0.015434448883852925,2.8505761602347595,2.1380629939959763,213806.29939959763,285057.61602347594
2019-11-18,64.44572448730469,39.880001068115234,5.27950382232666,47.51799011230469,0.16478430254878224,0.7469647418550508,1.0,43.51285491943359,True,1.0,0.0,0.002439434026841436,0.002439434026841436,2.8575299527161393,2.1432786576150606,214327.86576150605,285752.99527161394
2019-11-19,64.25028228759766,41.290000915527344,5.172810077667236,47.8204231262207,0.18916873685573365,0.7403546660332442,1.0,43.69031852722168,True,1.0,0.0,0.006364600295619471,0.006364600295619471,2.875716988697938,2.1569197695929123,215691.97695929123,287571.6988697938
2019-11-20,63.50232696533203,40.97999954223633,5.252146244049072,47.58914566040039,0.1864961053995085,0.7314485221707454,1.0,43.86103713989258,True,1.0,0.0,-0.004836374308313074,-0.004836374308313074,2.8618089449358197,2.1464880982341605,214648.80982341606,286180.89449358196
2019-11-21,63.21759796142578,39.52000045776367,5.227275371551514,47.12660598754883,0.18128362502498693,0.7373389101177112,1.0,44.02515441894531,True,1.0,0.0,-0.009719436363751499,-0.009719436363751499,2.8339937750103013,2.1256254437578237,212562.54437578237,283399.3775010301
2019-11-22,63.1621208190918,39.150001525878906,5.24493408203125,46.95759582519531,0.16123410097039043,0.7513618129513147,1.0,44.17405708312988,True,1.0,0.0,-0.003586300324665226,-0.003586300324665226,2.8238302222148826,2.118002312538758,211800.23125387583,282383.02222148824
2019-11-25,64.26958465576172,39.790000915527344,5.501596927642822,47.8204231262207,0.13394317285066595,0.8116969465187955,1.0,44.34268913269043,True,1.0,0.0,0.018374605553430845,0.018374605553430845,2.875716988697938,2.1569197695929123,215691.97695929123,287571.6988697938
2019-11-26,63.767723083496094,38.9900016784668,5.396892547607422,47.70479202270508,0.15088636817380058,0.8225824466660603,1.0,44.49964698791504,True,1.0,0.0,-0.0024180276115587374,-0.0024180276115587374,2.8687634256162378,2.15170427803412,215170.427803412,286876.3425616238
2019-11-27,64.62425994873047,39.40999984741211,5.431736469268799,47.93606185913086,0.15884866699841743,0.8229637441947838,1.0,44.66281982421875,True,1.0,0.0,0.004847937211752473,0.004847937211752473,2.8826710105789974,2.1621356052722884,216213.56052722884,288267.10105789977
2019-11-29,64.48191833496094,39.150001525878906,5.394402980804443,47.224449157714844,0.16493773581117901,0.8727761684523713,1.0,44.80852256774902,True,1.0,0.0,-0.014845038866714289,-0.014845038866714289,2.8398776473870018,2.1300386181769144,213003.86181769145,283987.7647387002
2019-12-02,63.73636245727539,38.72999954223633,5.207984924316406,47.12660598754883,0.1373079131301095,0.8710036837993026,1.0,44.97059257507324,True,1.0,0.0,-0.002071875308471083,-0.002071875308471083,2.8339937750103017,2.1256254437578237,212562.54437578237,283399.37750103016
2019-12-03,62.59993362426758,38.900001525878906,5.168412208557129,46.94870376586914,0.10359909441780948,0.7369849821700467,1.0,45.125546569824216,True,1.0,0.0,-0.003774984808511128,-0.003774984808511128,2.823295491562223,2.117601239999053,211760.1239999053,282329.54915622226
2019-12-04,63.15245056152344,39.689998626708984,5.212218761444092,47.304508209228516,0.07499400195114234,0.7592551177214467,1.0,45.28672721862793,True,1.0,0.0,0.0075785786362443375,0.0075785786362443375,2.844692058458381,2.1336496475165947,213364.96475165946,284469.2058458381
2019-12-05,64.07897186279297,39.619998931884766,5.195292949676514,48.38971710205078,0.0857158274663993,0.8755409465083137,1.0,45.45377861022949,True,1.0,0.0,0.022940919035081553,0.022940919035081553,2.9099519086512142,2.1825975313295034,218259.75313295034,290995.19086512143
2019-12-06,65.3167495727539,39.630001068115234,5.280661106109619,48.87005615234375,0.09002998237573204,0.895941402633975,1.0,45.604640579223634,True,1.0,0.0,0.009926469486894574,0.009926469486894574,2.938837457480771,2.204263019126417,220426.3019126417,293883.7457480771
2019-12-09,64.40228271484375,38.93000030517578,5.280661106109619,48.443092346191406,0.09867978923014946,0.8630808866363,1.0,45.76386421203613,True,1.0,0.0,-0.008736716095053332,-0.008736716095053332,2.913161668965253,2.185004998929484,218500.49989294843,291316.1668965253
2019-12-10,64.77869415283203,39.439998626708984,5.325710773468018,48.49645233154297,0.08934633382549427,0.8605356732132566,1.0,45.90689826965332,True,1.0,0.0,0.0011014983306645298,0.0011014983306645298,2.916370511680574,2.1874117782882987,218741.17782882988,291637.0511680574
2019-12-11,65.33122253417969,39.470001220703125,5.409336566925049,49.723995208740234,0.09369752618288818,0.9427810552201641,1.0,46.06185218811035,True,1.0,0.0,0.02531201393465321,0.02531201393465321,2.9901897227108445,2.2427795757011566,224277.95757011566,299018.97227108444
2019-12-12,65.4976806640625,42.59000015258789,5.576838970184326,52.13458251953125,0.0992428219469657,1.251581182418438,1.0,46.27853858947754,True,1.0,0.0,0.048479356911515614,0.048479356911515614,3.1351521975112893,2.3515080872254304,235150.80872254304,313515.2197511289
2019-12-13,66.38803100585938,41.150001525878906,5.574847221374512,51.81435775756836,0.11965166694300847,1.245826695906975,1.0,46.47636726379395,True,1.0,0.0,-0.00614227153047453,-0.00614227153047453,3.115895241424811,2.337064486047585,233706.4486047585,311589.5241424811
2019-12-16,67.52445220947266,42.349998474121094,5.6037187576293945,52.072322845458984,0.12245028453485703,1.2310589989741196,1.0,46.67419593811035,True,1.0,0.0,0.004978641038022813,0.004978641038022813,3.1314081653439483,2.3486998912063273,234869.98912063273,313140.8165343948
2019-12-17,67.65715026855469,42.77000045776367,5.681869029998779,52.68608474731445,0.14636446954911697,1.2347435268108506,1.0,46.87487106323242,True,1.0,0.0,0.011786720244399307,0.011786720244399307,3.168317197359885,2.3763833597620274,237638.33597620274,316831.7197359885
2019-12-18,67.49549102783203,42.29999923706055,5.7122344970703125,52.570438385009766,0.13586676839859949,1.2399666520942993,1.0,47.07483413696289,True,1.0,0.0,-0.0021950077114163413,-0.0021950077114163413,3.161362716679467,2.371167179962068,237116.7179962068,316136.2716679467
2019-12-19,67.56304931640625,42.83000183105469,5.86032247543335,51.916561126708984,0.13888589426132292,1.2671334627026605,1.0,47.24713165283203,True,1.0,0.0,-0.012438116903495944,-0.012438116903495944,3.122041317635054,2.3416743253799672,234167.43253799673,312204.1317635054
2019-12-20,67.42312622070312,44.150001525878906,5.957637786865234,51.88969421386719,0.14611592487220731,1.2416329635198515,1.0,47.41444435119629,True,1.0,0.0,-0.0005175017809100346,-0.0005175017809100346,3.1204256556931034,2.340462504746272,234046.2504746272,312042.56556931033
2019-12-23,68.52335357666016,45.459999084472656,5.943948745727539,52.14944839477539,0.166236771968694,1.2328650875812512,1.0,47.57823486328125,True,1.0,0.0,0.005005891532865903,0.005005891532865903,3.136046168061875,2.3521786061817713,235217.86061817713,313604.6168061875
2019-12-24,68.58849334716797,46.540000915527344,5.938970565795898,51.7374153137207,0.19072068757355812,1.231959889086087,1.0,47.72506744384766,True,1.0,0.0,-0.007901005547279571,-0.007901005547279571,3.111268249891493,2.333594029966137,233359.40299661367,311126.82498914935
2019-12-26,69.94931030273438,46.630001068115234,5.953157901763916,52.17631912231445,0.17070236167554015,1.2293295545093266,1.0,47.87213874816894,True,1.0,0.0,0.008483296004107688,0.008483296004107688,3.137662059403505,2.353390598875758,235339.0598875758,313766.2059403505
2019-12-27,69.92277526855469,46.18000030517578,5.895415782928467,52.36442565917969,0.19491493453262032,1.2299053215552627,1.0,48.02759757995605,True,1.0,0.0,0.0036052090302549633,0.0036052090302549633,3.148973986993955,2.361875063914542,236187.5063914542,314897.3986993955
2019-12-30,70.3377685546875,45.52000045776367,5.78217077255249,51.81803512573242,0.18850906280249274,1.2068082556279656,1.0,48.178888931274415,True,1.0,0.0,-0.010434384156211562,-0.010434384156211562,3.1161163827157425,2.337230352168681,233723.03521686807,311611.6382715743
2019-12-31,70.8516845703125,45.86000061035156,5.8563408851623535,52.041969299316406,0.17914555323651887,1.1986805309754698,1.0,48.34302047729492,True,1.0,0.0,0.004321548917102458,0.004321548917102458,3.129582832095033,2.3473308074661143,234733.08074661143,312958.2832095033
2020-01-02,72.46825408935547,49.099998474121094,5.971077919006348,53.77968215942383,0.19507226509702758,1.2923826897506085,1.0,48.5290975189209,True,1.0,0.0,0.03339060538068939,0.03339060538068939,3.2340814974476984,2.4257096041561503,242570.96041561503,323408.14974476985
2020-01-03,71.76372528076172,48.599998474121094,5.875504493713379,52.00614547729492,0.24123415348435354,1.4828981604619613,1.0,48.66831771850586,True,1.0,0.0,-0.03297782007843508,-0.03297782007843508,3.127428539705872,2.3457149892677567,234571.49892677568,312742.8539705872
2020-01-06,72.3355484008789,48.38999938964844,5.900144577026367,51.40599822998047,0.2270579238638009,1.4620063105907868,1.0,48.80389640808105,True,1.0,0.0,-0.011539929402698546,-0.011539929402698546,3.0913382351456815,2.318645603892755,231864.5603892755,309133.82351456815
2020-01-07,71.99534606933594,48.25,5.9715752601623535,52.239017486572266,0.22155253729069585,1.4694208902111117,1.0,48.94225891113281,True,1.0,0.0,0.016204709280520646,0.016204709280520646,3.141432472533975,2.3562185818283945,235621.85818283944,314143.2472533975
2020-01-08,73.15349578857422,47.83000183105469,5.98277473449707,52.62418746948242,0.20548541895026967,1.4443502676916535,1.0,49.085122680664064,True,1.0,0.0,0.007373224104169962,0.007373224104169962,3.164594958162085,2.3735915094706246,237359.15094706244,316459.4958162085
2020-01-09,74.70732879638672,48.970001220703125,6.0484819412231445,53.05414962768555,0.21185693216145843,1.4373018904284516,1.0,49.233383636474606,True,1.0,0.0,0.008170428445141598,0.008170428445141598,3.190451054825604,2.39298476905675,239298.476905675,319045.1054825604
2020-01-10,74.87623596191406,48.16999816894531,6.080838680267334,52.722713470458984,0.2265190425058159,1.3872035659702215,1.0,49.37216896057129,True,1.0,0.0,-0.00624712976369346,-0.00624712976369346,3.1705198930813956,2.3780354826819106,237803.54826819105,317051.98930813954
2020-01-13,76.47590637207031,48.75,6.271485328674316,53.797603607177734,0.21364350949926272,1.1414263959727868,1.0,49.52462471008301,True,1.0,0.0,0.020387610309947846,0.020387610309947846,3.2351592171414767,2.426517943406058,242651.79434060582,323515.92171414767
2020-01-14,75.44324493408203,48.209999084472656,6.154508113861084,54.030487060546875,0.22264008045890063,1.1329329532935517,1.0,49.68671928405762,True,1.0,0.0,0.004328881544048313,0.004328881544048313,3.2491638381686183,2.437022052147571,243702.2052147571,324916.38381686184
2020-01-15,75.11991119384766,48.54999923706055,6.111948490142822,52.30172348022461,0.2025669811118539,1.283878452482651,1.0,49.80587707519531,True,1.0,0.0,-0.0319960761853767,-0.0319960761853767,3.145203344463804,2.359046908901614,235904.6908901614,314520.33444638044
2020-01-16,76.0609130859375,49.77000045776367,6.19557523727417,52.62418746948242,0.1876846381258997,1.2665370646153902,1.0,49.90675575256348,True,1.0,0.0,0.006165456275637693,0.006165456275637693,3.1645949581620854,2.3735915094706255,237359.15094706256,316459.49581620854
2020-01-17,76.9029769897461,50.93000030517578,6.20428466796875,52.47191619873047,0.19136995657499128,1.2629438355712914,1.0,50.00352142333984,True,1.0,0.0,-0.002893560510369042,-0.002893560510369042,3.1554380111598346,2.366723378811074,236672.3378811074,315543.80111598346
2020-01-21,76.38179779052734,51.04999923706055,6.170934677124023,52.167362213134766,0.20894536280206555,1.2427993423028771,1.0,50.09259498596192,True,1.0,0.0,-0.005804133099356346,-0.005804133099356346,3.137123428956295,2.352986601311096,235298.66013110962,313712.34289562947
2020-01-22,76.65446472167969,51.43000030517578,6.224943161010742,52.26588821411133,0.19409952387046556,1.2373767325904785,1.0,50.183105392456056,True,1.0,0.0,0.0018886521533143519,0.0018886521533143519,3.143048363875606,2.357430574522382,235743.0574522382,314304.8363875606
2020-01-23,77.02361297607422,51.709999084472656,6.293387413024902,51.48660659790039,0.19171459388489442,1.2548077842096792,1.0,50.27297401428223,True,1.0,0.0,-0.014909946866655144,-0.014909946866655144,3.096185679770893,2.322281409914425,232228.1409914425,309618.5679770893
2020-01-24,76.80162811279297,50.349998474121094,6.234151363372803,51.710540771484375,0.17884636780370522,1.2402830233287896,1.0,50.37141311645508,True,1.0,0.0,0.0043493675031422985,0.0043493675031422985,3.109652129150183,2.332381865211858,233238.1865211858,310965.2129150183
2020-01-27,74.54327392578125,49.2599983215332,5.978294849395752,49.49809646606445,0.15865159834980036,1.4219975787003016,1.0,50.433608779907225,False,1.0,0.0,-0.04278517053606157,-0.04278517053606157,2.9766051324966654,2.2325905093535514,223259.05093535513,297660.51324966655
2020-01-28,76.65205383300781,50.529998779296875,6.1716814041137695,51.13727569580078,0.12247537379700758,1.5256243787491996,0.5,50.51560111999512,True,0.5,0.5,0.033116005397503256,0.033116005397503256,3.0751784041306607,2.3065249887117183,230652.49887117182,307517.8404130661
2020-01-29,78.25656127929688,47.5099983215332,6.111202239990234,51.226844787597656,0.15770600284996972,1.4950045439698338,1.0,50.60650108337402,True,1.0,0.5,0.0017515421104887796,0.0003757710552443898,3.080564708602761,2.307391714040674,230739.1714040674,308056.47086027614
2020-01-30,78.14315795898438,48.779998779296875,6.117920875549316,49.98178482055664,0.15171245140007658,1.5221100776442544,0.5,50.65808967590332,False,1.0,0.0,-0.02430483415879736,-0.024804834158797362,3.0056920942447274,2.250157245234512,225015.7245234512,300569.20942447276
2020-01-31,74.67838287353516,47.0,5.884463310241699,48.31572341918945,0.141258383838441,1.4585349977208433,1.0,50.674044342041014,False,1.0,0.0,-0.03333337149420812,-0.03333337149420812,2.9055022430700634,2.175151917858726,217515.1917858726,290550.22430700634
2020-02-03,74.47329711914062,48.02000045776367,5.981531143188477,49.05918502807617,0.0649243224260899,1.3959703091457558,1.0,50.69881958007812,False,1.0,0.0,0.015387570676245632,0.015387570676245632,2.950210864185294,2.2086222217263485,220862.22217263485,295021.08641852945
2020-02-04,76.93192291259766,49.45000076293945,6.150774955749512,51.52244567871094,0.08070845194433779,1.6020241645650257,0.5,50.777485580444335,True,0.5,0.5,0.05020997901259605,0.05020997901259605,3.0983408897587705,2.3195170971259818,231951.70971259818,309834.08897587704
2020-02-05,77.55926513671875,49.84000015258789,6.241122722625732,51.880733489990234,0.11218757281019716,1.5603987609369312,0.5,50.872568130493164,True,0.5,0.0,0.006954014052701352,0.002977007026350676,3.119886795846212,2.326422315821866,232642.2315821866,311988.6795846212
2020-02-06,78.4664535522461,49.31999969482422,6.327983856201172,51.970306396484375,0.11969193573935155,1.5346080266352573,0.5,50.97282234191894,True,0.5,0.0,0.0017265158078658693,0.0008632579039329347,3.125273329717993,2.328430618273885,232843.0618273885,312527.3329717993
2020-02-07,77.39988708496094,49.72999954223633,6.26177978515625,50.34007263183594,0.1222125210028481,1.576471350921644,0.5,51.02321533203125,False,0.5,0.0,-0.031368561736220935,-0.015684280868110467,3.027238000332169,2.2919108584749694,229191.08584749696,302723.8000332169
2020-02-10,77.76750183105469,52.2599983215332,6.545012474060059,51.07456970214844,0.09671902926658321,1.5727907997289965,0.5,51.090610885620116,False,0.5,0.0,0.014590703427948437,0.0072953517139742186,3.0714075322008316,2.3086311542846207,230863.11542846207,307140.75322008313
2020-02-11,77.29830932617188,53.79999923706055,6.667465686798096,52.5435676574707,0.12146858842902898,1.5816903432886458,0.5,51.18276100158691,True,0.5,0.0,0.028761827341650115,0.014380913670825057,3.1597468253378356,2.3418313796121653,234183.13796121653,315974.68253378355
2020-02-12,79.13397216796875,53.88999938964844,6.783199787139893,53.41243362426758,0.11011291783126582,1.5777974636771925,0.5,51.30652069091797,True,0.5,0.0,0.016536105284303826,0.008268052642151913,3.211996731513367,2.361193764737842,236119.3764737842,321199.67315133667
2020-02-13,78.57044982910156,54.529998779296875,6.739393711090088,53.143714904785156,0.13960887732835636,1.4835732551585745,1.0,51.42686286926269,True,1.0,0.5,-0.005031014339708539,-0.0025155071698542697,3.195837129898026,2.355254164893229,235525.41648932287,319583.7129898026
2020-02-14,78.58979034423828,55.310001373291016,7.212532043457031,52.12257766723633,0.13766780962861425,1.4884170894018869,1.0,51.530340347290036,True,1.0,0.0,-0.01921463788104283,-0.01971463788104283,3.1344302767202445,2.3088211819145408,230882.11819145406,313443.02767202444
2020-02-18,77.1507797241211,56.88999938964844,7.381279945373535,50.32215881347656,0.1416493968138308,1.5427258430952184,0.5,51.590693359375,False,1.0,0.0,-0.0345420148875617,-0.0345420148875617,3.0261607394377497,2.229069846276131,222906.9846276131,302616.073943775
2020-02-19,78.2681655883789,58.900001525878906,7.832512855529785,51.62993240356445,0.13541573019120073,1.5639268314296215,0.5,51.65549766540527,False,1.0,0.0,0.025988026366978056,0.025988026366978056,3.1048046845249715,2.286998972214991,228699.8972214991,310480.46845249715
2020-02-20,77.46519470214844,57.27000045776367,7.6831793785095215,50.59088134765625,0.17571058171929904,1.5617471968110461,0.5,51.68991416931152,False,1.0,0.0,-0.02012497416782344,-0.02012497416782344,3.042320570452769,2.2409731769773256,224097.31769773256,304232.0570452769
2020-02-21,75.71177673339844,53.279998779296875,7.319056987762451,49.79368209838867,0.15674595441508812,1.5385705575843078,0.5,51.71692596435547,False,1.0,0.0,-0.0157577655899942,-0.0157577655899942,2.994380396053957,2.205660446961052,220566.0446961052,299438.0396053957
2020-02-24,72.11541748046875,49.119998931884766,6.80161714553833,48.476951599121094,0.10772766046865517,1.54746084976472,0.5,51.71653594970703,False,1.0,0.0,-0.026443726267638024,-0.026443726267638024,2.9151978205195244,2.147334565862258,214733.45658622577,291519.78205195244
2020-02-25,69.67272186279297,47.56999969482422,6.522115707397461,48.24406433105469,0.039015879737805556,1.4272875511648697,1.0,51.68693733215332,False,1.0,0.0,-0.004804082360464035,-0.004804082360464035,2.9011929700927035,2.137018593752384,213701.8593752384,290119.29700927035
2020-02-26,70.77798461914062,47.4900016784668,6.66149377822876,49.29207229614258,0.028105054673335562,1.3685754060411752,1.0,51.63008712768555,False,1.0,0.0,0.021723044681649872,0.021723044681649872,2.964215714612116,2.1834411441499837,218344.11441499836,296421.5714612116
2020-02-27,66.15135955810547,44.0099983215332,6.290678024291992,47.733497619628906,0.019095455208780192,1.4019296347284385,1.0,51.548469924926756,False,1.0,0.0,-0.0316191753341164,-0.0316191753341164,2.8704896582036525,2.1144025357813816,211440.25357813816,287048.96582036524
2020-02-28,66.11266326904297,45.47999954223633,6.72574520111084,48.22615051269531,-0.04304117882284371,1.3652955943629597,1.0,51.471546478271485,False,-1.0,2.0,0.010320904975205991,0.010320904975205991,2.900115709198284,2.1362250834325156,213622.50834325157,290011.57091982843
2020-03-02,72.2677993774414,47.459999084472656,6.88413143157959,50.14301300048828,-0.016325208930210243,1.370277909683451,1.0,51.42068504333496,False,-1.0,0.0,0.03974736667585277,-0.04174736667585277,3.015387671694189,2.0470433115723043,204704.33115723042,301538.7671694189
2020-03-03,69.9726333618164,46.75,6.621647834777832,49.15770721435547,0.07990820292767237,1.3643048724736333,1.0,51.35243041992187,False,-1.0,0.0,-0.01964991186555176,0.01964991186555176,2.956135569704927,2.087267532229667,208726.7532229667,295613.5569704927
2020-03-04,73.21826934814453,50.11000061035156,7.085354328155518,51.128318786621094,0.03850247917160994,1.2959288085153329,1.0,51.336665573120115,False,-1.0,0.0,0.04008754036620621,-0.04008754036620621,3.0746397736834514,2.003594110776339,200359.41107763388,307463.97736834513
2020-03-05,70.84329223632812,48.11000061035156,6.805935382843018,49.919090270996094,0.07381103188695995,1.306217860282148,1.0,51.2972534942627,False,-1.0,0.0,-0.02365085620498486,0.02365085620498486,3.001921910513937,2.0509808269834644,205098.08269834644,300192.1910513937
2020-03-06,69.90251159667969,48.59000015258789,6.6253838539123535,49.3278923034668,0.023584245799267784,1.2945608826570043,1.0,51.240822372436526,False,-1.0,0.0,-0.0118431238293778,0.0118431238293778,2.966369777601598,2.0752708468891092,207527.08468891092,296636.9777601598
2020-03-09,64.3737564086914,43.27000045776367,6.112366199493408,46.42573547363281,0.009530945660209282,1.396546857095947,1.0,51.13458877563477,False,-1.0,0.0,-0.05883399217586316,0.05883399217586316,2.7918464013154685,2.19736731565778,219736.73156577803,279184.6401315468
2020-03-10,69.01004791259766,45.380001068115234,6.501861095428467,48.826290130615234,-0.07326666603752455,1.5002123807895105,0.5,51.06758819580078,False,-0.5,0.5,0.0517074125480641,-0.0517074125480641,2.9362055549591157,2.083747137347431,208374.7137347431,293620.55549591157
2020-03-11,66.61328887939453,45.70000076293945,6.138016223907471,46.79297637939453,-0.030785425927650822,1.4992238581110084,1.0,50.95615921020508,False,-1.0,0.5,-0.04164383052206888,0.02032191526103444,2.813930708450441,2.1260928700980286,212609.28700980285,281393.0708450441
2020-03-12,60.0349235534668,39.0099983215332,5.386922359466553,43.613136291503906,-0.07416658163298297,1.605487200575973,0.5,50.792061233520506,False,-0.5,0.5,-0.06795549960551084,0.06745549960551084,2.622708641302402,2.2695095268582053,226950.95268582052,262270.8641302402
2020-03-13,67.22760772705078,43.900001525878906,5.997808933258057,46.78402328491211,-0.1893370043871622,1.8109083225829177,0.5,50.68690231323242,False,-0.5,0.0,0.07270486057719983,-0.03685243028859991,2.8133923074029106,2.1858725852303498,218587.25852303498,281339.23074029107
2020-03-16,58.5789794921875,38.709999084472656,4.891087532043457,40.21831512451172,-0.09559132222060973,2.2636919049181428,0.5,50.41567497253418,False,-0.5,0.0,-0.14034081935227316,0.07017040967613658,2.4185585258226037,2.3392561600357995,233925.61600357995,241855.85258226036
2020-03-17,61.15470504760742,41.880001068115234,5.410829544067383,43.47877502441406,-0.23398293879008555,2.3788873908498953,0.5,50.245127563476565,False,-0.5,0.0,0.08106903259891163,-0.040534516299455814,2.614628725794892,2.244435543088226,224443.5543088226,261462.8725794892
2020-03-18,59.657630920410156,39.119998931884766,5.050970554351807,39.74357986450195,-0.18310848232403926,2.4146521190306096,0.5,50.011879196166994,False,-0.5,0.0,-0.0859084727620485,0.04295423638102425,2.390009965122072,2.3408435579480105,234084.35579480106,239000.9965122072
2020-03-19,59.20052719116211,39.81999969482422,5.3037428855896,39.686607360839844,-0.2341276347843062,2.3464679817819527,0.5,49.76083099365234,False,-0.5,0.0,-0.0014335020613730487,0.0007167510306865243,2.3865838809103677,2.3425213599808457,234252.13599808456,238658.38809103676
2020-03-20,55.44215774536133,39.61000061035156,5.123939037322998,40.265316009521484,-0.22099623509461913,2.2925948322742067,0.5,49.51365356445312,False,-0.5,0.0,0.014581963215446692,-0.007290981607723346,2.421384959272381,2.3254420798295263,232544.20798295262,242138.49592723808
2020-03-23,54.26433563232422,41.63999938964844,5.296770095825195,40.9254035949707,-0.24124855688806862,2.235326551053378,0.5,49.27107864379883,False,-0.5,0.0,0.016393453494643495,-0.008196726747321748,2.4610798209948417,2.30638106653444,230638.10665344403,246107.98209948416
2020-03-24,59.708431243896484,46.220001220703125,6.205506801605225,44.18968200683594,-0.2056737490912807,2.304019733044209,0.5,49.10041801452637,False,-0.5,0.0,0.0797616669629222,-0.0398808334814611,2.6573796500462006,2.2144006672751857,221440.06672751857,265737.9650046201
2020-03-25,59.3795051574707,44.630001068115234,6.116847991943359,44.30722427368164,-0.09142812571559,2.2298950816806973,0.5,48.91061042785645,False,-0.5,0.0,0.002659948239218446,-0.001329974119609223,2.664448142367276,2.211455571697264,221145.5571697264,266444.8142367276
2020-03-26,62.504241943359375,47.5,6.406230449676514,45.093894958496094,-0.11095015477691543,2.162122098677567,0.5,48.73187858581543,False,-0.5,0.0,0.01775490786683598,-0.00887745393341799,2.7117551736509693,2.1918234767337212,219182.34767337213,271175.51736509695
2020-03-27,59.916419982910156,46.58000183105469,6.293915271759033,42.41738510131836,-0.01711468841338548,2.1530339680882804,0.5,48.5341918182373,False,-0.5,0.0,-0.059354151147093526,0.029677075573546763,2.5508012472001766,2.2568703876966216,225687.03876966218,255080.12472001766
2020-03-30,61.626319885253906,47.86000061035156,6.614175796508789,43.2402229309082,-0.06505123773685509,2.0757163404164203,0.5,48.34651252746582,False,-0.5,0.0,0.019398598655348653,-0.009699299327674327,2.6002832168441756,2.234980326262588,223498.0326262588,260028.32168441758
2020-03-31,61.50054931640625,45.47999954223633,6.564618110656738,43.213104248046875,-0.08342642559530992,2.02428391962435,0.5,48.16133628845215,False,-0.5,0.0,-0.0006271633452181735,0.00031358167260908676,2.598652414523385,2.2356811751315453,223568.11751315452,259865.2414523385
2020-04-01,58.26457214355469,43.65999984741211,6.053345203399658,42.055694580078125,-0.07297023714945898,1.9516398610989913,0.5,47.959102935791016,False,-0.5,0.0,-0.02678376589946241,0.013391882949731204,2.529050716598718,2.2656211557418247,226562.11557418248,252905.07165987178
2020-04-02,59.236812591552734,44.4900016784668,6.362151622772217,43.52054214477539,-0.1599989987665195,1.9299274483381534,0.5,47.784196014404294,False,-0.5,0.0,0.03483113474461952,-0.01741556737230976,2.6171404228845443,2.2261640778638725,222616.40778638725,261714.04228845442
2020-04-03,58.385498046875,42.59000015258789,6.074264049530029,42.553016662597656,-0.11630579406586582,1.8911327421734574,0.5,47.60552421569824,False,-0.5,0.0,-0.022231466670593503,0.011115733335296751,2.5589575528009236,2.250909524114024,225090.95241140237,255895.75528009236
2020-04-06,63.47890090942383,47.52000045776367,6.68415641784668,45.18431854248047,-0.13574547979497992,1.8646131029337212,0.5,47.47499977111816,False,-0.5,0.0,0.06183584822543531,-0.030917924112717654,2.717192863651253,2.181316074262873,218131.6074262873,271719.2863651253
2020-04-07,62.74365997314453,47.560001373291016,6.450807571411133,44.95827102661133,0.00347517435808432,1.786484132867201,0.5,47.3842032623291,False,-0.5,0.0,-0.005002786877412291,0.0025013934387061454,2.7035993268495804,2.1867724039787784,218677.24039787785,270359.93268495804
2020-04-08,64.34956359863281,48.790000915527344,6.648044586181641,45.45560073852539,-0.05516173457281658,1.7269635213551606,0.5,47.270569763183595,False,-0.5,0.0,0.01106202931201894,-0.00553101465600947,2.733506621851145,2.1746773337630145,217467.73337630145,273350.6621851145
2020-04-09,64.81391906738281,48.380001068115234,6.548430919647217,43.701393127441406,-0.013289525571696657,1.646928501886187,0.5,47.120060729980466,False,-0.5,0.0,-0.03859167149004861,0.019295835745024303,2.628016032284793,2.216639550393733,221663.9550393733,262801.60322847933
2020-04-13,66.08606719970703,50.939998626708984,6.7202653884887695,44.08116912841797,0.08071098863845404,1.5427912863636812,0.5,47.0020484161377,False,-0.5,0.0,0.008690249298668018,-0.004345124649334009,2.6508541467662443,2.2070079752446286,220700.79752446286,265085.4146766244
2020-04-14,69.42361450195312,54.93000030517578,7.071408271789551,45.78111267089844,0.024260876531492906,1.2134407614477516,1.0,46.951356201171876,False,-0.5,0.0,0.03856393957084414,-0.01928196978542207,2.7530815258932595,2.164452514149776,216445.2514149776,275308.15258932597
2020-04-15,68.78997039794922,54.9900016784668,6.993958473205566,44.90401077270508,0.20575434407096183,1.102134530741587,1.0,46.868252716064454,False,-0.5,0.0,-0.019158597225421015,0.009579298612710507,2.700336345809923,2.1851864511158485,218518.64511158486,270033.6345809923
2020-04-16,69.33654022216797,56.95000076293945,7.339121341705322,47.3816032409668,0.1363470065752218,0.9693620600494692,1.0,46.78543586730957,True,1.0,1.5,0.05517530451350505,-0.027587652256752526,2.849328225978871,2.1249022871862975,212490.22871862975,284932.8225978871
2020-04-17,68.39574432373047,56.599998474121094,7.27985143661499,48.54804611206055,0.2060207464594682,0.9626429987202352,1.0,46.718782119750976,True,1.0,0.0,0.02461805408233264,0.02311805408233264,2.919473142344336,2.1740258931811427,217402.58931811427,291947.3142344336
2020-04-20,66.97605895996094,56.970001220703125,7.148609638214111,47.553401947021484,0.18021504180226686,0.9731275870712511,1.0,46.630444030761716,True,1.0,0.0,-0.020487831018846436,-0.020487831018846436,2.8596594699399245,2.1294848180510506,212948.48180510505,285965.94699399243
2020-04-21,64.90585327148438,52.91999816894531,6.711798667907715,46.45024871826172,0.20103781374617877,0.9827999130885982,1.0,46.552647552490235,False,1.0,0.0,-0.023198197891052486,-0.023198197891052486,2.7933205236552356,2.0800846078359103,208008.46078359103,279332.0523655236
2020-04-22,66.77533721923828,55.91999816894531,7.126197338104248,47.87892532348633,0.1411438444607445,0.8725732615422878,1.0,46.48873466491699,True,1.0,0.0,0.03075713574517258,0.03075713574517258,2.8792350621810763,2.1440620524805634,214406.20524805633,287923.50621810765
2020-04-23,66.51654815673828,55.900001525878906,7.072901725769043,47.59861373901367,0.10381540066620662,0.8701118404472208,1.0,46.38983558654785,True,1.0,0.0,-0.00585459223612006,-0.00585459223612006,2.862378314940066,2.131509443434351,213150.94434343508,286237.8314940066
2020-04-24,68.4368667602539,56.18000030517578,7.211866855621338,47.679996490478516,0.1017991450544793,0.8610678381749172,1.0,46.27518684387207,True,1.0,0.0,0.0017097714633260708,0.0017097714633260708,2.867272327700194,2.135153837454545,213515.3837454545,286727.2327700194
2020-04-27,68.4852294921875,56.4900016784668,7.3983941078186035,48.385292053222656,0.08525617787029532,0.7613365441879016,1.0,46.18001838684082,True,1.0,0.0,0.014792273797356259,0.014792273797356259,2.909685805023118,2.1667376176176485,216673.76176176485,290968.5805023118
2020-04-28,67.37512969970703,55.5099983215332,7.255945205688477,47.707122802734375,0.11783170652971005,0.7642428674518315,1.0,46.09170928955078,True,1.0,0.0,-0.014016020606888335,-0.014016020606888335,2.8689035888203436,2.1363685785193995,213636.85785193995,286890.3588820344
2020-04-29,69.58808135986328,53.65999984741211,7.432762145996094,49.26239776611328,0.08519685573224194,0.7770892041076866,1.0,46.070514068603515,True,1.0,0.0,0.03260047707781211,0.03260047707781211,2.9624312145061342,2.2060152133931794,220601.52133931793,296243.1214506134
2020-04-30,71.05610656738281,52.38999938964844,7.2788567543029785,48.04169464111328,0.11159226508283149,0.7716796112208235,1.0,45.998749313354494,True,1.0,0.0,-0.024779612449958743,-0.024779612449958743,2.8890233171010116,2.1513510113465832,215135.10113465833,288902.33171010116
2020-05-01,69.91213989257812,49.880001068115234,7.042271137237549,46.20610427856445,0.15176705348039032,0.7933787351866047,1.0,45.911053771972654,True,1.0,0.0,-0.038208276711745315,-0.038208276711745315,2.778638714774532,2.06915159660096,206915.159660096,277863.8714774532
2020-05-04,70.90132141113281,52.560001373291016,7.254201412200928,47.15554428100586,0.09841547532310525,0.7800563124288529,1.0,45.858291015625,True,1.0,0.0,0.020547934461591533,0.020547934461591533,2.8357340009781598,2.111668387999014,211166.83879990142,283573.40009781596
2020-05-05,71.96548461914062,52.189998626708984,7.315216541290283,46.7576789855957,0.14712006064479358,0.698021226859196,1.0,45.823905563354494,True,1.0,0.0,-0.00843729621779421,-0.00843729621779421,2.811808073217036,2.0938516162957144,209385.16162957143,281180.8073217036
2020-05-06,72.70797729492188,52.15999984741211,7.416075706481934,47.1374626159668,0.08522150636851043,0.6965700602065957,1.0,45.80177352905273,True,1.0,0.0,0.008122379865948659,0.008122379865948659,2.834646646497846,2.110858674506199,211085.86745061987,283464.6646497846
2020-05-07,73.46013641357422,51.95000076293945,7.5923919677734375,47.31830596923828,0.09974467687382967,0.6939578540200155,1.0,45.76229820251465,True,1.0,0.0,0.0038365101393944556,0.0038365101393944556,2.8455217970987357,2.1189570052137707,211895.70052137706,284552.17970987357
2020-05-08,75.20861053466797,53.189998626708984,7.78240966796875,47.84275817871094,0.08853892666103297,0.6464081583218703,1.0,45.76448341369629,True,1.0,0.0,0.011083495039184266,0.011083495039184266,2.8770601238207703,2.142442454669302,214244.2454669302,287706.01238207705
2020-05-11,76.39202880859375,55.7400016784668,8.034433364868164,47.3816032409668,0.11029726713480892,0.651004131672667,1.0,45.74759246826172,True,1.0,0.0,-0.009638970563142557,-0.009638970563142557,2.8493282259788706,2.1217915149155178,212179.15149155178,284932.8225978871
2020-05-12,75.51899719238281,53.7599983215332,7.77244758605957,46.20610427856445,0.11801726155596937,0.6342573380204439,1.0,45.668854293823244,True,1.0,0.0,-0.02480918504222307,-0.02480918504222307,2.7786387147745315,2.06915159660096,206915.159660096,277863.87147745315
2020-05-13,74.60719299316406,52.18000030517578,7.750035285949707,46.04335021972656,0.046193539543423055,0.6231268357198874,1.0,45.60656715393066,True,1.0,0.0,-0.003522349728007579,-0.003522349728007579,2.768851377453314,2.061863321037466,206186.33210374662,276885.1377453314
2020-05-14,75.06552124023438,54.5099983215332,7.999569416046143,47.11033630371094,0.03837846348208577,0.5464937037787282,1.0,45.52620750427246,True,1.0,0.0,0.023173511025860183,0.023173511025860183,2.8330153853776965,2.1096439334413444,210964.39334413444,283301.53853776964
2020-05-15,74.62171936035156,54.20000076293945,8.458047866821289,45.030609130859375,0.03269950392707761,0.5834359557293175,1.0,45.428437881469726,False,1.0,0.0,-0.044145878293968766,-0.044145878293968766,2.7079494329698717,2.016511849112033,201651.1849112033,270794.94329698716
2020-05-18,76.3799057006836,54.59000015258789,8.716547966003418,46.9023551940918,0.05585489640039837,0.6315864346660367,1.0,45.37992713928222,True,1.0,0.0,0.04156608358978908,0.04156608358978908,2.820508285457619,2.1003303491920238,210033.0349192024,282050.82854576193
2020-05-19,75.93854522705078,55.470001220703125,8.771584510803223,45.943878173828125,0.10403928911105659,0.6288423220614329,1.0,45.370289993286136,True,1.0,0.0,-0.020435584019124264,-0.020435584019124264,2.7628695514135138,2.0574088718731938,205740.88718731937,276286.9551413514
2020-05-20,77.4154052734375,56.38999938964844,8.93545150756836,46.87523651123047,0.16316555212748302,0.6128387000669723,1.0,45.33126892089844,True,1.0,0.0,0.02027165259925523,0.02027165259925523,2.818877483136829,2.0991159497784326,209911.59497784326,281887.7483136829
2020-05-21,76.83824920654297,54.650001525878906,8.741449356079102,45.88962936401367,0.16364165699357286,0.6242314894003714,1.0,45.31320198059082,True,1.0,0.0,-0.02102617971816878,-0.02102617971816878,2.7596072585728946,2.054979560569117,205497.95605691167,275960.72585728945
2020-05-22,77.33296966552734,55.16999816894531,8.991483688354492,45.030609130859375,0.14436225523915805,0.632375669792185,1.0,45.34155143737793,False,1.0,0.0,-0.01871926718649719,-0.01871926718649719,2.7079494329698717,2.016511849112033,201651.1849112033,270794.94329698716
2020-05-26,76.80915069580078,53.189998626708984,8.68416976928711,45.95291519165039,0.16528903905968484,0.6392626315794591,1.0,45.324929275512694,True,1.0,0.0,0.020481758488116064,0.020481758488116064,2.7634129992539913,2.05781355779397,205781.355779397,276341.29992539913
2020-05-27,77.1438217163086,52.7400016784668,8.492416381835938,46.78480529785156,0.1282677583435647,0.6461139957728664,1.0,45.45625907897949,True,1.0,0.0,0.018103097545209224,0.018103097545209224,2.8134393343371853,2.0950663573605683,209506.63573605684,281343.9334337185
2020-05-28,77.1777572631836,51.7400016784668,8.454313278198242,45.46463394165039,0.11458849408012477,0.6307941637250654,1.0,45.495976257324216,False,1.0,0.0,-0.02821795127277782,-0.02821795127277782,2.734049840291942,2.0359478769753316,203594.78769753317,273404.9840291942
2020-05-29,77.10257720947266,53.79999923706055,8.841316223144531,45.509849548339844,0.10551354836068663,0.6174443998499964,1.0,45.61130165100098,False,1.0,0.0,0.0009945226161389709,0.0009945226161389709,2.7367689146917633,2.037972673184264,203797.26731842637,273676.89146917633
2020-06-01,78.05077362060547,53.630001068115234,8.772331237792969,46.14280700683594,0.10478541291228673,0.5822302568136316,1.0,45.7404256439209,True,1.0,0.0,0.013908142188511885,0.013908142188511885,2.7748322858943957,2.066317086899212,206631.7086899212,277483.2285894396
2020-06-02,78.412109375,53.540000915527344,8.791258811950684,47.02894592285156,0.14253531272480097,0.5813142695736769,1.0,45.8756982421875,True,1.0,0.0,0.01920426982009027,0.01920426982009027,2.8281209138182097,2.1059991977698873,210599.91977698874,282812.09138182097
2020-06-03,78.84378051757812,52.72999954223633,8.735722541809082,47.978389739990234,0.1305790311746337,0.5920289096697358,1.0,46.01675796508789,True,1.0,0.0,0.020188498774694752,0.020188498774694752,2.8852164294215172,2.148516159993573,214851.61599935728,288521.6429421517
2020-06-04,78.16475677490234,52.630001068115234,8.73672103881836,49.081546783447266,0.15400698603542642,0.6068536131850185,1.0,46.11459526062012,True,1.0,0.0,0.0229927900756024,0.0229927900756024,2.9515556051058853,2.1979165410343446,219791.65410343447,295155.5605105885
2020-06-05,80.3909683227539,53.099998474121094,8.889698028564453,49.91343688964844,0.11767156187108005,0.6152555526019028,1.0,46.226719512939454,True,1.0,0.0,0.01694914200384834,0.01694914200384834,3.0015819401890793,2.235169340600943,223516.9340600943,300158.1940189079
2020-06-08,80.86629486083984,52.970001220703125,8.775090217590332,50.24800109863281,0.14624006681595542,0.6163271700608063,1.0,46.329801635742186,True,1.0,0.0,0.006702888637463378,0.006702888637463378,3.021701209670388,2.2501514317768634,225015.14317768635,302170.1209670388
2020-06-09,83.41986846923828,56.38999938964844,9.01527214050293,51.18840408325195,0.17597824123570135,0.6224644240549397,1.0,46.50522201538086,True,1.0,0.0,0.01871523173176981,0.01871523173176981,3.078253048033538,2.292263537254141,229226.35372541408,307825.3048033538
2020-06-10,85.5660629272461,57.439998626708984,9.334929466247559,52.03837585449219,0.15244774380611062,0.6049545685935095,1.0,46.68118507385254,True,1.0,0.0,0.01660477185141107,0.01660477185141107,3.1293667375970458,2.3303260503135546,233032.60503135546,312936.6737597046
2020-06-11,81.45800018310547,52.83000183105469,8.766371726989746,49.76876449584961,0.2678296910660533,0.6860914143136634,1.0,46.81229827880859,True,1.0,0.0,-0.043614185135000816,-0.043614185135000816,2.9928819573481746,2.228690778530264,222869.07785302642,299288.1957348175
2020-06-12,82.16126251220703,53.5,8.902156829833984,50.6368293762207,0.17671718374085435,0.690120466066571,1.0,46.98392097473145,True,1.0,0.0,0.017441961623208213,0.017441961623208213,3.0450836895910336,2.267563517559387,226756.3517559387,304508.36895910336
2020-06-15,83.17736053466797,54.68000030517578,9.142587661743164,50.6549072265625,0.19463315565099987,0.621563370841036,1.0,47.126608276367186,True,1.0,0.0,0.00035700991875864396,0.00035700991875864396,3.046170814671668,2.268373060226571,226837.30602265708,304617.0814671668
2020-06-16,85.38175964355469,54.459999084472656,9.037696838378906,50.45598220825195,0.2032073702439239,0.5851834830814973,1.0,47.284667587280275,True,1.0,0.0,-0.003927063125805819,-0.003927063125805819,3.034208309590465,2.2594650160261835,225946.50160261834,303420.8309590465
2020-06-17,85.2629165649414,54.54999923706055,9.20462703704834,51.179359436035156,0.22162333999151848,0.5738154952326752,1.0,47.404568405151366,True,1.0,0.0,0.014336798058900868,0.014336798058900868,3.077709141393702,2.2918585096821023,229185.85096821023,307770.9141393702
2020-06-18,85.29688262939453,54.040000915527344,9.186688423156738,51.15203857421875,0.22357394606708014,0.5768053857260587,1.0,47.52844375610351,True,1.0,0.0,-0.0005338257867519847,-0.0005338257867519847,3.076066180889904,2.290635056510047,229063.50565100467,307606.6180889904
2020-06-19,84.80945587158203,54.22999954223633,9.229788780212402,50.386802673339844,0.15731856772784616,0.5765035852803992,1.0,47.62706779479981,True,1.0,0.0,-0.014960027443844504,-0.014960027443844504,3.030048146404709,2.2563670932008244,225636.70932008245,303004.8146404709
2020-06-22,87.02836608886719,54.7599983215332,9.494383811950684,51.01538848876953,0.17190018817200683,0.5635062513120969,1.0,47.77334770202637,True,1.0,0.0,0.01247520743685282,0.01247520743685282,3.0678486255747592,2.284515740742193,228451.57407421933,306784.8625574759
2020-06-23,88.88597106933594,53.9900016784668,9.417898178100586,51.70772933959961,0.16895044352420258,0.5689005450677382,1.0,47.92587890625,True,1.0,0.0,0.013571215888760424,0.013571215888760424,3.109483061586471,2.315519397061077,231551.9397061077,310948.3061586471
2020-06-24,87.31697082519531,52.38999938964844,9.204127311706543,51.54374694824219,0.20640948937589748,0.5776496826372766,1.0,48.041131591796876,True,1.0,0.0,-0.003171332283427808,-0.003171332283427808,3.09962185756849,2.3081761156442737,230817.61156442738,309962.185756849
2020-06-25,88.47615814208984,51.93000030517578,9.45776081085205,51.96281814575195,0.17068724646454767,0.5286452935448446,1.0,48.182307739257816,True,1.0,0.0,0.008130398395960192,0.008130398395960192,3.1248230181473478,2.3269425070325016,232694.25070325017,312482.30181473476
2020-06-26,85.75765228271484,50.099998474121094,9.123902320861816,51.316009521484375,0.19366947008443008,0.5603074284569046,1.0,48.260995864868164,True,1.0,0.0,-0.012447527816011217,-0.012447527816011217,3.0859266967088463,2.297977825449956,229797.7825449956,308592.6696708846
2020-06-29,87.73407745361328,50.279998779296875,9.16874885559082,51.370670318603516,0.1666305206888753,0.5718121147658687,1.0,48.31744834899902,True,1.0,0.0,0.00106518019676205,0.00106518019676205,3.08921376471484,2.3004255859222233,230042.55859222234,308921.37647148396
2020-06-30,88.46644592285156,52.61000061035156,9.465487480163574,51.71685791015625,0.17021927810419873,0.574846417303031,1.0,48.40071746826172,True,1.0,0.0,0.006739012541702616,0.006739012541702616,3.1100320150192537,2.315928182797007,231592.81827970067,311003.20150192536
2020-07-01,88.29911804199219,52.58000183105469,9.497626304626465,51.76239776611328,0.20345140917059334,0.5753257075029382,1.0,48.50696044921875,True,1.0,0.0,0.000880561151571646,0.000880561151571646,3.112770588391824,2.3179674991846078,231796.7499184608,311277.05883918237
2020-07-02,88.29911804199219,52.34000015258789,9.579594612121582,53.40217208862305,0.1653706787848349,0.6168062750533614,1.0,48.61742538452148,True,1.0,0.0,0.03167887101982858,0.03167887101982858,3.2113796463758044,2.3913980926194314,239139.80926194313,321137.96463758044
2020-07-06,90.66114044189453,53.400001525878906,9.805826187133789,56.37200164794922,0.17752410063994262,0.7722042434015497,1.0,48.792893142700194,True,1.0,0.0,0.055612523670341085,0.055612523670341085,3.3899725729743304,2.524389775650438,252438.97756504378,338997.25729743304
2020-07-07,90.37981414794922,52.93000030517578,9.838216781616211,55.30613327026367,0.17856194532261155,0.822501761582065,1.0,48.9454158782959,True,1.0,0.0,-0.01890776177049802,-0.01890776177049802,3.3258757791560094,2.4766592151565585,247665.92151565585,332587.57791560097
2020-07-08,92.48478698730469,53.43000030517578,10.181297302246094,57.0187873840332,0.17621127182963875,0.8657113239822474,1.0,49.11808578491211,True,1.0,0.0,0.030966802640139957,0.030966802640139957,3.4288675180147554,2.5533534322791955,255335.34322791954,342886.75180147553
2020-07-09,92.88249206542969,57.2599983215332,10.47330093383789,59.01387023925781,0.1663265747657237,0.9152947288260894,1.0,49.34422073364258,True,1.0,0.0,0.034989920809562536,0.034989920809562536,3.548843320936573,2.642695066673469,264269.5066673469,354884.3320936573
2020-07-10,93.04498291015625,55.880001068115234,10.44365406036377,58.166648864746094,0.14907449994841115,0.8119186992043642,1.0,49.522305755615236,True,1.0,0.0,-0.014356309306216675,-0.014356309306216675,3.4978950285419064,2.604755718894292,260475.5718894292,349789.50285419065
2020-07-13,92.61571502685547,53.59000015258789,10.018101692199707,59.278053283691406,0.1933616086455869,0.8226612453230995,1.0,49.747032928466794,True,1.0,0.0,0.019107245141965157,0.019107245141965157,3.564730166333118,2.654525424950141,265452.5424950141,356473.0166333118
2020-07-14,94.14836883544922,54.720001220703125,10.34174919128418,60.99982833862305,0.15240888640205802,0.8513351789262216,1.0,50.04290740966797,True,1.0,0.0,0.029045742219158566,0.029045742219158566,3.6682703998252877,2.731628086157445,273162.80861574446,366827.0399825288
2020-07-15,94.79586791992188,55.34000015258789,10.19250774383545,60.17992401123047,0.16756346197803468,0.8804794861771732,1.0,50.30339500427246,True,1.0,0.0,-0.013441092372278751,-0.013441092372278751,3.61896483853474,2.6949120207246917,269491.20207246917,361896.48385347397
2020-07-16,93.6294174194336,54.91999816894531,10.100323677062988,60.66275405883789,0.1676917270894678,0.8889176728618468,1.0,50.581496505737306,True,1.0,0.0,0.0080231082963369,0.0080231082963369,3.6480001853549395,2.716533591716066,271653.3591716066,364800.01853549393
2020-07-17,93.44026184082031,55.040000915527344,10.166844367980957,60.48967361450195,0.17060877755598258,0.8994988505159127,1.0,50.848540725708006,True,1.0,0.0,-0.0028531583674565875,-0.0028531583674565875,3.637591863101611,2.708782891168384,270878.2891168384,363759.18631016114
2020-07-20,95.40941619873047,57.459999084472656,10.475045204162598,60.93605422973633,0.15661298502579327,0.8730448990841746,1.0,51.12089569091797,True,1.0,0.0,0.007379451542078641,0.007379451542078641,3.664435295985229,2.728772223251773,272877.2223251773,366443.5295985229
2020-07-21,94.09259796142578,57.0,10.293414115905762,61.77416229248047,0.19098515106006575,0.8817957435514895,1.0,51.39952377319336,True,1.0,0.0,0.013753894526619126,0.013753894526619126,3.71483555254583,2.766303468597546,276630.3468597546,371483.555254583
2020-07-22,94.35694122314453,61.790000915527344,10.403289794921875,62.43008041381836,0.14769056442878398,0.8868704873512492,1.0,51.70049331665039,True,1.0,0.0,0.010618001070290983,0.010618001070290983,3.7542796804187164,2.7956760817878643,279567.6081787864,375427.9680418716
2020-07-23,90.06214141845703,59.56999969482422,10.09533977508545,61.37334442138672,0.1605629285896243,0.9254930749981178,1.0,52.00383811950684,True,1.0,0.0,-0.016926712018101808,-0.016926712018101808,3.6907320694328574,2.7483544778555458,274835.44778555457,369073.2069432857
2020-07-24,89.83902740478516,69.4000015258789,10.159870147705078,67.32210540771484,0.13699463303672965,1.298131336860966,1.0,52.4294132232666,True,1.0,0.0,0.09692743718647945,0.09692743718647945,4.048465270264936,3.0147454338740687,301474.54338740685,404846.52702649357
2020-07-27,91.9682388305664,68.97000122070312,10.38609790802002,75.83983612060547,0.15627015889811885,1.704656400905624,0.5,53.00400321960449,True,0.5,0.5,0.12652204890660657,0.12652204890660657,4.5606853911860945,3.3961772030996524,339617.72030996525,456068.53911860945
2020-07-28,90.4574203491211,67.61000061035156,10.18079948425293,70.07327270507812,0.20135250093296841,1.9464518346021589,0.5,53.504856491088866,True,0.5,0.0,-0.0760360743179479,-0.03851803715897395,4.213908777841089,3.2653631233922,326536.31233921996,421390.8777841089
2020-07-29,92.19134521484375,76.08999633789062,10.429947853088379,75.31144714355469,0.17939837681114462,2.0073183380463986,0.5,54.07303833007813,True,0.5,0.0,0.07475281567799463,0.037376407838997316,4.5289103239949275,3.387410667234529,338741.0667234529,452891.03239949275
2020-07-30,93.306884765625,78.19999694824219,10.577942848205566,72.81536865234375,0.20167021834105853,2.0396975660310463,0.5,54.61046813964844,True,0.5,0.0,-0.03314341426015943,-0.016571707130079716,4.378806772979651,3.3312754897278105,333127.54897278105,437880.6772979651
2020-07-31,103.07504272460938,77.43000030517578,10.578689575195312,71.86792755126953,0.2177801713424439,2.0269945067385224,0.5,55.11032196044922,True,0.5,0.0,-0.013011553997587577,-0.006505776998793789,4.321831692208024,3.309602954270094,330960.2954270094,432183.1692208024
2020-08-03,105.67230224609375,77.66999816894531,10.972850799560547,71.92257690429688,0.27773990982270735,1.96200634009681,0.5,55.63098091125488,True,0.5,0.0,0.0007604136488887914,0.0003802068244443957,4.325118072014979,3.310861287899509,331086.1287899509,432511.80720149784
2020-08-04,106.37799072265625,85.04000091552734,11.18960952758789,73.0522232055664,0.2817299187945002,1.9067146394419956,0.5,56.191413192749025,True,0.5,0.0,0.015706421403291593,0.007853210701645796,4.393050199073038,3.3368621791973063,333686.21791973064,439305.0199073038
2020-08-05,106.7635726928711,85.30999755859375,11.24841022491455,74.36402130126953,0.3108650942751854,1.8735821919132503,0.5,56.759635314941406,True,0.5,0.0,0.017956990740880974,0.008978495370440487,4.471936160822017,3.366822180825028,336682.2180825028,447193.6160822017
2020-08-06,110.48846435546875,86.70999908447266,11.296995162963867,73.35282897949219,0.2855406404355951,1.8522068837439174,0.5,57.29099578857422,True,0.5,0.0,-0.013597870369068898,-0.006798935184534449,4.411127352608408,3.3439313750397455,334393.13750397455,441112.7352608408
2020-08-07,107.9764404296875,84.8499984741211,11.161454200744629,72.90644836425781,0.3039486205782544,1.816844224923193,0.5,57.839832077026365,True,0.5,0.0,-0.006085390590173101,-0.0030426952950865505,4.38428391972479,3.3337568107778197,333375.68107778195,438428.39197247894
2020-08-10,109.54586029052734,82.23999786376953,11.12707233428955,72.76068115234375,0.2883277671328697,1.7907357505239907,0.5,58.38484870910644,True,0.5,0.0,-0.001999373377588931,-0.0009996866887944655,4.375518099175901,3.330424098470407,333042.4098470407,437551.80991759006
2020-08-11,106.2879867553711,76.87999725341797,10.813141822814941,71.00247192382812,0.29826864767320943,1.7816288057717016,0.5,58.88204200744629,True,0.5,0.0,-0.024164276648734884,-0.012082138324367442,4.269786869345868,3.290185453833881,329018.54538338806,426978.6869345868
2020-08-12,109.82038116455078,82.61000061035156,11.401389122009277,72.32341003417969,0.2293609114617362,1.7472793223947654,0.5,59.38793128967285,True,0.5,0.0,0.018604114399970006,0.009302057199985003,4.349222472726669,3.3207909471240025,332079.0947124002,434922.24727266683
2020-08-13,111.76393127441406,81.83999633789062,11.40412712097168,71.33043670654297,0.27494506888767867,1.7352065657320281,0.5,59.854972229003906,True,0.5,0.0,-0.013729625402998047,-0.0068648127014990235,4.28950927738183,3.297994339251163,329799.43392511626,428950.927738183
2020-08-14,111.6643295288086,81.30000305175781,11.524717330932617,71.4306411743164,0.2934677366283363,1.7090412873951701,0.5,60.30195411682129,True,0.5,0.0,0.0014047925738305267,0.0007023962869152633,4.295535148160074,3.3003108382293203,330031.08382293204,429553.51481600734
2020-08-17,111.37279510498047,82.41999816894531,12.295090675354004,73.0522232055664,0.2853422123125563,1.6893336437145041,0.5,60.76472984313965,True,0.5,0.0,0.0227014906291092,0.0113507453145546,4.393050199073039,3.3377718260129257,333777.18260129256,439305.01990730385
2020-08-18,112.30081939697266,81.66000366210938,12.219100952148438,72.34163665771484,0.2887868754513625,1.6741822651704048,0.5,61.206602554321286,True,0.5,0.0,-0.009727103661883008,-0.004863551830941504,4.350318544394799,3.3215383997372556,332153.83997372555,435031.85443947994
2020-08-19,112.44171142578125,81.08999633789062,12.097267150878906,71.5490951538086,0.29668317698467306,1.6597969927117555,0.5,61.61381637573242,True,0.5,0.0,-0.010955537371322821,-0.0054777686856614105,4.302658467004523,3.303343780702953,330334.37807029526,430265.8467004523
2020-08-20,114.936767578125,82.7699966430664,12.099757194519043,69.97305297851562,0.2828655639883417,1.6439908975511186,0.5,61.97250991821289,True,0.5,0.0,-0.022027422875229408,-0.011013711437614704,4.207881989464128,3.2669617055230513,326696.1705523051,420788.19894641277
2020-08-21,120.8597412109375,83.80999755859375,12.640414237976074,71.36687469482422,0.3421207604423534,1.4524728999787324,1.0,62.40447212219238,True,1.0,0.5,0.019919406928500694,0.009959703464250347,4.291700503119373,3.299499675339122,329949.9675339122,429170.05031193735
2020-08-24,122.30526733398438,83.08000183105469,12.677037239074707,71.87703704833984,0.3741319338160711,1.0286154067117326,1.0,62.82927627563477,True,1.0,0.0,0.007148447451246209,0.006648447451246209,4.322379498642409,3.321436225546018,332143.6225546018,432237.9498642409
2020-08-25,121.30191040039062,86.3499984741211,12.706689834594727,72.91555786132812,0.35834083466817257,0.8311536552213651,1.0,63.27448928833008,True,1.0,0.0,0.014448575729267166,0.014448575729267166,4.384831726159176,3.369426248380751,336942.6248380751,438483.1726159176
2020-08-26,122.95147705078125,86.0199966430664,12.729608535766602,74.47335815429688,0.3763787906542172,0.6024502065733076,1.0,63.754836807250975,True,1.0,0.0,0.021364443181404402,0.021364443181404402,4.478511214432722,3.441412164018214,344141.2164018214,447851.1214432722
2020-08-27,121.48168182373047,83.80000305175781,12.585351943969727,73.42572021484375,0.35144727709992335,0.5529896553354293,1.0,64.19976402282715,True,1.0,0.0,-0.014067284803816471,-0.014067284803816471,4.415510721682211,3.3930008389796513,339300.08389796515,441551.0721682211
2020-08-28,121.284912109375,85.55000305175781,13.103086471557617,73.27996063232422,0.31963774092748176,0.5442205864943521,1.0,64.64232246398926,True,1.0,0.0,-0.0019851297623372233,-0.0019851297623372233,4.406745359932681,3.386265292030558,338626.5292030558,440674.5359932681
2020-08-31,125.39794921875,90.81999969482422,13.329065322875977,72.19586944580078,0.2905143602652649,0.5611504673962007,1.0,65.07850379943848,True,1.0,0.0,-0.014793828724373514,-0.014793828724373514,4.3415527238459095,3.336169463284967,333616.94632849674,434155.27238459093
2020-09-01,130.3928680419922,92.18000030517578,13.778170585632324,74.29115295410156,0.30525114228626365,0.5971175015303897,1.0,65.54401908874512,True,1.0,0.0,0.029022207563740965,0.029022207563740965,4.4675541681462905,3.4329924659162376,343299.24659162376,446755.41681462905
2020-09-02,127.69131469726562,90.22000122070312,14.302040100097656,74.85597229003906,0.3280799317323779,0.5850086252156071,1.0,66.00698394775391,True,1.0,0.0,0.007602780593356284,0.007602780593356284,4.501520002275641,3.459092754413244,345909.2754413244,450152.00022756413
2020-09-03,117.46823120117188,82.54000091552734,12.975168228149414,73.95409393310547,0.29868549911211484,0.584597374925696,1.0,66.45519088745117,True,1.0,0.0,-0.012048181719411133,-0.012048181719411133,4.44728487127466,3.417416976323775,341741.6976323775,444728.487127466
2020-09-04,117.54600524902344,82.01000213623047,12.583385467529297,71.88613891601562,0.16054407410024668,0.6297296754937572,1.0,66.85365730285645,True,1.0,0.0,-0.027962684783352176,-0.027962684783352176,4.3229268462774355,3.3218568226415566,332185.68226415565,432292.68462774355
2020-09-08,109.6357421875,78.69000244140625,11.876082420349121,70.43766021728516,0.1909212399095224,0.6521448466337612,1.0,67.23609031677246,True,1.0,0.0,-0.020149624400090826,-0.020149624400090826,4.235821494015876,3.25492265535445,325492.265535445,423582.1494015876
2020-09-09,114.00872802734375,81.91000366210938,12.67559814453125,72.33252716064453,0.11398998633524174,0.6620566424431777,1.0,67.65532745361328,True,1.0,0.0,0.02690133285963947,0.02690133285963947,4.349770737960412,3.3424844131385214,334248.44131385215,434977.07379604125
2020-09-10,110.28681945800781,78.9800033569336,12.273599624633789,71.87703704833984,0.18624850379352575,0.6476817241199182,1.0,68.05853103637695,True,1.0,0.0,-0.006297168510275952,-0.006297168510275952,4.322379498642408,3.3214362255460173,332143.62255460175,432237.9498642408
2020-09-11,108.83887481689453,76.33999633789062,12.126805305480957,71.80415344238281,0.11005833877930299,0.637858505911103,1.0,68.45936614990234,True,1.0,0.0,-0.0010140040400944406,-0.0010140040400944406,4.317996588367963,3.318068275794398,331806.8275794398,431799.6588367963
2020-09-14,112.10405731201172,77.9000015258789,12.832361221313477,73.33462524414062,0.08421151423630976,0.6608001722961155,1.0,68.85801521301269,True,1.0,0.0,0.02131453026579999,0.02131453026579999,4.410032657338353,3.3887913424828082,338879.13424828084,441003.2657338353
2020-09-15,112.27896118164062,78.93000030517578,12.9507417678833,78.20841217041016,0.12260285598788094,0.8329694432313225,1.0,69.29474342346191,True,1.0,0.0,0.06645955999698705,0.06645955999698705,4.703121487317404,3.6140089240258146,361400.89240258146,470312.14873174037
2020-09-16,108.96520233154297,76.66000366210938,12.47571849822998,75.73051452636719,0.1169752391828974,0.8728442072874074,1.0,69.70323104858399,True,1.0,0.0,-0.031683262391823286,-0.031683262391823286,4.554111255174104,3.4995053309995137,349950.53309995134,455411.1255174104
2020-09-17,107.22573852539062,76.55000305175781,12.42487907409668,75.0043716430664,0.07206597218704312,0.8680740621406106,1.0,70.06294273376464,True,1.0,0.0,-0.009588511154878798,-0.009588511154878798,4.510444108603308,3.465950285096667,346595.0285096667,451044.4108603308
2020-09-18,103.82451629638672,74.93000030517578,12.151476860046387,73.46601104736328,0.06071993533102295,0.861818781996837,1.0,70.35198554992675,True,1.0,0.0,-0.0205102790944498,-0.0205102790944498,4.417933641095938,3.3948626774218464,339486.26774218463,441793.3641095938
2020-09-21,106.97309112548828,77.94000244140625,12.478461265563965,73.79564666748047,0.029499392479515107,0.8454879188731287,1.0,70.66456550598144,True,1.0,0.0,0.004486913273468396,0.004486913273468396,4.437756526191474,3.410095131830773,341009.51318307733,443775.6526191474
2020-09-22,108.65423583984375,77.69999694824219,12.598586082458496,73.69493865966797,0.030022867968662027,0.8409697647145292,1.0,70.95290321350097,True,1.0,0.0,-0.0013646876524612273,-0.0013646876524612273,4.431700374655551,3.4054414171106453,340544.14171106456,443170.0374655551
2020-09-23,104.09661102294922,74.7300033569336,12.086180686950684,71.35073852539062,0.05033245860146677,0.8696136305376871,1.0,71.15992141723633,True,1.0,0.0,-0.031809513338536544,-0.031809513338536544,4.290730142475548,3.2971159829294594,329711.59829294594,429073.01424755476
2020-09-24,105.16558074951172,75.81999969482422,12.309735298156738,71.77197265625,-0.0001329926302493234,0.8476479712253128,1.0,71.39176239013672,True,1.0,0.0,0.005903710873426782,0.005903710873426782,4.31606137267262,3.3165812024088295,331658.12024088297,431606.13726726203
2020-09-25,109.11096954345703,78.05999755859375,12.833856582641602,72.22982788085938,7.601192897963016e-05,0.8390007450172374,1.0,71.62310386657715,True,1.0,0.0,0.00637930389348873,0.00637930389348873,4.343594839791847,3.3377386817864276,333773.86817864276,434359.4839791847
2020-09-28,111.71532440185547,79.4800033569336,12.994606971740723,73.04479217529297,0.04684392456172719,0.840140188313403,1.0,71.87420623779298,True,1.0,0.0,0.01128293280412973,0.01128293280412973,4.392603328497583,3.3753981630507686,337539.8163050769,439260.3328497583
2020-09-29,110.8698959350586,81.7699966430664,13.18476676940918,73.72239685058594,0.05829222996380467,0.8316142963334807,1.0,72.12993309020996,True,1.0,0.0,0.009276563805765248,0.009276563805765248,4.433351593547807,3.406710259480172,340671.0259480172,443335.15935478074
2020-09-30,112.54135131835938,81.98999786376953,13.488572120666504,74.23518371582031,0.03195568870217232,0.8002652465153712,1.0,72.37915351867676,True,1.0,0.0,0.006955645599445726,0.006955645599445726,4.464188416050264,3.430406128705112,343040.6128705112,446418.84160502633
2020-10-01,113.49369812011719,84.86000061035156,13.572311401367188,75.6545181274414,0.027128831716227444,0.8110760133335959,1.0,72.64364227294922,True,1.0,0.0,0.019119430175514207,0.019119430175514207,4.549541154761276,3.4959935391565455,349599.35391565453,454954.11547612766
2020-10-02,109.83008575439453,81.80000305175781,13.021773338317871,73.98796081542969,0.035540541180628014,0.8240506381472591,1.0,72.89593460083007,True,1.0,0.0,-0.022028523256263033,-0.022028523256263033,4.449321481628291,3.41898196417549,341898.19641754904,444932.1481628291
2020-10-05,113.21186828613281,86.1500015258789,13.600225448608398,77.41265869140625,0.046638170571144305,0.860966091539658,1.0,73.09774566650391,True,1.0,0.0,0.04628723157433434,0.04628723157433434,4.655268255397081,3.5772371740997535,357723.71740997536,465526.8255397081
2020-10-06,109.96614837646484,84.4800033569336,13.69393253326416,76.11235809326172,0.09531777505115868,0.8526619675918504,1.0,73.10319610595702,True,1.0,0.0,-0.01679700219737934,-0.01679700219737934,4.577073704281785,3.517150313425853,351715.0313425853,457707.3704281785
2020-10-07,111.83196258544922,86.69000244140625,13.92072868347168,79.59198760986328,0.12807538942817268,0.8927404446382053,1.0,73.29357040405273,True,1.0,0.0,0.045717011058019175,0.045717011058019175,4.786323833433804,3.677943913197458,367794.3913197458,478632.3833433804
2020-10-08,111.72506713867188,86.51000213623047,13.795867919921875,80.3978042602539,0.10703115097256988,0.8856865558619159,1.0,73.39529754638671,True,1.0,0.0,0.01012434385155081,0.01012434385155081,4.834782221708361,3.7151806820413875,371518.0682041388,483478.22217083606
2020-10-09,113.66861724853516,83.0999984741211,13.720097541809082,81.29517364501953,0.12686545977644165,0.8818393003983993,1.0,73.56489364624024,True,1.0,0.0,0.011161615581698925,0.011161615581698925,4.888746202288302,3.7566481006308874,375664.8100630887,488874.6202288302
2020-10-12,120.88888549804688,84.29000091552734,14.181914329528809,83.24561309814453,0.1432452381086836,0.8820115354055571,1.0,73.79244735717774,True,1.0,0.0,0.023992069463332655,0.023992069463332655,5.006037340762207,3.8467778628105203,384677.78628105205,500603.7340762207
2020-10-13,117.6820297241211,85.27999877929688,14.204095840454102,82.08267211914062,0.16881999327141403,0.749401076535912,1.0,73.99564926147461,True,1.0,0.0,-0.013969997165290016,-0.013969997165290016,4.936103013302423,3.7930383869715567,379303.83869715565,493610.3013302423
2020-10-14,117.7695083618164,84.20999908447266,14.051572799682617,81.13035583496094,0.13933252244780778,0.7067258290456168,1.0,74.1572119140625,True,1.0,0.0,-0.011601916209519003,-0.011601916209519003,4.878834759740534,3.7490318734264236,374903.18734264234,487883.4759740534
2020-10-15,117.30305480957031,83.12999725341797,13.926706314086914,80.71830749511719,0.16311015141663726,0.7018604840911143,1.0,74.28429763793946,True,1.0,0.0,-0.005078843000293931,-0.005078843000293931,4.854055923971435,3.729991129138193,372999.1129138193,485405.59239714354
2020-10-16,115.6607437133789,83.16999816894531,13.768699645996094,79.39053344726562,0.15491436855702143,0.6937155038175913,1.0,74.40505172729492,True,1.0,0.0,-0.0164494783036907,-0.0164494783036907,4.774209236365166,3.668634720986476,366863.47209864756,477420.92363651656
2020-10-19,112.70655822753906,82.0,13.45592212677002,80.17804718017578,0.17987127460158614,0.6982180518189807,1.0,74.55048370361328,True,1.0,0.0,0.009919491641068978,0.009919491641068978,4.821566964978004,3.7050257124354364,370502.57124354364,482156.6964978004
2020-10-20,114.19338989257812,81.55999755859375,13.603215217590332,80.81903839111328,0.11872765278002743,0.7039114880992061,1.0,74.71165084838867,True,1.0,0.0,0.007994597442577689,0.007994597442577689,4.860113451905434,3.734645901520757,373464.5901520757,486011.3451905434
2020-10-21,113.5714340209961,79.19999694824219,13.482837677001953,80.25128173828125,0.1143979652767009,0.6553736893484072,1.0,74.89662704467773,True,1.0,0.0,-0.007025035983284633,-0.007025035983284633,4.825970980022952,3.708409879677747,370840.98796777474,482597.09800229524
2020-10-22,112.48304748535156,79.41999816894531,13.319596290588379,80.77323913574219,0.1405278046838613,0.6654989605440518,1.0,75.06562362670898,True,1.0,0.0,0.006504038143130941,0.006504038143130941,4.8573592793546645,3.732529518985535,373252.9518985535,485735.92793546646
2020-10-23,111.7930908203125,81.95999908447266,13.548137664794922,80.86479949951172,0.10795978346870758,0.6776689161598997,1.0,75.25631088256836,True,1.0,0.0,0.0011335482487666582,0.0011335482487666582,4.862865330459408,3.736760521285251,373676.0521285251,486286.53304594074
2020-10-26,111.80281066894531,82.2300033569336,13.1005277633667,79.41802215576172,0.08266576929486356,0.7139303176095096,1.0,75.41605850219726,True,1.0,0.0,-0.01789131182794479,-0.01789131182794479,4.775862290454857,3.669904973572583,366990.4973572583,477586.22904548567
2020-10-27,113.30904388427734,78.87999725341797,13.355236053466797,79.39969635009766,0.04148432079324501,0.7252269699418498,1.0,75.5430079650879,True,1.0,0.0,-0.00023075122203519705,-0.00023075122203519705,4.774760254395062,3.6690581385151777,366905.81385151774,477476.0254395062
2020-10-28,108.06146240234375,76.4000015258789,12.587869644165039,76.78082275390625,0.035152014043248074,0.7992552597467457,1.0,75.63179168701171,True,1.0,0.0,-0.03298342080105687,-0.03298342080105687,4.617272327700189,3.5480400499889893,354804.00499889895,461727.23277001886
2020-10-29,112.06517028808594,78.0199966430664,12.983641624450684,77.73313903808594,-0.03024429581042789,0.8024244698317521,1.0,75.75547256469727,True,1.0,0.0,0.01240304870438802,0.01240304870438802,4.674540581262077,3.592046563534122,359204.6563534122,467454.05812620773
2020-10-30,105.78750610351562,75.29000091552734,12.495158195495605,76.79913330078125,-0.00828767602043381,0.7963659617524672,1.0,75.89199417114258,True,1.0,0.0,-0.012015541233283633,-0.012015541233283633,4.618373446161265,3.548886179938103,354888.61799381033,461837.34461612656
2020-11-02,105.70004272460938,74.69999694824219,12.541764259338379,78.48399353027344,-0.03918465990984256,0.7233543173144779,1.0,76.03433654785157,True,1.0,0.0,0.02193853181771588,0.02193853181771588,4.7196937789559685,3.6267435323141273,362674.3532314127,471969.37789559684
2020-11-03,107.32292938232422,76.58000183105469,12.979156494140625,80.29708099365234,-0.05872025393388025,0.7425084787399266,1.0,76.2027374267578,True,1.0,0.0,0.02310136604707247,0.02310136604707247,4.828725152573721,3.7105262622129684,371052.62622129684,482872.5152573721
2020-11-04,111.70561981201172,81.3499984741211,13.751506805419922,81.90868377685547,-0.02618102798867004,0.6567234320901358,1.0,76.38259994506836,True,1.0,0.0,0.02007050272886657,0.02007050272886657,4.925640093925399,3.7849983896842447,378499.8389684245,492564.00939253985
2020-11-05,115.67047119140625,83.0,14.116121292114258,82.80607604980469,0.02094313422523555,0.6712658473400122,1.0,76.54925430297851,True,1.0,0.0,0.010956008954972285,0.010956008954972285,4.979605450903416,3.826466865936181,382646.68659361807,497960.54509034165
2020-11-06,115.53904724121094,85.87999725341797,14.516876220703125,83.70345306396484,0.03914578349321467,0.685070071114365,1.0,76.75480895996094,True,1.0,0.0,0.010837091394361176,0.010837091394361176,5.033569890282716,3.867934637079826,386793.4637079826,503356.9890282716
2020-11-09,113.23197174072266,83.12000274658203,13.58851146697998,81.52409362792969,0.049062220114632904,0.709635518704095,1.0,76.91969161987305,True,1.0,0.0,-0.02603667299567347,-0.02603667299567347,4.902512477048557,3.76722648776554,376722.648776554,490251.2477048557
2020-11-10,112.89126586914062,77.98999786376953,12.730426788330078,80.26960754394531,-0.01754899275156375,0.7280973165590711,1.0,77.08116638183594,True,1.0,0.0,-0.015387918198879524,-0.015387918198879524,4.827073016082747,3.7092567147351514,370925.67147351516,482707.3016082747
2020-11-11,116.31781005859375,81.27999877929688,13.376420021057129,83.2181396484375,-0.04323881221594188,0.8284506827234529,1.0,77.25970611572265,True,1.0,0.0,0.036732858110436695,0.036732858110436695,5.004385204271232,3.8455083153327023,384550.83153327025,500438.5204271232
2020-11-12,116.04522705078125,81.83999633789062,13.415048599243164,82.24751281738281,-0.004948078322194431,0.8550923178703987,1.0,77.40753692626953,True,1.0,0.0,-0.011663644911496296,-0.011663644911496296,4.946015832248267,3.8006556718384554,380065.56718384556,494601.58322482667
2020-11-13,116.09392547607422,81.43000030517578,13.255793571472168,85.36084747314453,0.0013394210358120256,0.9336159796410909,1.0,77.63567199707032,True,1.0,0.0,0.03785323773467009,0.03785323773467009,5.133238545385803,3.944522794532179,394452.27945321787,513323.8545385803
2020-11-16,117.1063232421875,83.7300033569336,13.473369598388672,90.9007797241211,0.00013242066885498557,1.1575118405958968,1.0,78.01596481323242,True,1.0,0.0,0.06490015522303105,0.06490015522303105,5.466386523778187,4.200522936178102,420052.2936178102,546638.6523778187
2020-11-17,116.22047424316406,83.36000061035156,13.380658149719238,87.64091491699219,0.0179809532794223,1.249747631611861,1.0,78.36002990722656,True,1.0,0.0,-0.035861791472223015,-0.035861791472223015,5.2703521101558835,4.049884658566593,404988.4658566593,527035.2110155884
2020-11-18,114.89656829833984,82.54000091552734,13.387136459350586,88.75806427001953,0.002952378356041869,1.2438167852670052,1.0,78.68854064941407,True,1.0,0.0,0.012746892864884396,0.012746892864884396,5.337532723864258,4.1015081044244805,410150.81044244807,533753.2723864258
2020-11-19,115.49038696289062,85.54000091552734,13.398602485656738,88.46504974365234,0.0013898179072080602,1.238701097596073,1.0,79.02030090332032,True,1.0,0.0,-0.0033012721579391835,-0.0033012721579391835,5.319912075690875,4.0879679099137824,408796.79099137825,531991.2075690875
2020-11-20,114.22490692138672,84.63999938964844,13.047192573547363,87.29297637939453,0.01500648849997126,1.2434589867870907,1.0,79.33007736206055,True,1.0,0.0,-0.013248999097995928,-0.013248999097995928,5.249428565398629,4.033806426762698,403380.6426762698,524942.8565398629
2020-11-23,110.82754516601562,85.30999755859375,13.099281311035156,89.85690307617188,-0.0001937120400029935,1.2348401961789257,1.0,79.66052291870118,True,1.0,0.0,0.02937151192593035,0.02937151192593035,5.4036122191115545,4.1522854203332535,415228.54203332536,540361.2219111555
2020-11-24,112.11250305175781,85.06999969482422,12.917596817016602,88.49251556396484,-0.013429389299750892,1.244221541792233,1.0,79.86620498657227,True,1.0,0.0,-0.015184003292996184,-0.015184003292996184,5.32156375338249,4.089237104837453,408923.7104837453,532156.375338249
2020-11-25,112.94967651367188,86.70999908447266,13.19373893737793,89.2708511352539,-0.023233909107352783,1.1597487307974277,1.0,80.13701171875,True,1.0,0.0,0.008795496052165674,0.008795496052165674,5.368369546366714,4.125203973649421,412520.39736494207,536836.9546366713
2020-11-27,113.49479675292969,87.19000244140625,13.220154762268066,90.41546630859375,0.014777422649513684,1.152299664440809,1.0,80.44523361206055,True,1.0,0.0,0.012821824355697453,0.012821824355697453,5.437201837766703,4.178096614430979,417809.6614430979,543720.1837766703
2020-11-30,115.8895034790039,92.66000366210938,13.359971046447754,88.84046173095703,-0.0025922892110706204,1.1563991758927956,1.0,80.75272262573242,True,1.0,0.0,-0.01741963672742808,-0.01741963672742808,5.342487756939103,4.1053156891954945,410531.56891954946,534248.7756939103
2020-12-01,119.46206665039062,92.62999725341797,13.34850788116455,92.35672760009766,0.08722302500390822,1.1872075274446279,1.0,81.12394424438476,True,1.0,0.0,0.039579554187699095,0.039579554187699095,5.553941040611993,4.267802253973619,426780.22539736185,555394.1040611992
2020-12-02,119.81251525878906,93.73999786376953,13.502527236938477,91.14804077148438,0.10919854917159434,1.1885353937360112,1.0,81.4730062866211,True,1.0,0.0,-0.013087155208084789,-0.013087155208084789,5.481255752196952,4.211948863478452,421194.8863478452,548125.5752196952
2020-12-03,119.67620849609375,92.30999755859375,13.35843276977539,91.11140441894531,0.11961460873858482,1.1746208062064116,1.0,81.86821960449218,True,1.0,0.0,-0.00040194339043353455,-0.00040194339043353455,5.47905259767608,4.2102558984719325,421025.5898471933,547905.259767608
2020-12-04,119.00453186035156,94.04000091552734,13.52022933959961,94.98477935791016,0.06116186062870134,1.2238975346488161,1.0,82.33247573852539,True,1.0,0.0,0.04251251491146402,0.04251251491146402,5.711980902935481,4.3892444651368,438924.44651368,571198.0902935481
2020-12-07,120.46472930908203,94.06999969482422,13.568591117858887,97.42052459716797,0.05376598851685678,1.2284061581425343,1.0,82.83628967285156,True,1.0,0.0,0.025643532108231115,0.025643532108231115,5.858456268621509,4.501800196509411,450180.0196509411,585845.626862151
2020-12-08,121.07799530029297,92.91999816894531,13.312562942504883,96.73375701904297,0.058740455835571394,1.1793530987815233,1.0,83.31006896972656,True,1.0,0.0,-0.007049516320762672,-0.007049516320762672,5.817156985541388,4.470064682551305,447006.4682551305,581715.6985541388
2020-12-09,118.54701232910156,89.83000183105469,12.894488334655762,95.6166000366211,0.06724520962610736,1.1686060003254777,1.0,83.74795303344726,True,1.0,0.0,-0.01154878107548285,-0.01154878107548285,5.749975913033655,4.418440884139272,441844.08841392724,574997.5913033655
2020-12-10,119.9682388305664,91.66000366210938,12.935873985290527,95.442626953125,0.05941926187311801,1.134838953471354,1.0,84.17210189819336,True,1.0,0.0,-0.0018194861920363126,-0.0018194861920363126,5.739513911255349,4.410401591960253,441040.1591960253,573951.3911255349
2020-12-11,119.16030883789062,91.6500015258789,12.97675609588623,95.2594985961914,0.05500815338093265,1.1209553488951853,1.0,84.56420150756836,True,1.0,0.0,-0.001918727122038777,-0.001918727122038777,5.728501350246504,4.401939234806675,440193.9234806675,572850.1350246505
2020-12-14,118.54701232910156,94.77999877929688,13.271430015563965,94.82910919189453,0.05459880105654945,1.0804278337607363,1.0,84.98102447509766,True,1.0,0.0,-0.004518073374722542,-0.004518073374722542,5.702619560818894,4.382050950352748,438205.0950352748,570261.9560818893
2020-12-15,124.48506927490234,97.12000274658203,13.323033332824707,96.23014068603516,0.07638975530371435,0.8958929892876348,1.0,85.35737411499024,True,1.0,0.0,0.014774276654919483,0.014774276654919483,5.786871639868187,4.446792583409213,444679.25834092125,578687.1639868187
2020-12-16,124.41694641113281,96.8499984741211,13.205365180969238,96.33085632324219,0.09137914825368021,0.802362280972601,1.0,85.76174407958985,True,1.0,0.0,0.0010466121787728877,0.0010466121787728877,5.7929282502034685,4.4514466506834856,445144.6650683486,579292.8250203468
2020-12-17,125.28331756591797,96.83999633789062,13.303836822509766,95.54187774658203,0.08973189685278614,0.8118343971921358,1.0,86.08074188232422,True,1.0,0.0,-0.008190299627491182,-0.008190299627491182,5.745482432113744,4.414987968838596,441498.7968838596,574548.2432113744
2020-12-18,123.29747009277344,95.91999816894531,13.234781265258789,95.89129638671875,0.11693058842240171,0.8118884888874367,1.0,86.39061172485351,True,1.0,0.0,0.003657230194528127,0.003657230194528127,5.766494983946601,4.431134596146711,443113.45961467107,576649.4983946602
2020-12-21,124.8257827758789,93.2300033569336,13.294862747192383,96.39706420898438,0.09101210855103938,0.794254992984823,1.0,86.69264953613282,True,1.0,0.0,0.005274387158412441,0.005274387158412441,5.796909711038979,4.454506115557824,445450.6115557824,579690.9711038979
2020-12-22,128.37890625,93.16000366210938,13.24101448059082,95.57865905761719,0.09196493283686052,0.7654470909808674,1.0,86.93931045532227,True,1.0,0.0,-0.00848993854826241,-0.00848993854826241,5.747694303822432,4.416687632373879,441668.76323738793,574769.4303822432
2020-12-23,127.48330688476562,91.55000305175781,12.97276782989502,95.41313934326172,0.11385965274740678,0.7462717498422021,1.0,87.20591979980469,True,1.0,0.0,-0.0017317643497769541,-0.0017317643497769541,5.737740651733656,4.409038970188033,440903.8970188033,573774.0651733656
2020-12-24,128.4665069580078,91.80999755859375,12.95731258392334,97.44535064697266,0.09676920832368265,0.7695824726483226,1.0,87.53221969604492,True,1.0,0.0,0.021299071780876755,0.021299071780876755,5.8599492017349855,4.502947407698751,450294.7407698751,585994.9201734986
2020-12-28,133.06114196777344,91.5999984741211,12.863823890686035,97.61087799072266,0.08773921272718788,0.7685705833135115,1.0,87.87007110595704,True,1.0,0.0,0.0016986684603319535,0.0016986684603319535,5.86990331262312,4.510596422438742,451059.6422438742,586990.331262312
2020-12-29,131.2895050048828,90.62000274658203,12.906954765319824,97.06835174560547,0.10114457257865392,0.7450994751061087,1.0,88.22362747192383,True,1.0,0.0,-0.005558051072635073,-0.005558051072635073,5.837278090220131,4.485526297154783,448552.6297154783,583727.8090220131
2020-12-30,130.17005920410156,92.29000091552734,13.108885765075684,100.13964080810547,0.08324327481188348,0.7115067470373689,1.0,88.62285934448242,True,1.0,0.0,0.03164047815037763,0.03164047815037763,6.02197236009142,4.6274504939528525,462745.04939528526,602197.236009142
2020-12-31,129.1674041748047,91.70999908447266,13.018390655517578,100.26839447021484,0.059279414577359864,0.6921415475806465,1.0,89.01184646606445,True,1.0,0.0,0.0012857412016895609,0.0012857412016895609,6.029715058070225,4.6334001977117065,463340.0197711706,602971.5058070224
2021-01-04,125.97445678710938,92.30000305175781,13.0767240524292,102.71439361572266,0.053370721562766045,0.724884131551522,1.0,89.46110870361328,True,1.0,0.0,0.024394517917950775,0.024394517917950775,6.176807050094456,4.746429761855821,474642.9761855821,617680.7050094455
2021-01-05,127.53199005126953,92.7699966430664,13.367158889770508,103.6983413696289,0.03834110488081918,0.6085838839343507,1.0,89.91961074829102,True,1.0,0.0,0.009579453465766719,0.009579453465766719,6.235977485797855,4.791897964888049,479189.7964888049,623597.7485797856
2021-01-06,123.23905181884766,90.33000183105469,12.579129219055176,106.30986785888672,0.05092626876432241,0.6130511805772338,1.0,90.42851211547851,True,1.0,0.0,0.0251838790742962,0.0251838790742962,6.393023588710222,4.912576543772156,491257.6543772156,639302.3588710222
2021-01-07,127.44437408447266,95.16000366210938,13.30657958984375,111.66168212890625,0.004965005185498568,0.7809995800942788,1.0,91.0733853149414,True,1.0,0.0,0.05034165104149513,0.05034165104149513,6.714858951313119,5.159883757853368,515988.37578533683,671485.895131312
2021-01-08,128.5443572998047,94.58000183105469,13.239517211914062,109.1421127319336,0.036253841699258174,0.8261764029211629,1.0,91.66823364257813,True,1.0,0.0,-0.022564315250633404,-0.022564315250633404,6.563342757072153,5.043454514084542,504345.45140845416,656334.2757072153
2021-01-11,125.55587005615234,97.25,13.583300590515137,112.73756408691406,0.062244448949291806,0.8696786066538968,1.0,92.38736846923828,True,1.0,0.0,0.03294284181406071,0.03294284181406071,6.779557919289842,5.209600238338439,520960.0238338439,677955.7919289842
2021-01-12,125.38066101074219,95.36000061035156,13.446934700012207,113.10540008544922,0.0528186041370312,0.8657350409645903,1.0,93.09481369018555,True,1.0,0.0,0.003262763405563529,0.003262763405563529,6.8016780127748,5.226597931353704,522659.7931353704,680167.80127748
2021-01-13,127.41520690917969,91.77999877929688,13.493803024291992,109.63868713378906,0.04995732461035402,0.9608713792617857,1.0,93.7516047668457,True,1.0,0.0,-0.03065028680364612,-0.03065028680364612,6.5932046309371986,5.06640120575037,506640.12057503697,659320.4630937199
2021-01-14,125.48773956298828,90.79000091552734,13.16323184967041,116.27787017822266,0.05026404175935812,1.1226856696648222,1.0,94.50748229980469,True,1.0,0.0,0.06055511259754498,0.06055511259754498,6.992456879742256,5.3731977012289205,537319.770122892,699245.6879742256
2021-01-15,123.76470947265625,88.20999908447266,12.823436737060547,115.15601348876953,0.016443957940624008,1.1367781660108327,1.0,95.20466094970703,True,1.0,0.0,-0.009648067063265153,-0.009648067063265153,6.9249931868295125,5.3213567294632815,532135.6729463282,692499.3186829513
2021-01-19,124.43641662597656,89.44999694824219,12.988723754882812,120.73772430419922,-0.003986185195284767,1.1901774257283586,1.0,95.98124176025391,True,1.0,0.0,0.048470858327985145,0.048470858327985145,7.260653550510588,5.579287457609767,557928.7457609767,726065.3550510588
2021-01-20,128.52491760253906,88.75,13.328269004821777,120.13078308105469,0.004249479939406588,1.1959194513282736,1.0,96.72773590087891,True,1.0,0.0,-0.005026939398123376,-0.005026939398123376,7.224154685121402,5.551240717675653,555124.0717675653,722415.4685121402
2021-01-21,133.23641967773438,91.52999877929688,13.828611373901367,123.3676528930664,0.03926708047268258,1.1989800956230992,1.0,97.52101989746093,True,1.0,0.0,0.02694454934026136,0.02694454934026136,7.418806277476335,5.700816397092733,570081.6397092732,741880.6277476335
2021-01-22,135.3779754638672,92.79000091552734,13.674047470092773,118.75146484375,0.07212284214032098,1.2914647525212233,1.0,98.26556732177734,True,1.0,0.0,-0.03741813952898709,-0.03741813952898709,7.141208349047201,5.4875024537171795,548750.245371718,714120.8349047201
2021-01-25,139.1258544921875,94.12999725341797,13.61496353149414,120.02046203613281,0.07322261514038628,1.2756627881490787,1.0,99.0605844116211,True,1.0,0.0,0.010686160326969674,0.010686160326969674,7.217520446393413,5.546142784732241,554614.278473224,721752.0446393413
2021-01-26,139.35943603515625,94.70999908447266,13.39757251739502,116.46177673339844,0.09984482115886649,1.3376444207275737,1.0,99.7254571533203,True,1.0,0.0,-0.029650654916350994,-0.029650654916350994,7.003516238285695,5.381696018905335,538169.6018905335,700351.6238285694
2021-01-27,138.2886505126953,88.83999633789062,12.881525039672852,111.94676208496094,0.11151383939480147,1.4210933440261997,1.0,100.31944213867187,True,1.0,0.0,-0.03876821026673127,-0.03876821026673127,6.732002448153368,5.173057296052782,517305.72960527823,673200.2448153368
2021-01-28,133.45057678222656,87.5199966430664,13.014402389526367,115.70772552490234,0.05921020417846577,1.4282137379429183,1.0,100.92637969970703,True,1.0,0.0,0.033596000187009034,0.033596000187009034,6.958170803660474,5.34685132993838,534685.1329938379,695817.0803660474
2021-01-29,128.456787109375,85.63999938964844,12.95332145690918,111.74443817138672,0.06035406345689516,1.4599842729528636,1.0,101.34325286865234,True,1.0,0.0,-0.03425257333109233,-0.03425257333109233,6.719835547957828,5.163707912669217,516370.79126692173,671983.5547957828
2021-02-01,130.57891845703125,87.66000366210938,13.199880599975586,116.47097778320312,0.030676660482469243,1.4901774304945588,1.0,101.91985412597656,True,1.0,0.0,0.042297761652952515,0.042297761652952515,7.004069550312386,5.382121199204764,538212.1199204765,700406.9550312386
2021-02-02,131.40634155273438,88.86000061035156,13.518733024597168,118.10778045654297,0.04733178356682382,1.4629223022567486,1.0,102.50684844970704,True,1.0,0.0,0.01405330928350712,0.01405330928350712,7.102499905946121,5.457757813018509,545775.7813018509,710249.9905946121
2021-02-03,130.38421630859375,87.88999938964844,13.492558479309082,117.2433853149414,0.05210344084875396,1.4521849329998462,1.0,103.08241516113281,True,1.0,0.0,-0.007318697703574295,-0.007318697703574295,7.050518856194836,5.417814133445706,541781.4133445706,705051.8856194837
2021-02-04,133.74258422851562,87.83999633789062,13.625931739807129,117.84109497070312,0.02540997000182692,1.42170021952378,1.0,103.69337753295899,True,1.0,0.0,0.0050980245423324355,0.0050980245423324355,7.086462574359895,5.445434282863808,544543.4282863807,708646.2574359894
2021-02-05,133.3282470703125,87.9000015258789,13.552885055541992,117.50086975097656,0.06812264003984582,1.33050061209324,1.0,104.24625686645508,True,1.0,0.0,-0.0028871525660140174,-0.0028871525660140174,7.06600287575437,5.4297124833009764,542971.2483300976,706600.287575437
2021-02-08,133.47451782226562,91.47000122070312,14.398261070251465,121.88716888427734,0.04479736632781998,1.3295337791658015,1.0,104.91414993286133,True,1.0,0.0,0.03732992906858312,0.03732992906858312,7.3297762619046845,5.632403265165403,563240.3265165403,732977.6261904684
2021-02-09,132.59707641601562,90.91000366210938,14.223252296447754,122.00669860839844,0.07611121313839606,1.2899692123749606,1.0,105.56886688232422,True,1.0,0.0,0.0009806587946479262,0.0009806587946479262,7.336964271458723,5.63792673096239,563792.673096239,733696.4271458723
2021-02-10,131.99264526367188,92.3499984741211,14.722846984863281,122.93545532226562,0.056858695736882695,1.279416675401704,1.0,106.21926666259766,True,1.0,0.0,0.0076123419817151206,0.0076123419817151206,7.392815752600693,5.6808445573063295,568084.455730633,739281.5752600692
2021-02-11,131.7391815185547,92.66000366210938,15.207982063293457,127.96542358398438,0.07063753594665063,1.2633036260198152,1.0,107.00176589965821,True,1.0,0.0,0.040915521470458405,0.040915521470458405,7.69529666425337,5.913279274761133,591327.9274761133,769529.666425337
2021-02-12,131.97315979003906,93.7699966430664,14.919295310974121,126.95389556884766,0.07770255812512375,1.1544343077471102,1.0,107.6937092590332,True,1.0,0.0,-0.007904697900467217,-0.007904697900467217,7.634467668867973,5.8665365884930525,586653.6588493052,763446.7668867974
2021-02-16,129.84783935546875,91.45999908447266,15.287261009216309,128.78384399414062,0.08369636279634243,1.1472692678696537,1.0,108.44642532348632,True,1.0,0.0,0.014414275490274964,0.014414275490274964,7.7445129890686335,5.951098463053369,595109.8463053369,774451.2989068633
2021-02-17,127.55680847167969,89.94000244140625,14.864202499389648,125.30789947509766,0.0926936529800185,1.1048725350828406,1.0,109.13035522460937,True,1.0,0.0,-0.02699053243977645,-0.02699053243977645,7.535484460006907,5.790475146934023,579047.5146934023,753548.4460006907
2021-02-18,126.4551773071289,88.63999938964844,14.787415504455566,123.79983520507812,0.06693226605351951,1.1104684004193341,1.0,109.70665634155273,True,1.0,0.0,-0.012034869919108515,-0.012034869919108515,7.44479588475326,5.720787531770841,572078.7531770841,744479.588475326
2021-02-19,126.6111831665039,89.58000183105469,14.884639739990234,125.6665267944336,0.0376116415364163,1.0908259435821754,1.0,110.27157638549805,True,1.0,0.0,0.015078304314890545,0.015078304314890545,7.557050782665814,5.807047307095713,580704.7307095713,755705.0782665814
2021-02-22,122.8382797241211,85.37000274658203,14.315494537353516,122.82512664794922,0.02221341804786013,1.050674797553929,1.0,110.79340377807617,True,1.0,0.0,-0.0226106364118136,-0.0226106364118136,7.386181055073346,5.67574627180877,567574.627180877,738618.1055073347
2021-02-23,122.70178985595703,84.73999786376953,14.10234260559082,118.71469116210938,-0.014407194121609134,1.0980398720795985,1.0,111.25536560058593,True,1.0,0.0,-0.03346575410112529,-0.03346575410112529,7.138996936137872,5.48580314273604,548580.314273604,713899.6936137872
2021-02-24,122.20458221435547,86.94000244140625,14.458338737487793,121.6572494506836,-0.031767374922768,1.0806293134671383,1.0,111.77965805053711,True,1.0,0.0,0.024786808269214422,0.024786808269214422,7.315949884428431,5.621778693437692,562177.8693437692,731594.9884428431
2021-02-25,117.95398712158203,82.41999816894531,13.270182609558105,115.86406707763672,-0.025589672846774755,1.1134928917461122,1.0,112.19174942016602,True,1.0,0.0,-0.04761888337279285,-0.04761888337279285,6.967572520120636,5.354075869487231,535407.5869487231,696757.2520120636
2021-02-26,118.21722412109375,84.51000213623047,13.676041603088379,115.80886840820312,-0.059286399589239425,1.0684522797260345,1.0,112.61134460449219,True,1.0,0.0,-0.00047640887141142674,-0.00047640887141142674,6.964253106759848,5.351525140244797,535152.5140244797,696425.3106759848
2021-03-01,124.58335876464844,86.38999938964844,13.80293083190918,118.74226379394531,-0.041398472293835656,1.0360500670996209,1.0,113.06158706665039,True,1.0,0.0,0.025329626530867788,0.025329626530867788,7.140655037020511,5.487077273417747,548707.7273417747,714065.5037020511
2021-03-02,121.9803466796875,84.12999725341797,13.368654251098633,115.86406707763672,0.006127401204662695,0.9926385975361078,1.0,113.45225128173828,True,1.0,0.0,-0.02423902513180276,-0.02423902513180276,6.967572520120637,5.354075869487231,535407.5869487231,696757.2520120636
2021-03-03,118.99714660644531,80.86000061035156,12.768841743469238,113.0042495727539,-0.03291998225597077,1.0097476357472133,1.0,113.80149871826171,False,-1.0,2.0,-0.024682523037677817,-0.024682523037677817,6.795595250876068,5.221923768493137,522192.3768493137,679559.5250876067
2021-03-04,117.1155776977539,77.75,12.33556079864502,106.29148864746094,-0.0701791875617752,1.1463097449592587,1.0,114.00950256347656,False,-1.0,0.0,-0.05940272999177065,0.05740272999177065,6.391918341054918,5.521676448613559,552167.6448613559,639191.8341054918
2021-03-05,118.37321472167969,78.5199966430664,12.426557540893555,111.08238220214844,-0.08925136480770286,1.2348112346990687,1.0,114.30320892333984,False,-1.0,0.0,0.04507316263654526,-0.04507316263654526,6.6800223160008025,5.272797028018818,527279.7028018818,668002.2316000803
2021-03-08,113.440185546875,73.95999908447266,11.560737609863281,104.76502990722656,-0.09319926280559984,1.3320395757649495,1.0,114.48693634033204,False,-1.0,0.0,-0.056870875198062665,0.056870875198062665,6.300123600547248,5.572665609743992,557266.5609743992,630012.3600547247
2021-03-09,118.05148315429688,78.52999877929688,12.489449501037598,107.01793670654297,-0.13720097420992383,1.2887220744554844,1.0,114.71903228759766,False,-1.0,0.0,0.02150437795237048,-0.02150437795237048,6.4356038396000645,5.45282890226988,545282.890226988,643560.3839600064
2021-03-10,116.96932983398438,77.5199966430664,12.437578201293945,104.67306518554688,-0.09734312772433706,1.2902159304066059,1.0,114.86358657836914,False,-1.0,0.0,-0.021911014108093263,0.021911014108093263,6.294593233076489,5.572305913276534,557230.5913276534,629459.3233076489
2021-03-11,118.89965057373047,81.2300033569336,12.961535453796387,110.88008117675781,-0.10354681844842825,1.4185533265049282,1.0,115.12897064208984,False,-1.0,0.0,0.0592990754613727,-0.0592990754613727,6.667856792203337,5.241873324431295,524187.3324431295,666785.6792203337
2021-03-12,117.99299621582031,81.05000305175781,12.824374198913574,108.78348541259766,-0.08263271318022376,1.3440956263177404,1.0,115.3632733154297,False,-1.0,0.0,-0.018908678113410682,0.018908678113410682,6.541776434413245,5.34099021983424,534099.0219834241,654177.6434413246
2021-03-15,120.87872314453125,82.5,13.158798217773438,109.50074005126953,-0.09612766302852763,1.3388326167532651,1.0,115.55049530029297,False,-1.0,0.0,0.006593414762833261,-0.006593414762833261,6.5849090797310605,5.305774856070637,530577.4856070637,658490.907973106
2021-03-16,122.4190673828125,82.75,13.258550643920898,109.74900817871094,-0.0837766333977398,1.313457390604895,1.0,115.7401075744629,False,-1.0,0.0,0.0022672735118061116,-0.0022672735118061116,6.599838869665186,5.293745213279861,529374.521327986,659983.8869665186
2021-03-17,121.62938690185547,82.62999725341797,13.308429718017578,109.61795043945312,-0.06855908899796509,1.2888744290738607,1.0,115.8781787109375,False,-1.0,0.0,-0.0011941587576299595,0.0011941587576299595,6.5919576142800285,5.300066785486961,530006.6785486961,659195.7614280029
2021-03-18,117.50555419921875,78.12000274658203,12.691201210021973,105.68587493896484,-0.060271093325551806,1.3026390170039848,1.0,115.91792938232422,False,-1.0,0.0,-0.03587072632470123,0.03587072632470123,6.355499306754159,5.490184030651803,549018.4030651803,635549.9306754159
2021-03-19,116.97907257080078,79.05999755859375,12.814146995544434,104.88284301757812,-0.08942226699581995,1.2731735265283204,1.0,115.88938888549805,False,-1.0,0.0,-0.00759828994982048,0.00759828994982048,6.307208380245558,5.531900040794569,553190.0040794569,630720.8380245558
2021-03-22,120.29377746582031,80.30000305175781,13.153810501098633,108.15958404541016,-0.09137136483428161,1.2980042282428352,1.0,115.81934692382812,False,-1.0,0.0,0.031241916538082837,-0.031241916538082837,6.504257658049486,5.359072881423048,535907.2881423048,650425.7658049486
2021-03-23,119.46512603759766,78.37999725341797,13.038595199584961,106.04585266113281,-0.04891630873226871,1.26627824788219,1.0,115.7574217224121,False,-1.0,0.0,-0.019542709995906682,0.019542709995906682,6.37714683689957,5.463803688591626,546380.3688591626,637714.683689957
2021-03-24,117.07659149169922,76.4800033569336,12.611896514892578,100.57235717773438,-0.0517701123901157,1.2820893996000375,1.0,115.51411758422852,False,-1.0,0.0,-0.051614422875064014,0.051614422875064014,6.0479940833234584,5.745814762680929,574581.476268093,604799.4083323459
2021-03-25,117.56403350830078,76.22000122070312,12.504410743713379,101.9476318359375,-0.08081028918775884,1.2340632003585184,1.0,115.29096221923828,False,-1.0,0.0,0.013674479715859666,-0.013674479715859666,6.130697255737505,5.6672437352575615,566724.3735257562,613069.7255737504
2021-03-26,118.1684799194336,77.41000366210938,12.807663917541504,107.58728790283203,-0.05251564978185752,1.3214137210453394,1.0,115.24993423461915,False,-1.0,0.0,0.055319147343906305,-0.055319147343906305,6.46984220054853,5.3537366440330185,535373.6644033019,646984.220054853
2021-03-29,118.34394836425781,77.13999938964844,12.91639518737793,105.5843505859375,-0.04795938319306517,1.2871957464300268,1.0,115.03606384277344,False,-1.0,0.0,-0.018616858514952983,0.018616858514952983,6.349394063686845,5.453406401661301,545340.64016613,634939.4063686845
2021-03-30,116.89134979248047,76.0,12.84008502960205,106.2120132446289,-0.0709508369738347,1.2638644734358284,1.0,114.85718383789063,False,-1.0,0.0,0.005944656146561478,-0.005944656146561478,6.387139028134483,5.420987775775967,542098.7775775967,638713.9028134482
2021-03-31,119.08489227294922,78.5,13.315412521362305,109.17488098144531,-0.0631241986425978,1.2603818781839042,1.0,114.62592697143555,False,-1.0,0.0,0.027895787362511415,-0.027895787362511415,6.56531330031812,5.269765053488147,526976.5053488147,656531.3300318121
2021-04-01,119.91355895996094,81.08999633789062,13.777771949768066,115.19300842285156,-0.012925727985605056,1.2204114590329729,1.0,114.52717147827148,True,-1.0,0.0,0.055123737139031626,-0.055123737139031626,6.927217904920244,4.979275909895211,497927.5909895211,692721.7904920244
2021-04-05,122.74079132080078,81.43000030517578,13.953089714050293,114.91607666015625,0.019754479210786893,1.15935140495599,1.0,114.35813995361327,True,1.0,2.0,-0.0024040674558889474,0.0024040674558889474,6.910564405795174,4.991246425064082,499124.6425064082,691056.4405795174
2021-04-06,123.04300689697266,81.44000244140625,13.827399253845215,113.01466369628906,0.041895374556785374,1.0569877738351028,1.0,114.24340393066406,False,1.0,0.0,-0.01654610059034889,-0.01854610059034889,6.796221512000803,4.898678266793624,489867.8266793624,679622.1512000803
2021-04-07,124.69060516357422,82.19999694824219,14.108704566955566,110.66095733642578,0.06891231480882999,1.055719215890538,1.0,114.05621383666993,False,1.0,0.0,-0.020826557217287656,-0.020826557217287656,6.654679615819757,4.796655663581163,479665.5663581163,665467.9615819757
2021-04-08,127.0888442993164,83.3499984741211,14.281780242919922,113.92845153808594,0.042619244148566215,1.0491056046519927,1.0,114.00554733276367,False,1.0,0.0,0.02952707332656157,0.02952707332656157,6.851172828800841,4.938286867081991,493828.6867081991,685117.2828800841
2021-04-09,129.66259765625,82.76000213623047,14.364575386047363,113.34695434570312,0.06710821812111911,0.9484365178124674,1.0,114.03355117797851,False,1.0,0.0,-0.005104055962600551,-0.005104055962600551,6.816204059273193,4.913081574553029,491308.1574553029,681620.4059273193
2021-04-12,127.9468002319336,78.58000183105469,15.171586036682129,111.59321594238281,0.060051659974531414,0.9398564812970788,1.0,113.95126098632812,False,1.0,0.0,-0.015472302837282181,-0.015472302837282181,6.710741685867406,4.837064888567274,483706.4888567274,671074.1685867406
2021-04-13,131.0567169189453,80.19000244140625,15.6409273147583,111.93472290039062,0.06188767058046021,0.9364754443584585,1.0,113.9550666809082,False,1.0,0.0,0.003060284221794829,0.003060284221794829,6.731278462765207,4.851867681925554,485186.76819255535,673127.8462765208
2021-04-14,128.7169647216797,78.55000305175781,15.239418983459473,111.537841796875,0.07611857111571839,0.9347430579744163,1.0,113.85640396118164,False,1.0,0.0,-0.00354564779571398,-0.00354564779571398,6.7074117201213665,4.834664667974039,483466.4667974039,670741.1720121367
2021-04-15,131.12498474121094,83.01000213623047,16.097553253173828,109.23950958251953,0.05310938464863146,0.9469031105223463,1.0,113.67903854370117,False,1.0,0.0,-0.02060585158659456,-0.02060585158659456,6.569199789686361,4.7350422853548135,473504.2285354814,656919.9789686361
2021-04-16,130.7935333251953,82.1500015258789,15.8733549118042,109.69178009033203,0.0893737938221667,0.9018964904521624,1.0,113.52800643920898,False,1.0,0.0,0.004140173363473831,0.004140173363473831,6.596397415674958,4.754646181299562,475464.61812995624,659639.7415674959
2021-04-19,131.45643615722656,81.11000061035156,15.323958396911621,106.51658630371094,0.10671478002069136,0.9278563773108978,1.0,113.30151626586914,False,1.0,0.0,-0.028946506146643736,-0.028946506146643736,6.405454757336418,4.617015786387459,461701.5786387459,640545.4757336418
2021-04-20,129.76986694335938,79.2699966430664,15.133927345275879,106.10124206542969,0.08479939617020148,0.8973712558905784,1.0,113.0735237121582,False,1.0,0.0,-0.0038993386165885324,-0.0038993386165885324,6.3804777202443255,4.599012478438199,459901.24784381996,638047.7720244325
2021-04-21,130.1500701904297,81.61000061035156,15.322711944580078,108.36263275146484,0.047369873020070945,0.8985546437632757,1.0,112.80303298950196,False,1.0,0.0,0.02131351756127997,0.02131351756127997,6.516468144184109,4.697033611661937,469703.36116619373,651646.8144184109
2021-04-22,128.62921142578125,79.05999755859375,14.813716888427734,106.4427490234375,0.06107923971255361,0.8139628604366379,1.0,112.49175399780273,False,1.0,0.0,-0.017717211914098585,-0.017717211914098585,6.401014497142127,4.613815271796479,461381.52717964794,640101.4497142127
2021-04-23,130.94949340820312,82.76000213623047,15.22769546508789,109.5071792602539,0.0582746676080219,0.8356628591750525,1.0,112.2231884765625,False,1.0,0.0,0.028789469127123546,0.028789469127123546,6.58529630638987,4.746644564122115,474664.4564122115,658529.6306389871
2021-04-26,131.33944702148438,85.41000366210938,15.439921379089355,112.16548919677734,0.09364048392709666,0.7534932669281927,1.0,111.90718978881836,True,1.0,0.0,0.024275211492807314,0.024275211492807314,6.745155766970288,4.861870364797364,486187.0364797363,674515.5766970288
2021-04-27,131.01773071289062,85.20999908447266,15.343908309936523,111.93472290039062,0.10214843369036206,0.7400397009139037,1.0,111.60680633544922,True,1.0,0.0,-0.0020573734224247353,-0.0020573734224247353,6.731278462765208,4.851867681925555,485186.76819255546,673127.8462765208
2021-04-28,130.22808837890625,84.0199966430664,15.239169120788574,110.44865417480469,0.10468250080608289,0.7543874054850536,1.0,111.2401025390625,False,1.0,0.0,-0.013276208553340219,-0.013276208553340219,6.64191260606293,4.7874532747071,478745.32747071,664191.260606293
2021-04-29,130.13055419921875,83.91000366210938,15.28704833984375,109.93177032470703,0.09929663422229211,0.731266523457186,1.0,110.93257995605468,False,1.0,0.0,-0.0046798564813618215,-0.0046798564813618215,6.610829408304808,4.765048680470245,476504.8680470245,661082.9408304808
2021-04-30,128.1612548828125,81.62000274658203,14.972574234008789,107.7534408569336,0.07567711723657607,0.6032834372116553,1.0,110.6116520690918,False,1.0,0.0,-0.019815285984563613,-0.019815285984563613,6.479833932984084,4.67062787813636,467062.78781363595,647983.3932984084
2021-05-03,129.2141571044922,78.55000305175781,14.800250053405762,107.01504516601562,0.04382881773942548,0.6090744784481885,1.0,110.23862243652344,False,1.0,0.0,-0.006852641410294735,-0.006852641410294735,6.435429954643085,4.638621740126565,463862.1740126565,643542.9954643084
2021-05-04,124.64186096191406,78.61000061035156,14.31594467163086,106.47966766357422,0.020955492962142365,0.6043136106704523,1.0,109.91171325683594,False,1.0,0.0,-0.005002824617892365,-0.005002824617892365,6.403234627239274,4.615415529091969,461541.5529091969,640323.4627239275
2021-05-05,124.88558959960938,77.83000183105469,14.422931671142578,106.49812316894531,-0.006581831956889344,0.5906710205024971,1.0,109.66738189697266,False,1.0,0.0,0.0001733242202577312,0.0001733242202577312,6.404344462888168,4.616215492389714,461621.54923897143,640434.4462888167
2021-05-06,126.48444366455078,77.88999938964844,14.487272262573242,107.99342346191406,-0.022061651650507507,0.5520650845793634,1.0,109.39410537719726,False,-1.0,2.0,0.014040625773251048,0.014040625773251048,6.494265466814573,4.6810300466070425,468103.00466070423,649426.5466814573
2021-05-07,127.15826416015625,78.80999755859375,14.775810241699219,107.83649444580078,-0.022879073231995846,0.5565657491703859,1.0,109.23355392456055,False,-1.0,0.0,-0.0014531349325047627,-0.0005468650674952374,6.484828422803785,4.678470154794658,467847.0154794658,648482.8422803786
2021-05-10,123.87700653076172,75.98999786376953,14.230653762817383,103.6644515991211,-0.023577766247380755,0.6268292204124986,1.0,108.9906655883789,False,-1.0,0.0,-0.03868859858734164,0.03868859858734164,6.233939499046146,4.859473608616366,485947.3608616366,623393.9499046146
2021-05-11,122.95904541015625,76.83000183105469,14.271056175231934,104.16289520263672,-0.0525889706954014,0.6321601449943461,1.0,108.69907821655273,False,-1.0,0.0,0.004808240393178842,-0.004808240393178842,6.263913778754093,4.8361080913218295,483610.80913218297,626391.3778754093
2021-05-12,119.89262390136719,74.63999938964844,13.724651336669922,99.88007354736328,-0.07004862015155672,0.7071168876567352,1.0,108.37939834594727,False,-1.0,0.0,-0.04111657655964451,0.04111657655964451,6.006363088306938,5.0349522999093805,503495.22999093804,600636.3088306938
2021-05-13,122.04107666015625,73.08999633789062,13.631630897521973,100.37849426269531,-0.08163835251978645,0.7021219471111557,1.0,108.12688323974609,False,-1.0,0.0,0.004990191713221792,-0.004990191713221792,6.0363359916168084,5.009826922665906,500982.6922665906,603633.5991616808
2021-05-14,124.46293640136719,74.58999633789062,14.207962036132812,103.80291748046875,-0.09334162185065437,0.7707948345001342,1.0,108.07711181640624,False,-1.0,0.0,0.034115108449540577,-0.034115108449540577,6.242266248608681,4.83891613388573,483891.61338857305,624226.6248608681
2021-05-17,123.31058502197266,74.6500015258789,14.130650520324707,101.34766387939453,-0.06374409722447222,0.7613628567256406,1.0,107.88241744995118,False,-1.0,0.0,-0.02365303076896841,0.02365303076896841,6.094617732962247,4.953371166088987,495337.1166088987,609461.7732962247
2021-05-18,121.92387390136719,74.44000244140625,13.981269836425781,102.3076171875,-0.06600853314638233,0.7695027898566592,1.0,107.83326919555664,False,-1.0,0.0,0.009471883922729907,-0.009471883922729907,6.152345244682277,4.906453409377595,490645.3409377595,615234.5244682276
2021-05-19,121.76763153076172,76.2300033569336,14.031145095825195,103.74754333496094,-0.05527910373972426,0.758645869953576,1.0,107.767861328125,False,-1.0,0.0,0.01407447643729176,-0.01407447643729176,6.238936282862642,4.83739764647664,483739.76464766404,623893.6282862641
2021-05-20,124.32622528076172,78.05999755859375,14.576550483703613,104.55979919433594,-0.05601991811573362,0.7522662151823083,1.0,107.76559600830078,False,-1.0,0.0,0.007829157522819985,-0.007829157522819985,6.28778189779601,4.799524898301856,479952.4898301856,628778.189779601
2021-05-21,122.49028778076172,77.16999816894531,14.95486831665039,103.2398681640625,-0.019977154150797802,0.7141761830494159,1.0,107.61279174804687,False,-1.0,0.0,-0.012623695152858883,0.012623695152858883,6.208406855930568,4.860112637496575,486011.2637496575,620840.6855930568
2021-05-24,124.12114715576172,77.44000244140625,15.573593139648438,104.88284301757812,-0.025649382867172436,0.6966268322001978,1.0,107.53477890014648,False,-1.0,0.0,0.015914151022594414,-0.015914151022594414,6.307208380245558,4.782768070996634,478276.8070996634,630720.8380245558
2021-05-25,123.92584991455078,77.86000061035156,15.6092529296875,105.48281860351562,-0.01908136309783788,0.7034621114066592,1.0,107.45442047119141,False,-1.0,0.0,0.005720435951921621,-0.005720435951921621,6.343288361820176,4.755408552573602,475540.8552573602,634328.8361820176
2021-05-26,123.87700653076172,78.33999633789062,15.661377906799316,107.07040405273438,-0.027222331759664695,0.7148076592513477,1.0,107.40084838867188,False,-1.0,0.0,0.015050654412128495,-0.015050654412128495,6.438759002790408,4.6838365418603365,468383.65418603364,643875.9002790408
2021-05-27,122.34381103515625,78.41999816894531,15.449897766113281,106.85809326171875,-0.012657456011448675,0.7166212422821231,1.0,107.34565124511718,False,-1.0,0.0,-0.0019829082825825184,0.0019829082825825184,6.425991534234222,4.693124160133453,469312.4160133453,642599.1534234222
2021-05-28,121.6894760131836,80.08000183105469,16.204538345336914,108.3257064819336,-0.012526495623990448,0.7109772994625174,1.0,107.39844787597656,True,-1.0,0.0,0.013734226163107266,-0.013734226163107266,6.514247555287607,4.628667731506638,462866.77315066376,651424.7555287607
2021-06-01,121.36725616455078,80.80999755859375,16.224491119384766,109.38720703125,0.022220075941338794,0.7171369358084567,1.0,107.48853515625,True,1.0,2.0,0.009799156486401062,-0.009799156486401062,6.578081686473026,4.583310692082049,458331.0692082049,657808.1686473025
2021-06-02,122.12893676757812,81.97000122070312,16.736970901489258,109.79330444335938,0.023846479666115326,0.7213048503021997,1.0,107.52120956420899,True,1.0,0.0,0.0037124762861286964,0.0017124762861286964,6.602502658742274,4.5911595029542,459115.95029542,660250.2658742274
2021-06-03,120.64458465576172,80.27999877929688,16.92799949645996,107.82727813720703,0.07767628870559255,0.7473430612902134,1.0,107.55683807373048,True,1.0,0.0,-0.017906613851544906,-0.017906613851544906,6.484274193178378,4.508947382603949,450894.73826039484,648427.4193178378
2021-06-04,122.93949890136719,81.58000183105469,17.535005569458008,110.31021881103516,0.050548437399674094,0.7703530042970506,1.0,107.75159530639648,True,1.0,0.0,0.023027017993245247,0.023027017993245247,6.633587691697833,4.6127749951137655,461277.49951137655,663358.7691697832
2021-06-07,122.94928741455078,81.3499984741211,17.57565689086914,109.1195068359375,0.07181454058732124,0.785200068754046,1.0,107.89503280639649,True,1.0,0.0,-0.010794212793081126,-0.010794212793081126,6.561983334572083,4.562983720249904,456298.37202499044,656198.3334572082
2021-06-08,123.76957702636719,80.88999938964844,17.41405487060547,106.99658203125,0.054575477752968005,0.7263070788481306,1.0,107.88321868896485,False,1.0,0.0,-0.01945504398108533,-0.01945504398108533,6.434319660194833,4.474210671287466,447421.0671287466,643431.9660194833
2021-06-09,124.15042877197266,79.95999908447266,17.319509506225586,108.11341857910156,0.0799606485826776,0.7375478024327915,1.0,107.93380004882812,True,1.0,0.0,0.010438058175777698,0.010438058175777698,6.5014814631294975,4.5209127425650495,452091.27425650496,650148.1463129497
2021-06-10,123.15434265136719,81.55999755859375,17.386117935180664,109.13797760009766,0.07092450508164776,0.6178436456872615,1.0,107.9923193359375,True,1.0,0.0,0.009476705430847776,0.009476705430847776,6.563094087819693,4.563756100904905,456375.61009049043,656309.4087819693
2021-06-11,124.36529541015625,81.30999755859375,17.785470962524414,109.14720153808594,0.0907522856730764,0.6266795408832072,1.0,107.99176574707032,True,1.0,0.0,8.451629937722416e-05,8.451629937722416e-05,6.56364877624446,4.564141812681814,456414.18126818136,656364.8776244461
2021-06-14,127.42192840576172,81.55000305175781,17.978544235229492,111.67627716064453,0.10104841079964932,0.5931693214000384,1.0,107.92143112182617,True,1.0,0.0,0.023171236522047556,0.023171236522047556,6.715736634486468,4.669898622143631,466989.86221436306,671573.6634486469
2021-06-15,126.60162353515625,80.47000122070312,17.748804092407227,110.25482177734375,0.1135413296403332,0.5604107619665861,1.0,107.82820602416992,True,1.0,0.0,-0.012728355738936714,-0.012728355738936714,6.630256349553715,4.6104584912162165,461045.84912162164,663025.6349553715
2021-06-16,127.09962463378906,80.11000061035156,17.770503997802734,108.93489837646484,0.10696817674050778,0.5873952453520688,1.0,107.74661071777344,True,1.0,0.0,-0.01197157076308597,-0.01197157076308597,6.550881766487633,4.555264061138351,455526.40611383505,655088.1766487632
2021-06-17,128.7012176513672,84.55999755859375,18.615615844726562,110.37200164794922,0.10753371697618906,0.594289507824339,1.0,107.7408316040039,True,1.0,0.0,0.013192312958496766,0.013192312958496766,6.637303048905248,4.615358530241481,461535.85302414803,663730.3048905248
2021-06-18,127.40239715576172,84.6500015258789,18.59716033935547,107.28656005859375,0.14079913163460533,0.6765800458742601,1.0,107.60799377441407,False,1.0,0.0,-0.027954930084506557,-0.027954930084506557,6.45175770622342,4.486336505213649,448633.65052136494,645175.770622342
2021-06-21,129.19927978515625,82.58999633789062,18.386125564575195,105.75773620605469,0.12292057383610738,0.6895197891719387,1.0,107.45620941162109,False,1.0,0.0,-0.014249910256271647,-0.014249910256271647,6.359820737914527,4.422406612634919,442240.66126349196,635982.0737914527
2021-06-22,130.83987426757812,83.58000183105469,18.844602584838867,105.93377685546875,0.12541155914256558,0.682299344690877,1.0,107.34302062988282,False,1.0,0.0,0.001664565219806402,0.001664565219806402,6.370407074319063,4.4297679968701535,442976.79968701536,637040.7074319063
2021-06-23,130.56643676757812,83.81999969482422,19.014719009399414,107.52745819091797,0.12435473200934195,0.7078924139845509,1.0,107.25487533569336,True,1.0,0.0,0.01504412834844504,0.01504412834844504,6.466244295976962,4.496409995168903,449640.99951689027,646624.4295976962
2021-06-24,130.28326416015625,86.0999984741211,19.16264533996582,108.63007354736328,0.12491633731183609,0.7096852658033894,1.0,107.19671997070313,True,1.0,0.0,0.010254267840011488,0.010254267840011488,6.532550896906856,4.5425173875778695,454251.7387577869,653255.0896906856
2021-06-25,129.9902801513672,85.62000274658203,18.9885311126709,107.97221374511719,0.1340990304672322,0.7246696871227228,1.0,107.17137405395508,True,1.0,0.0,-0.006055963885169047,-0.006055963885169047,6.49299000459716,4.515008066330945,451500.8066330945,649299.000459716
2021-06-28,131.62115478515625,87.08000183105469,19.940404891967773,110.82601928710938,0.12723925479582324,0.7771927036970182,1.0,107.19405883789062,True,1.0,0.0,0.02643092554098203,0.02643092554098203,6.664605739947008,4.634343908349072,463434.3908349072,666460.5739947008
2021-06-29,133.13482666015625,89.5199966430664,19.9820613861084,111.40049743652344,0.1361371851006582,0.7836182873922245,1.0,107.29173706054688,True,1.0,0.0,0.005183603571701001,0.005183603571701001,6.699152414064576,4.658366509984881,465836.6509984881,669915.2414064576
2021-06-30,133.7500762939453,93.93000030517578,19.957860946655273,111.33562469482422,0.14328226885661802,0.7929822641272373,1.0,107.39642471313476,True,1.0,0.0,-0.0005823379894347447,-0.0005823379894347447,6.695251243116853,4.655653766197406,465565.3766197406,669525.1243116853
2021-07-01,134.05279541015625,93.30999755859375,20.166894912719727,109.72340393066406,0.14532814821552367,0.7931160282343266,1.0,107.42364013671875,True,1.0,0.0,-0.014480726798626442,-0.014480726798626442,6.598299139017113,4.588236515940105,458823.65159401053,659829.9139017113
2021-07-02,136.6797332763672,94.69999694824219,20.441282272338867,110.17742919921875,0.14961042790100454,0.7589662469048858,1.0,107.49833374023437,True,1.0,0.0,0.004137907249410544,0.004137907249410544,6.625602288858231,4.607222213081424,460722.22130814235,662560.2288858232
2021-07-06,138.69146728515625,94.47000122070312,20.652311325073242,111.23370361328125,0.1456140074477978,0.7634389400109124,1.0,107.53286422729492,True,1.0,0.0,0.0095870308623065,0.0095870308623065,6.6891221424828835,4.651391794627739,465139.1794627739,668912.2142482883
2021-07-07,141.18170166015625,90.54000091552734,20.3262882232666,109.56588745117188,0.15350180033680946,0.7565655684407341,1.0,107.48087219238282,True,1.0,0.0,-0.014993802309305138,-0.014993802309305138,6.5888267674557,4.581649745595967,458164.9745595967,658882.67674557
2021-07-08,139.88291931152344,89.73999786376953,19.85833740234375,109.21380615234375,0.1509654204966306,0.7585652940749517,1.0,107.42645385742188,True,1.0,0.0,-0.003213420773733322,-0.003213420773733322,6.5676540946466275,4.566926977125498,456692.6977125498,656765.4094646628
2021-07-09,141.7090606689453,90.9000015258789,20.00550651550293,111.70624542236328,0.12921045889075414,0.8082375515300331,1.0,107.45160568237304,True,1.0,0.0,0.022821650099281277,0.022821650099281277,6.717538798367765,4.6711517866264245,467115.17866264243,671753.8798367765
2021-07-12,141.11331176757812,90.80999755859375,20.46672821044922,113.62422180175781,0.14942803810584085,0.8410338178665677,1.0,107.52545471191407,True,1.0,0.0,0.017169822261437817,0.017169822261437817,6.832877745570052,4.751354632558998,475135.46325589984,683287.7745570051
2021-07-13,142.2266387939453,90.26000213623047,20.20481300354004,114.80095672607422,0.13255823514098355,0.8126495016972677,1.0,107.66640502929687,True,1.0,0.0,0.010356373893319004,0.010356373893319004,6.903641582270514,4.800561437633532,480056.14376335323,690364.1582270514
2021-07-14,145.6543731689453,89.05000305175781,19.797224044799805,115.25499725341797,0.1216195958989111,0.8012089805759396,1.0,107.83120407104492,True,1.0,0.0,0.003955023897815879,0.003955023897815879,6.930945649710349,4.819547772842306,481954.7772842306,693094.5649710349
2021-07-15,145.00006103515625,86.93000030517578,18.923925399780273,108.8987808227539,0.13870220200353245,1.0812595035499044,1.0,107.87958633422852,True,1.0,0.0,-0.05514916126966951,-0.05514916126966951,6.5487098103231585,4.553753755470949,455375.3755470949,654870.9810323159
2021-07-16,142.9590301513672,85.88999938964844,18.12047576904297,107.24022674560547,0.12202728234995705,1.091585694611078,1.0,107.89442840576172,False,1.0,0.0,-0.015230235495913735,-0.015230235495913735,6.448971417717536,4.484399013384725,448439.9013384725,644897.1417717537
2021-07-19,139.11138916015625,86.58000183105469,18.737844467163086,106.87887573242188,0.07476316106276124,1.0371350696698405,1.0,107.87213745117188,False,1.0,0.0,-0.0033695472692424344,-0.0033695472692424344,6.427241303687544,4.469288618934981,446928.8618934981,642724.1303687544
2021-07-20,142.72467041015625,87.11000061035156,18.570463180541992,107.85174560546875,0.0794054231399128,1.031770875484016,1.0,107.87244247436523,False,1.0,0.0,0.009102545908908244,0.009102545908908244,6.485745562721991,4.509970523768998,450997.0523768998,648574.5562721991
2021-07-21,141.99224853515625,89.41000366210938,19.36668586730957,109.21380615234375,0.0849019101676961,1.047189945236758,1.0,107.98342956542969,True,1.0,0.0,0.01262900789624255,0.01262900789624255,6.5676540946466275,4.5669269771254974,456692.69771254977,656765.4094646628
2021-07-22,143.3594207763672,91.20999908447266,19.550277709960938,107.99999237060547,0.08279958578589375,1.0470246128103156,1.0,108.06017150878907,False,1.0,0.0,-0.011114105665771978,-0.011114105665771978,6.494660493062485,4.51616966813386,451616.966813386,649466.0493062484
2021-07-23,145.07818603515625,92.1500015258789,19.514360427856445,108.21312713623047,0.0954156081258348,1.0429433202713054,1.0,108.22683258056641,False,1.0,0.0,0.0019734701914941866,0.0019734701914941866,6.507477511949419,4.5250821943536526,452508.21943536523,650747.7511949418
2021-07-26,145.4980926513672,91.81999969482422,19.25094985961914,107.15684509277344,0.10294825199284212,1.0516833639460061,1.0,108.36239959716796,False,1.0,0.0,-0.009761126689623034,-0.009761126689623034,6.443957199525407,4.480912293773609,448091.2293773609,644395.7199525407
2021-07-27,143.3301239013672,91.02999877929688,19.165136337280273,105.20178985595703,0.10377818775104702,1.0083635652531202,1.0,108.39037704467773,False,1.0,0.0,-0.018244800274996642,-0.018244800274996642,6.32638848743944,4.399158943923933,439915.8943923933,632638.848743944
2021-07-28,141.58206176757812,97.93000030517578,19.459476470947266,106.61943817138672,0.08195064788272209,1.0260106222118772,1.0,108.49581253051758,False,1.0,0.0,0.013475515172990393,0.013475515172990393,6.411639831492161,4.458439877021176,445843.9877021176,641163.9831492162
2021-07-29,142.2266387939453,102.94999694824219,19.618122100830078,107.62012481689453,0.08650873938920477,1.036787741639932,1.0,108.60206268310547,False,1.0,0.0,0.009385592933806697,0.009385592933806697,6.471816872988728,4.500284978826748,450028.49788267486,647181.6872988727
2021-07-30,142.44146728515625,106.19000244140625,19.455486297607422,108.07414245605469,0.10363854111027451,1.0225200474885023,1.0,108.68859466552735,False,1.0,0.0,0.004218705747950358,0.004218705747950358,6.4991195640304875,4.5192703569343395,451927.03569343395,649911.9564030487
2021-08-02,142.10943603515625,108.62999725341797,19.705928802490234,108.27798461914062,0.10731669013403963,1.0191842422953519,1.0,108.76295837402344,False,1.0,0.0,0.0018861325979877552,0.0018861325979877552,6.511377765298425,4.527794300073674,452779.43000736734,651137.7765298425
2021-08-03,143.9062957763672,112.55999755859375,19.770782470703125,109.71414947509766,0.09891987968676064,1.0251934152291737,1.0,108.89244400024414,True,1.0,0.0,0.01326368292694613,0.01326368292694613,6.59774261539491,4.5878495280282845,458784.95280282845,659774.261539491
2021-08-04,143.5059051513672,118.7699966430664,20.228755950927734,110.01990509033203,0.10455484281783084,1.0060331464026466,1.0,108.99518524169922,True,1.0,0.0,0.0027868384952824954,0.0027868384952824954,6.616129458497459,4.600635123703557,460063.5123703557,661612.9458497459
2021-08-05,143.6133270263672,112.3499984741211,20.590946197509766,110.46464538574219,0.1367628529078118,1.0060947072770865,1.0,109.09482177734375,True,1.0,0.0,0.004042362107520514,0.004042362107520514,6.642874249518939,4.619232556798145,461923.2556798145,664287.4249518939
2021-08-06,142.9287109375,110.11000061035156,20.320552825927734,109.52882385253906,0.13732916325304725,0.9664749020179277,1.0,109.14399017333984,True,1.0,0.0,-0.008471683677028441,-0.008471683677028441,6.586597920170736,4.58009987974632,458009.987974632,658659.7920170736
2021-08-09,142.87979125976562,107.58000183105469,20.249711990356445,109.53809356689453,0.1287552374095447,0.9364784388032262,1.0,109.19759017944335,True,1.0,0.0,8.463264763935996e-05,8.463264763935996e-05,6.587155361391656,4.580487505725595,458048.75057255954,658715.5361391656
2021-08-10,142.40061950683594,106.4800033569336,19.89151382446289,107.81468200683594,0.11884422835988837,0.9428191323078611,1.0,109.1873696899414,False,1.0,0.0,-0.015733444904316385,-0.015733444904316385,6.483516715437029,4.508420657919352,450842.0657919352,648351.6715437028
2021-08-11,142.65487670898438,107.68000030517578,19.655040740966797,107.47187805175781,0.09961121491737775,0.9421525838813064,1.0,109.14906311035156,False,1.0,0.0,-0.003179566536739342,-0.003179566536739342,6.462901942648235,4.494085834461887,449408.5834461887,646290.1942648235
2021-08-12,145.61827087402344,106.5,19.860586166381836,107.2031478881836,0.09861107755666963,0.6001721149754704,1.0,109.09725997924805,False,1.0,0.0,-0.0025004695967516533,-0.0025004695967516533,6.446741652833856,4.482848509467623,448284.8509467623,644674.1652833855
2021-08-13,145.8236846923828,110.55000305175781,20.142953872680664,107.01785278320312,0.12804276470883608,0.5701232233596705,1.0,109.08107147216796,False,1.0,0.0,-0.0017284483583797083,-0.0017284483583797083,6.4355987928071166,4.475100137320569,447510.01373205695,643559.8792807116
2021-08-16,147.79930114746094,107.4800033569336,19.905481338500977,106.21174621582031,0.15578052372720963,0.5840377842958344,1.0,108.99910202026368,False,1.0,0.0,-0.007532449459772161,-0.007532449459772161,6.387122970156926,4.441391671708783,444139.1671708783,638712.2970156926
2021-08-17,146.8897247314453,107.55999755859375,19.414581298828125,102.95024871826172,0.14759123305309058,0.7090864019109283,1.0,108.87571685791016,False,1.0,0.0,-0.030707502830537137,-0.030707502830537137,6.190990373471844,4.305007624378262,430500.7624378262,619099.0373471844
2021-08-18,143.14390563964844,103.44000244140625,18.997516632080078,102.33869934082031,0.12848417635740225,0.6809106618131268,1.0,108.78255920410156,False,1.0,0.0,-0.00594024186493225,-0.00594024186493225,6.154214393269954,4.279434837859077,427943.48378590774,615421.4393269954
2021-08-19,143.47642517089844,103.69999694824219,19.753816604614258,102.40357971191406,0.08206267257507509,0.6779336805649236,1.0,108.66836242675781,False,1.0,0.0,0.0006339768974166216,0.0006339768974166216,6.158116023017036,4.28214790068028,428214.79006802797,615811.6023017036
2021-08-20,144.9336700439453,104.6500015258789,20.769546508789062,100.17982482910156,0.08530350777040885,0.7314629514271265,1.0,108.48919937133789,False,1.0,0.0,-0.021715597140924747,-0.021715597140924747,6.024388856314125,4.18915850197125,418915.85019712505,602438.8856314125
2021-08-23,146.4202880859375,108.7699966430664,21.908998489379883,102.81126403808594,0.10017499762130982,0.8466196136015174,1.0,108.3624806213379,False,1.0,0.0,0.026267157219264314,0.026267157219264314,6.182632425552912,4.299195786958947,429919.5786958947,618263.2425552912
2021-08-24,146.3322296142578,107.6500015258789,21.744369506835938,103.8768081665039,0.1361508867859339,0.8316544282087189,1.0,108.20649124145508,False,1.0,0.0,0.010364079640371449,0.010364079640371449,6.246709720398485,4.3437529944845386,434375.2994484539,624670.9720398484
2021-08-25,145.09991455078125,108.30000305175781,22.16343116760254,108.43550109863281,0.13416140196437104,1.0393797741428712,1.0,108.17010482788086,True,1.0,0.0,0.043885569961119586,0.043885569961119586,6.520850136859838,4.534381070417813,453438.10704178124,652085.0136859838
2021-08-26,144.29795837402344,107.2699966430664,22.018754959106445,109.42691040039062,0.12658090611171233,1.0416574829705587,1.0,108.17994506835937,True,1.0,0.0,0.009142847976107316,0.009142847976107316,6.5804692783361265,4.575838227210381,457583.82272103813,658046.9278336127
2021-08-27,145.33470153808594,111.4000015258789,22.585485458374023,109.78827667236328,0.10335640514477046,1.0444191596287111,1.0,108.16827056884766,True,1.0,0.0,0.0033023528732596397,0.0033023528732596397,6.602200309964837,4.590949259727581,459094.9259727581,660220.0309964836
2021-08-30,149.75534057617188,111.31999969482422,22.637371063232422,110.25154876708984,0.1228728736478607,1.0492885727190757,1.0,108.22757034301758,True,1.0,0.0,0.004219686370604769,0.004219686370604769,6.630059524628798,4.610321625746992,461032.1625746992,663005.9524628798
2021-08-31,148.49371337890625,110.72000122070312,22.338987350463867,110.27009582519531,0.1288231747121305,1.0364201658067984,1.0,108.3178175354004,True,1.0,0.0,0.0001682249212175968,0.0001682249212175968,6.631174865869997,4.611097196739271,461109.7196739271,663117.4865869996
2021-09-01,149.15872192382812,109.98999786376953,22.394872665405273,111.61359405517578,0.10803055748253156,1.0528023915521918,1.0,108.43141387939453,True,1.0,0.0,0.012183704203089007,0.012183704203089007,6.711967138954715,4.667277441036036,466727.74410360353,671196.7138954715
2021-09-02,150.27369689941406,109.19999694824219,22.349964141845703,111.91937255859375,0.10009063868460422,1.0544284478193855,1.0,108.51925216674805,True,1.0,0.0,0.0027396170332694147,0.0027396170332694147,6.7303553584553395,4.680063993812492,468006.3993812492,673035.535845534
2021-09-03,150.909423828125,109.91999816894531,22.796043395996094,114.86581420898438,0.10689092290943694,1.1061369391332532,1.0,108.64396697998046,True,1.0,0.0,0.026326466839760476,0.026326466839760476,6.907541835619519,4.803273543353554,480327.3543353554,690754.1835619519
2021-09-07,153.2468719482422,109.1500015258789,22.615419387817383,115.54220581054688,0.1233136472085794,1.1042794709584776,1.0,108.79536682128906,True,1.0,0.0,0.005888537039679065,0.005888537039679065,6.948217151571697,4.831557797525302,483155.7797525302,694821.7151571697
2021-09-08,151.7015838623047,106.16999816894531,22.2930850982666,112.9385757446289,0.12932156573366144,1.130411090090112,1.0,108.83761795043945,True,1.0,0.0,-0.0225340173112768,-0.0225340173112768,6.79164590599567,4.722683390475432,472268.33904754324,679164.590599567
2021-09-09,150.6844940185547,106.1500015258789,22.131412506103516,113.67057037353516,0.11305547627017101,1.1231844411754623,1.0,108.88301940917968,True,1.0,0.0,0.006481351691218329,0.006481351691218329,6.8356649516746515,4.753292762455379,475329.2762455379,683566.4951674652
2021-09-10,145.69651794433594,105.19999694824219,22.431798934936523,113.93926239013672,0.11026657806684736,1.1155835559007454,1.0,108.93509216308594,True,1.0,0.0,0.0023637782032641663,0.0023637782032641663,6.851822947492237,4.764528492281004,476452.8492281004,685182.2947492237
2021-09-13,146.26376342773438,104.80000305175781,22.106464385986328,114.54154205322266,0.08215746025350534,1.1088571340001994,1.0,109.0314549255371,True,1.0,0.0,0.005285971231090425,0.005285971231090425,6.888041486473206,4.789713652820912,478971.3652820912,688804.1486473206
2021-09-14,144.86521911621094,105.7300033569336,22.19628143310547,114.05046081542969,0.06118396269068061,1.1002865627974114,1.0,109.10891555786132,True,1.0,0.0,-0.004287363597434202,-0.004287363597434202,6.858509948146485,4.769178408863674,476917.84088636737,685850.9948146484
2021-09-15,145.75521850585938,105.5999984741211,22.29507827758789,112.57721710205078,0.0608671199571498,1.003134299477186,1.0,109.13578582763672,True,1.0,0.0,-0.01291747269450394,-0.01291747269450394,6.769915333166319,4.707572676991959,470757.26769919595,676991.5333166319
2021-09-16,145.52049255371094,106.22000122070312,22.19628143310547,112.37905883789062,0.07258436976304813,0.9945178960140887,1.0,109.19204925537109,True,1.0,0.0,-0.0017601986375318512,-0.0017601986375318512,6.757998937420673,4.699286413979836,469928.6413979836,675799.8937420673
2021-09-17,142.85049438476562,103.87999725341797,21.8549861907959,109.55073547363281,0.08597654434790972,1.082036905082704,1.0,109.19878784179687,True,1.0,0.0,-0.025167708232347263,-0.025167708232347263,6.587915591929157,4.581016144612558,458101.61446125584,658791.5591929157
2021-09-20,139.799072265625,101.55000305175781,21.069602966308594,106.7131118774414,0.05688655137489221,1.1020958690914733,1.0,109.09892517089844,False,1.0,0.0,-0.02590236919837363,-0.02590236919837363,6.417272970019286,4.462356973131094,446235.69731310935,641727.2970019286
2021-09-21,140.27822875976562,102.81999969482422,21.202329635620117,106.95502471923828,0.014252645294773318,1.044270379546096,1.0,108.96554122924805,False,1.0,0.0,0.002266945809571208,0.002266945809571208,6.431820580087546,4.472472894572144,447247.2894572144,643182.0580087546
2021-09-22,142.64511108398438,104.37999725341797,21.895898818969727,107.8016586303711,0.0039531178176374394,1.040110033987478,1.0,108.82555526733398,False,1.0,0.0,0.007915793702589102,0.007915793702589102,6.482733544931586,4.5078760673459985,450787.60673459986,648273.3544931585
2021-09-23,143.6035614013672,106.1500015258789,22.435789108276367,108.09938049316406,0.01979447448918271,0.8286951592902485,1.0,108.68244293212891,False,1.0,0.0,0.0027617558632728745,0.0027617558632728745,6.500637272309336,4.520325720505899,452032.5720505899,650063.7272309336
2021-09-24,143.6915740966797,105.80000305175781,22.035612106323242,107.58765411376953,0.02819773941554383,0.8215850002608694,1.0,108.65622039794921,False,1.0,0.0,-0.004733851175279358,-0.004733851175279358,6.469864222917749,4.498927171281236,449892.7171281236,646986.422291775
2021-09-27,142.1756134033203,108.16000366210938,21.615476608276367,108.0621566772461,0.02404369032575564,0.8253161109388586,1.0,108.67265899658203,False,1.0,0.0,0.004410381166734867,0.004410381166734867,6.498398790237838,4.518769154947967,451876.9154947967,649839.8790237837
2021-09-28,138.79168701171875,101.5199966430664,20.65645408630371,104.10808563232422,0.004840079731030601,0.9699012481072803,1.0,108.61724319458008,False,1.0,0.0,-0.036590710073755695,-0.036590710073755695,6.2606177641606005,4.353424182909036,435342.41829090356,626061.77641606
2021-09-29,139.69142150878906,100.3499984741211,20.47482681274414,103.84759521484375,-0.04812192333952537,0.9683643996570168,1.0,108.53716018676758,False,-1.0,2.0,-0.002502115142145933,-0.002502115142145933,6.244952977653706,4.342531414340795,434253.14143407944,624495.2977653706
2021-09-30,138.39068603515625,102.9000015258789,20.673416137695312,103.87547302246094,-0.045975884675278765,0.9420793837980516,1.0,108.43039352416992,False,-1.0,0.0,0.0002684492362052815,-0.0022684492362052815,6.246629430510695,4.332680602270736,433268.0602270736,624662.9430510695
2021-10-01,139.5154266357422,102.44999694824219,20.699363708496094,103.79175567626953,-0.044662555008505515,0.9378161806504212,1.0,108.3462287902832,False,-1.0,0.0,-0.000805939494237573,0.000805939494237573,6.24159502514678,4.336172480684024,433617.24806840235,624159.502514678
2021-10-04,136.08251953125,100.33999633789062,19.691444396972656,101.42862701416016,-0.038519267153299716,0.8589922846105862,1.0,108.2105387878418,False,-1.0,0.0,-0.022767980430739243,0.022767980430739243,6.099486511757639,4.434898370868548,443489.8370868548,609948.6511757639
2021-10-05,138.00929260253906,101.80999755859375,20.408966064453125,101.65193176269531,-0.0756885174274981,0.8511199385275756,1.0,108.10044052124023,False,-1.0,0.0,0.002201594905785198,-0.002201594905785198,6.11291511018983,4.425134521207569,442513.45212075685,611291.511018983
2021-10-06,138.8796844482422,103.63999938964844,20.65744972229004,101.7263412475586,-0.06207093531866755,0.8207873317838015,1.0,108.03093154907226,False,-1.0,0.0,0.0007320026641204347,-0.0007320026641204347,6.117389780336031,4.421895310948953,442189.53109489527,611738.978033603
2021-10-07,140.14134216308594,106.44999694824219,21.031679153442383,103.11258697509766,-0.043179252344540744,0.8503439052045794,1.0,107.96079452514648,False,-1.0,0.0,0.013627205210944737,-0.013627205210944737,6.2007527062280055,4.361637236125337,436163.7236125337,620075.2706228006
2021-10-08,139.75991821289062,105.05999755859375,20.78818130493164,102.37760162353516,-0.026724823809423676,0.8492315290375058,1.0,107.8559440612793,False,-1.0,0.0,-0.007127988668735541,0.007127988668735541,6.156553811200381,4.392726936921573,439272.6936921573,615655.3811200381
2021-10-11,139.671875,104.68000030517578,20.6524600982666,102.58230590820312,-0.015944693096162255,0.8469834810848462,1.0,107.74610733032226,False,-1.0,0.0,0.001999502639461248,-0.001999502639461248,6.168863856795862,4.383943667816766,438394.3667816766,616886.3856795862
2021-10-12,138.4004364013672,105.04000091552734,20.628507614135742,101.5960922241211,-0.010579154632379618,0.8536995116172845,1.0,107.61246948242187,False,-1.0,0.0,-0.009613877123843872,0.009613877123843872,6.109557157682905,4.42609036355701,442609.036355701,610955.7157682905
2021-10-13,137.81369018554688,109.16000366210938,20.89595603942871,102.32179260253906,-0.011998373739293081,0.8705405981041056,1.0,107.4646223449707,False,-1.0,0.0,0.007142994996471641,-0.007142994996471641,6.153197693890891,4.394474822236191,439447.48222361907,615319.7693890891
2021-10-14,140.6010284423828,111.98999786376953,21.70130157470703,104.72213745117188,-0.010231858880562984,0.9698753158569823,1.0,107.3586669921875,False,-1.0,0.0,0.023458784170804714,-0.023458784170804714,6.2975442305521705,4.291385785837317,429138.5785837317,629754.423055217
2021-10-15,141.6572723388672,112.12000274658203,21.817060470581055,106.86197662353516,0.011398300814994046,0.9725061084493104,1.0,107.28661361694336,False,-1.0,0.0,0.020433494048581746,-0.020433494048581746,6.426225063107839,4.2036977799222415,420369.77799222415,642622.5063107839
2021-10-18,143.32972717285156,116.43000030517578,22.176319122314453,107.30855560302734,0.026318751615517798,0.896658076975741,1.0,107.24220825195313,True,1.0,2.0,0.004179026007215203,-0.004179026007215203,6.453080424774784,4.186130417573474,418613.0417573474,645308.0424774784
2021-10-19,145.4911651611328,116.33000183105469,22.24418067932129,108.81573486328125,0.06118392467483687,0.9242235903106748,1.0,107.22776107788086,True,1.0,0.0,0.014045285129263174,0.012045285129263174,6.543715779302813,4.236553552041428,423655.35520414286,654371.5779302813
2021-10-20,145.9801483154297,116.38999938964844,22.05756950378418,107.5411376953125,0.06697316304394246,0.9396444635232232,1.0,107.22229019165039,True,1.0,0.0,-0.011713353492214917,-0.011713353492214917,6.467066923227255,4.186929302697668,418692.9302697668,646706.6923227254
2021-10-21,146.19532775878906,119.33000183105469,22.645353317260742,108.1924057006836,0.0557796944815495,0.9470288903122661,1.0,107.2367007446289,True,1.0,0.0,0.0060559895434273425,0.0060559895434273425,6.506231412890964,4.212285302773875,421228.5302773875,650623.1412890963
2021-10-22,145.42266845703125,119.81999969482422,22.67928695678711,106.27586364746094,0.055103201492907206,0.9869247598477964,1.0,107.21815505981445,False,1.0,0.0,-0.017714201295466192,-0.017714201295466192,6.390978719968127,4.137668033006605,413766.8033006605,639097.8719968128
2021-10-25,145.37380981445312,122.36000061035156,23.118385314941406,105.72691345214844,0.05176968547365522,0.9892475280588339,1.0,107.19233627319336,False,1.0,0.0,-0.0051653327149943085,-0.0051653327149943085,6.357967188505044,4.11629560095193,411629.560095193,635796.7188505044
2021-10-26,146.0388641357422,122.93000030517578,24.66619110107422,106.2293472290039,0.06390289565503007,0.8113725273228288,1.0,107.19268829345702,False,1.0,0.0,0.004752184287332595,0.004752184287332595,6.3881814202776335,4.13585699622879,413585.699622879,638818.1420277633
2021-10-27,145.5791778564453,122.27999877929688,24.400739669799805,105.82926940917969,0.11191882674298849,0.8182978068645287,1.0,107.2502687072754,False,1.0,0.0,-0.003766170368737609,-0.003766170368737609,6.364122440702464,4.120280654160257,412028.0654160257,636412.2440702464
2021-10-28,149.2174072265625,121.16000366210938,24.889732360839844,107.93190002441406,0.10193749461312776,0.8737387196449171,1.0,107.36213272094727,True,1.0,0.0,0.019868138814270075,0.019868138814270075,6.490565708785351,4.202142962150864,420214.2962150864,649056.5708785352
2021-10-29,146.50831604003906,120.2300033569336,25.514446258544922,105.78274536132812,0.11368849124019503,0.9423428646486912,1.0,107.42971603393555,False,1.0,0.0,-0.019912135917182994,-0.019912135917182994,6.361324682212611,4.118469320345082,411846.9320345082,636132.468221261
2021-11-01,145.68675231933594,125.2300033569336,25.773910522460938,106.17351531982422,0.10690840641161468,0.8604502546359897,1.0,107.54958984375,False,1.0,0.0,0.003694080326250848,0.003694080326250848,6.384823926570066,4.133683276835637,413368.32768356364,638482.3926570066
2021-11-02,146.72348022460938,127.62999725341797,26.346729278564453,106.16419219970703,0.143598897796388,0.8649439090353765,1.0,107.61664840698242,False,1.0,0.0,-8.781022356751933e-05,-8.781022356751933e-05,6.384263273753635,4.133320297182941,413332.0297182941,638426.3273753634
2021-11-03,148.16116333007812,130.52999877929688,26.54332733154297,106.07115936279297,0.14480625546293865,0.8697371999588523,1.0,107.6605354309082,False,1.0,0.0,-0.0008763108821009391,-0.0008763108821009391,6.378668674372647,4.129698223627311,412969.8223627311,637866.8674372646
2021-11-04,147.64280700683594,137.5,29.739744186401367,109.58795928955078,0.15301129236146438,0.988562275784762,1.0,107.68358459472657,True,1.0,0.0,0.03315510029195945,0.03315510029195945,6.590154074000652,4.266618782407201,426661.8782407201,659015.4074000652
2021-11-05,148.1717071533203,136.33999633789062,29.69084358215332,109.5972671508789,0.18859167374602853,0.9707146997931061,1.0,107.68699172973633,True,1.0,0.0,8.493507305429304e-05,8.493507305429304e-05,6.590713809218366,4.266981167985179,426698.1167985179,659071.3809218366
2021-11-08,147.3489990234375,150.16000366210938,30.74068832397461,112.4906997680664,0.19034296928849467,1.0295626532986772,1.0,107.74104019165038,True,1.0,0.0,0.026400590930832246,0.026400590930832246,6.7647125484377275,4.3796319923107205,437963.19923107204,676471.2548437727
2021-11-09,147.71136474609375,148.9199981689453,30.59398078918457,113.30012512207031,0.2220641419110208,0.9963487050495802,1.0,107.80201171875,True,1.0,0.0,0.007195486877339841,0.007195486877339841,6.8133879488089875,4.41114557683897,441114.557683897,681338.7948808988
2021-11-10,144.88072204589844,139.8699951171875,29.398447036743164,109.96939849853516,0.22428905041919556,1.1303963363664535,1.0,107.7959977722168,True,1.0,0.0,-0.02939737815776111,-0.02939737815776111,6.6130922067423175,4.281469462207699,428146.9462207699,661309.2206742318
2021-11-11,144.83177185058594,146.00999450683594,30.327529907226562,109.96009826660156,0.17822339232109038,1.077811304050322,1.0,107.76292785644532,True,1.0,0.0,-8.457109032666832e-05,-8.457109032666832e-05,6.612532930323963,4.28110737366708,428110.737366708,661253.2930323962
2021-11-12,146.90821838378906,147.88999938964844,30.327529907226562,110.42529296875,0.18778793008000166,1.0330735981856156,1.0,107.73304626464844,True,1.0,0.0,0.004230577359257692,0.004230577359257692,6.640507762426337,4.299218929594667,429921.89295946667,664050.7762426337
2021-11-15,146.91798400878906,146.49000549316406,29.963281631469727,109.89497375488281,0.18984343472103177,1.0328215199782917,1.0,107.6336294555664,True,1.0,0.0,-0.004802515796967555,-0.004802515796967555,6.608616618997399,4.278571862770667,427857.1862770667,660861.6618997399
2021-11-16,147.89747619628906,152.4499969482422,30.140914916992188,109.85775756835938,0.16047032027627478,1.0102475078047675,1.0,107.51994049072266,True,1.0,0.0,-0.00033865230821605863,-0.00033865230821605863,6.6063785957252605,4.2771229145334715,427712.29145334713,660637.8595725261
2021-11-17,150.3363037109375,151.33999633789062,29.20085334777832,110.7695083618164,0.15934449810684087,0.9945286940222577,1.0,107.47655914306641,True,1.0,0.0,0.00829937560749583,0.00829937560749583,6.6612074130965055,4.312620364120612,431262.0364120612,666120.7413096506
2021-11-18,154.62628173828125,155.02000427246094,31.609888076782227,114.79801177978516,0.15887301101184698,1.127522320317368,1.0,107.4991079711914,True,1.0,0.0,0.0363683424937673,0.0363683424937673,6.903464485718021,4.469463218568546,446946.32185685454,690346.4485718021
2021-11-19,157.25123596191406,155.41000366210938,32.917198181152344,115.60742950439453,0.19594261725460627,1.0775638019523042,1.0,107.53247131347656,True,1.0,0.0,0.00705079915636575,0.00705079915636575,6.952139427289922,4.500976506059437,450097.6506059437,695213.9427289922
2021-11-22,157.7115936279297,152.52000427246094,31.890308380126953,116.06330871582031,0.2245300361552541,1.067203062899122,1.0,107.56290664672852,True,1.0,0.0,0.003943338359654991,0.003943338359654991,6.979554065375225,4.518725379371687,451872.5379371687,697955.4065375224
2021-11-23,158.09356689453125,149.9199981689453,31.680742263793945,112.90936279296875,0.19578802400582196,1.1730508539513411,1.0,107.5400846862793,True,1.0,0.0,-0.027174358182170733,-0.027174358182170733,6.789889163250892,4.395931917385775,439593.19173857756,678988.9163250893
2021-11-24,158.61268615722656,157.8000030517578,32.606834411621094,112.30462646484375,0.16806469396751084,1.1737307361471283,1.0,107.53463287353516,True,1.0,0.0,-0.00535594492047442,-0.00535594492047442,6.753522890876394,4.372387548162101,437238.75481621013,675352.2890876394
2021-11-26,153.58807373046875,154.80999755859375,31.438241958618164,108.93669128417969,0.19995941319352256,1.240987281129374,1.0,107.46578552246093,True,1.0,0.0,-0.029989282602870926,-0.029989282602870926,6.550989584336945,4.2412627823309945,424126.27823309944,655098.9584336944
2021-11-29,156.9476318359375,161.91000366210938,33.307395935058594,110.97419738769531,0.1503150432735447,1.2213866836092704,1.0,107.4942547607422,True,1.0,0.0,0.018703579845292362,0.018703579845292362,6.673516541093269,4.320589579425189,432058.9579425189,667351.6541093269
2021-11-30,161.90365600585938,158.3699951171875,32.608829498291016,108.99252319335938,0.19637353000442964,1.257455113614136,1.0,107.53984298706055,True,1.0,0.0,-0.017857071652546685,-0.017857071652546685,6.554347078044511,4.243436501724147,424343.65017241467,655434.7078044511
2021-12-01,161.38455200195312,149.11000061035156,31.374225616455078,112.23017883300781,0.19282270569349944,1.323843842140928,1.0,107.64534606933594,True,1.0,0.0,0.02970530037096797,0.02970530037096797,6.7490459267334,4.369489057612992,436948.90576129925,674904.59267334
2021-12-02,160.39527893066406,150.67999267578125,32.06388854980469,113.22569274902344,0.15221205180841868,1.3217534749109334,1.0,107.75382675170898,True,1.0,0.0,0.008870287175581248,0.008870287175581248,6.808911902264712,4.408247680364579,440824.76803645794,680891.1902264712
2021-12-03,158.5147705078125,144.00999450683594,30.6336612701416,111.02069854736328,0.15375694631266668,1.2734905432209167,1.0,107.81225311279297,True,1.0,0.0,-0.01947432732028198,-0.01947432732028198,6.676312923185045,4.322400022128286,432240.0022128286,667631.2923185045
2021-12-06,161.92327880859375,139.05999755859375,29.978927612304688,110.84395599365234,0.09763128785809705,1.2714734639962801,1.0,107.87737915039062,True,1.0,0.0,-0.001591978397033178,-0.001591978397033178,6.665684377239501,4.315518854669722,431551.8854669722,666568.43772395
2021-12-07,167.66282653808594,144.85000610351562,32.36430358886719,113.80250549316406,0.10293276906328797,1.270308056574197,1.0,107.99218612670899,True,1.0,0.0,0.02669112152295572,0.02669112152295572,6.8435989689860675,4.430704892854318,443070.4892854318,684359.8968986068
2021-12-08,171.4827117919922,145.24000549316406,31.764467239379883,113.31871795654297,0.1394103100085827,1.2655013199481167,1.0,108.17639877319336,True,1.0,0.0,-0.004251114986656868,-0.004251114986656868,6.814506042846341,4.411869456882851,441186.9456882851,681450.6042846341
2021-12-09,170.97335815429688,138.10000610351562,30.431047439575195,111.17887878417969,0.15111067098768294,1.2126732184263722,1.0,108.32302444458008,True,1.0,0.0,-0.018883369058092403,-0.018883369058092403,6.685825210290673,4.3285584976924065,432855.84976924065,668582.5210290673
2021-12-10,175.7628936767578,138.5500030517578,30.139616012573242,110.8346176147461,0.1494671109801139,1.2102359901011865,1.0,108.46220733642578,True,1.0,0.0,-0.0030964619647034786,-0.0030964619647034786,6.665122806824352,4.315155280942308,431515.52809423086,666512.2806824353
2021-12-13,172.12913513183594,133.8000030517578,28.10655403137207,108.31336212158203,0.15599085038617408,1.254038883642403,1.0,108.55263946533204,False,1.0,0.0,-0.02274790627173706,-0.02274790627173706,6.513505217925095,4.216994533063442,421699.4533063442,651350.5217925095
2021-12-14,170.7481231689453,135.60000610351562,28.282215118408203,108.1924057006836,0.11552866874001143,1.2501332651092756,1.0,108.6879150390625,False,1.0,0.0,-0.0011167266764617878,-0.0011167266764617878,6.5062314128909655,4.212285302773877,421228.53027738765,650623.1412890966
2021-12-15,175.61602783203125,146.5,30.400110244750977,112.01620483398438,0.1269760337456345,1.3529748146867693,1.0,108.89520050048829,True,1.0,0.0,0.035342583507010694,0.035342583507010694,6.736178439917,4.361158347842516,436115.83478425164,673617.8439917001
2021-12-16,168.7206268310547,138.63999938964844,28.332117080688477,108.90152740478516,0.16953475541449575,1.4050246301906946,1.0,109.0387042236328,False,1.0,0.0,-0.027805596822489953,-0.027805596822489953,6.548874978092319,4.239893737143371,423989.37371433707,654887.4978092319
2021-12-17,167.62367248535156,137.75,27.74724769592285,108.66798400878906,0.1037390909779668,1.2740348748177435,1.0,109.14981216430664,False,1.0,0.0,-0.0021445373775890175,-0.0021445373775890175,6.534830670920642,4.230801126547061,423080.1126547061,653483.0670920642
2021-12-20,166.26222229003906,135.8000030517578,27.665407180786133,107.37875366210938,0.06075704526426984,1.2626423960446984,1.0,109.24983520507813,False,1.0,0.0,-0.011863939120978051,-0.011863939120978051,6.457301837674939,4.1806071595487415,418060.7159548742,645730.1837674939
2021-12-21,169.43565368652344,144.25,29.01878547668457,109.71431732177734,0.04064371310905053,1.3006254595578846,1.0,109.3924754333496,True,1.0,0.0,0.02175070560995085,0.02175070560995085,6.597752708980802,4.271538315146939,427153.8315146939,659775.2708980802
2021-12-22,172.0312042236328,143.8800048828125,29.343156814575195,113.32037353515625,0.08375802555289309,1.3313143847005944,1.0,109.6269610595703,True,1.0,0.0,0.03286769039270254,0.03286769039270254,6.814605602307197,4.411933913989755,441193.3913989755,681460.5602307197
2021-12-23,172.6580352783203,146.13999938964844,29.582693099975586,112.74114990234375,0.11241109423569261,1.3227969531593662,1.0,109.8353482055664,True,1.0,0.0,-0.005111381252487668,-0.005111381252487668,6.779773554988467,4.389382837694574,438938.28376945737,677977.3554988467
2021-12-27,176.62486267089844,154.36000061035156,30.885173797607422,114.62828063964844,0.10828831776599811,1.2530433663390381,1.0,110.03347106933593,True,1.0,0.0,0.0167386153054081,0.0167386153054081,6.893257576383198,4.462855028442903,446285.50284429034,689325.7576383199
2021-12-28,175.60621643066406,153.14999389648438,30.263376235961914,114.0303726196289,0.16779595252672108,1.2279666607256272,1.0,110.17683898925782,True,1.0,0.0,-0.005216060266132305,-0.005216060266132305,6.8573019294348105,4.439576507655533,443957.65076555335,685730.192943481
2021-12-29,175.6943359375,148.25999450683594,29.942995071411133,113.42314147949219,0.13055752923032216,1.1919317525754494,1.0,110.29913070678711,True,1.0,0.0,-0.005325170182178263,-0.005325170182178263,6.820785629669991,4.415935007215467,441593.50072154665,682078.562966999
2021-12-30,174.53858947753906,145.14999389648438,29.528797149658203,112.4982681274414,0.1262237810238276,1.1223493896186376,1.0,110.3727813720703,True,1.0,0.0,-0.008154185644893341,-0.008154185644893341,6.7651676774016405,4.379926653370848,437992.66533708485,676516.7677401641
2021-12-31,173.92152404785156,143.89999389648438,29.354141235351562,112.3955078125,0.1207881214083428,1.1092113659104759,1.0,110.46986877441407,True,1.0,0.0,-0.0009134390835687789,-0.0009134390835687789,6.7589881088382056,4.375925857182494,437592.58571824944,675898.8108838205
2022-01-03,178.27032470703125,150.24000549316406,30.062763214111328,120.32698059082031,0.10903708761090482,1.426364128464279,1.0,110.71256027221679,True,1.0,0.0,0.0705675247408617,0.0705675247408617,7.235953169431836,4.684724113373396,468472.4113373396,723595.3169431835
2022-01-04,176.00778198242188,144.4199981689453,29.23337173461914,124.6243667602539,0.15321464701662246,1.4688170077222158,1.0,111.07953033447265,True,1.0,0.0,0.03571423589566436,0.03571423589566436,7.494379707854905,4.852035455464521,485203.5455464521,749437.9707854905
2022-01-05,171.32598876953125,136.14999389648438,27.55063247680664,118.70144653320312,0.13059209515327125,1.5830098944327682,0.5,111.33902099609375,True,0.5,0.5,-0.0475261811235117,-0.0475261811235117,7.138200460451022,4.621436739590414,462143.67395904136,713820.0460451022
2022-01-06,168.46597290039062,136.22999572753906,28.123519897460938,120.0186996459961,0.055640720317186254,1.5627782937565937,0.5,111.61480804443359,True,0.5,0.0,0.01109719511652707,0.0050485975582635345,7.21741446374153,4.644768513829579,464476.8513829579,721741.446374153
2022-01-07,168.63250732421875,132.0,27.194318771362305,115.37564086914062,0.04569457458008949,1.6102931540631769,0.5,111.80573547363281,True,0.5,0.0,-0.038686127999640996,-0.019343063999820498,6.938200643970765,4.554924459202223,455492.44592022226,693820.0643970765
2022-01-10,168.65208435058594,132.0,27.34702491760254,116.78631591796875,0.04264370657181371,1.5930093374122098,0.5,111.9828237915039,True,0.5,0.0,0.012226801413204091,0.006113400706602046,7.02303264540956,4.582770537609629,458277.0537609629,702303.264540956
2022-01-11,171.4827117919922,137.30999755859375,27.76321792602539,120.67266845703125,0.025027664236960734,1.5780322765171317,0.5,112.28062225341797,True,0.5,0.0,0.03327746498821216,0.01663873249410608,7.256741368378248,4.659022030666787,465902.20306667866,725674.1368378248
2022-01-12,171.92347717285156,137.47000122070312,27.944869995117188,123.53133392333984,0.06837515251333243,1.5688227568702657,0.5,112.62777862548828,True,0.5,0.0,0.023689419508664544,0.011844709754332272,7.428649358919641,4.714206794359074,471420.67943590746,742864.9358919641
2022-01-13,168.65208435058594,132.74000549316406,26.523622512817383,130.0335235595703,0.06572249164442882,1.6096073630639174,0.5,113.10516525268555,True,0.5,0.0,0.052635954212763236,0.026317977106381618,7.819663406438408,4.8382751808477655,483827.51808477653,781966.3406438407
2022-01-14,169.51400756835938,136.8800048828125,26.88991355895996,131.40679931640625,-0.0006440824512842572,1.522394305800465,0.5,113.61187805175781,True,0.5,0.0,0.01056093628199517,0.005280468140997585,7.902246373420453,4.863823538797611,486382.3538797611,790224.6373420453
2022-01-18,166.31117248535156,131.92999267578125,25.852920532226562,125.02608489990234,0.045001713378855814,1.6491426669820461,0.5,113.92064056396484,True,0.5,0.0,-0.048556957856801475,-0.024278478928400737,7.518537329292213,4.745737301499454,474573.7301499454,751853.7329292214
2022-01-19,162.81451416015625,128.27000427246094,25.018537521362305,122.3916015625,0.019515614773091883,1.6441224293066108,0.5,114.17652725219726,True,0.5,0.0,-0.021071469521832586,-0.010535734760916293,7.3601106991092715,4.695737472045869,469573.7472045869,736011.0699109271
2022-01-20,161.12989807128906,121.88999938964844,24.103309631347656,119.88790893554688,0.00015026258927639674,1.6390207693963665,0.5,114.32447143554687,True,0.5,0.0,-0.02045640873221677,-0.010228204366108384,7.209549266333931,4.647708509532191,464770.8509532191,720954.926633393
2022-01-21,159.0730438232422,118.80999755859375,23.328811645507812,116.33788299560547,-0.047291769871261075,1.6201329206349726,0.5,114.38522659301758,True,0.5,0.0,-0.029611209099075553,-0.014805604549537776,6.99606579549843,4.5788963752785365,457889.63752785366,699606.5795498431
2022-01-24,158.29925537109375,116.52999877929688,23.326814651489258,117.6738052368164,-0.07827140274317151,1.594276503338986,0.5,114.5393147277832,True,0.5,0.0,0.011483123182337795,0.005741561591168898,7.076402480819879,4.605186390836779,460518.63908367784,707640.2480819878
2022-01-25,156.4970703125,111.12999725341797,22.280838012695312,114.42274475097656,-0.08661701621660199,1.5931002752964627,0.5,114.6285676574707,False,-0.5,1.0,-0.027627733116109776,-0.013813866558054888,6.8808975216576105,4.541570960558789,454157.0960558789,688089.7521657611
2022-01-26,156.40892028808594,110.70999908447266,22.727975845336914,114.9832763671875,-0.1335087196029927,1.5680410987715674,0.5,114.71972732543945,True,-0.5,0.0,0.004898777925934628,-0.003449388962967314,6.914605510547325,4.525905315812905,452590.5315812905,691460.5510547325
2022-01-27,155.9485626220703,102.5999984741211,21.901573181152344,108.72402954101562,-0.12318603890708604,1.648478137702975,0.5,114.6963084411621,False,-0.5,0.0,-0.05443614953346432,0.02721807476673216,6.538201011010255,4.64909174508585,464909.174508585,653820.1011010255
2022-01-28,166.83030700683594,105.23999786376953,22.795841217041016,109.87312316894531,-0.14005999152324985,1.622572461974624,0.5,114.69661575317383,False,-0.5,0.0,0.010568902134888258,-0.005284451067444129,6.60730261763385,4.624523847250885,462452.38472508854,660730.2617633849
2022-01-31,171.18890380859375,114.25,24.43866539001465,114.5628662109375,-0.08884604342421103,1.6536612791017975,0.5,114.77248291015626,False,-0.5,0.0,0.04268325962465869,-0.021341629812329344,6.889323830681002,4.525828971244568,452582.8971244568,688932.3830681002
2022-02-01,171.02239990234375,116.77999877929688,24.59036636352539,114.95525360107422,-0.04811273595820333,1.4570107654888986,1.0,114.77562774658203,True,-0.5,0.0,0.003425083564287279,-0.0017125417821436395,6.91292034050252,4.518078300032475,451807.83000324754,691292.034050252
2022-02-02,172.2270965576172,122.76000213623047,25.193201065063477,115.98289489746094,-0.07047900882682193,1.3888419367574756,1.0,114.78313705444336,True,-0.5,0.0,0.00893948962048241,-0.004469744810241205,6.974718320133664,4.497883642998642,449788.36429986416,697471.8320133664
2022-02-03,169.3474884033203,120.08000183105469,23.901697158813477,111.95643615722656,-0.04062983877704995,1.3356592796124016,1.0,114.70099960327148,False,-1.0,0.5,-0.034715970348852876,0.017357985174426438,6.732584205740302,4.575957840590108,457595.78405901074,673258.4205740303
2022-02-04,169.06309509277344,123.5999984741211,24.271984100341797,113.05879211425781,-0.0445436074299133,1.3188340719178806,1.0,114.70398818969727,False,-1.0,0.0,0.009846293744855794,-0.010346293744855795,6.798875207491998,4.528613636607287,452861.3636607287,679887.5207491998
2022-02-07,168.34718322753906,123.66999816894531,24.680191040039062,114.26393127441406,-0.0338611740638185,1.258522956880458,1.0,114.74317428588867,False,-1.0,0.0,0.010659402401348217,-0.010659402401348217,6.871347154205204,4.480341321534457,448034.1321534457,687134.7154205204
2022-02-08,171.45603942871094,128.22999572753906,25.059457778930664,115.57183837890625,-0.015127735741591918,1.2455954648221277,1.0,114.8758772277832,True,-1.0,0.0,0.011446368857650713,-0.011446368857650713,6.949999128281205,4.429057682159999,442905.7682159999,694999.9128281205
2022-02-09,172.87803649902344,132.85000610351562,26.653364181518555,117.26274108886719,0.0006924409385990621,1.1982893432488309,1.0,115.00164810180664,True,-1.0,0.0,0.014630750308022744,-0.014630750308022744,7.051682830168064,4.364257245112486,436425.72451124864,705168.2830168064
2022-02-10,168.7982940673828,125.7699966430664,25.774072647094727,116.50606536865234,0.00786950729168786,1.162821438971252,1.0,115.1519189453125,True,-1.0,0.0,-0.006452823063733404,0.006452823063733404,7.0061795685634225,4.392419024919814,439241.9024919814,700617.9568563423
2022-02-11,165.38548278808594,113.18000030517578,23.90269660949707,113.04945373535156,-0.024335578225873178,1.0441208049891195,1.0,115.16830444335938,False,-1.0,0.0,-0.029668941461230003,0.029668941461230003,6.798313637076848,4.522737447843353,452273.74478433526,679831.3637076848
2022-02-14,165.62083435058594,114.2699966430664,24.22008514404297,111.89102172851562,-0.053348499900004925,1.0233566862829186,1.0,115.14161102294922,False,-1.0,0.0,-0.010247126090036862,0.010247126090036862,6.7286504600381045,4.569082508743534,456908.25087435346,672865.0460038105
2022-02-15,169.4553680419922,121.47000122070312,26.44377899169922,116.32855224609375,-0.05671775313702574,1.0255691760482983,1.0,115.24776809692383,True,-1.0,0.0,0.03965939759085435,-0.03965939759085435,6.995504683882641,4.3878754489038565,438787.54489038564,699550.4683882641
2022-02-16,169.22003173828125,117.69000244140625,26.459745407104492,115.46907806396484,-0.006887212295188284,1.0059407580137214,1.0,115.34027053833007,True,-1.0,0.0,-0.007388333865882557,0.007388333865882557,6.94381955971777,4.420294537682268,442029.4537682268,694381.9559717771
2022-02-17,165.62083435058594,112.37000274658203,24.45961570739746,111.88168334960938,-0.0005549425494464442,1.020348488533546,1.0,115.30185409545898,False,-1.0,0.0,-0.031068012099033204,0.031068012099033204,6.728088889622955,4.557624301860271,455762.4301860271,672808.8889622955
2022-02-18,164.07131958007812,113.83000183105469,23.596294403076172,111.46127319335938,-0.020019595438060544,0.9837900225153589,1.0,115.26470520019531,False,-1.0,0.0,-0.003757631666448047,0.003757631666448047,6.702807209756631,4.574750175260714,457475.0175260714,670280.720975663
2022-02-22,161.1488494873047,115.6500015258789,23.34477996826172,109.21916198730469,-0.01677795757670398,0.9835740663558674,1.0,115.22551086425781,False,-1.0,0.0,-0.02011560734790052,0.02011560734790052,6.56797617179649,4.666774053500998,466677.4053500998,656797.617179649
2022-02-23,156.9808807373047,109.76000213623047,22.343717575073242,108.2756118774414,-0.026676056157891308,0.9546571979272692,1.0,115.17433074951173,False,-1.0,0.0,-0.008639052824567117,0.008639052824567117,6.511235078697842,4.707090561069512,470709.05610695115,651123.5078697843
2022-02-24,159.59939575195312,116.61000061035156,23.702089309692383,104.52005767822266,-0.03360629014679351,0.9894075791029445,1.0,115.09846466064454,False,-1.0,0.0,-0.034685134852617705,0.034685134852617705,6.285392011936112,4.870356631943691,487035.6631943691,628539.2011936113
2022-02-25,161.66864013671875,121.05999755859375,24.11029624938965,103.91283416748047,-0.011426277089518332,0.8696436363185734,1.0,115.01287322998047,False,-1.0,0.0,-0.005809636200274526,0.005809636200274526,6.248876170970652,4.8986516321408775,489865.1632140878,624887.6170970652
2022-02-28,161.9333953857422,123.33999633789062,24.337854385375977,99.9704360961914,0.023046251162183964,0.914880299119165,1.0,114.77195785522461,False,-1.0,0.0,-0.037939472086142345,0.037939472086142345,6.011797107912351,5.084503888998222,508450.38889982225,601179.7107912351
2022-03-01,160.0504608154297,113.83000183105469,23.431608200073242,100.9420394897461,-0.0028991764996327586,0.8145939525974518,1.0,114.61276809692383,False,-1.0,0.0,0.009718907223929873,-0.009718907223929873,6.070225206253241,5.035088067421338,503508.8067421338,607022.5206253241
2022-03-02,163.34561157226562,118.27999877929688,24.177291870117188,102.39939880371094,-0.06709289846072909,0.8298846081153939,1.0,114.48739639282226,False,-1.0,0.0,0.014437585383965779,-0.014437585383965779,6.1578646009684235,4.962393553532155,496239.3553532155,615786.4600968424
2022-03-03,163.02195739746094,111.9800033569336,23.67218780517578,101.63331604003906,-0.03919555340355661,0.8178871334918333,1.0,114.37248764038085,False,-1.0,0.0,-0.0074813209122485125,0.0074813209122485125,6.111795639754404,4.999518812199002,499951.8812199002,611179.5639754405
2022-03-04,160.02105712890625,108.41000366210938,22.895557403564453,98.1487045288086,-0.06826071048813254,0.815747543884889,1.0,114.14117538452149,False,-1.0,0.0,-0.034286114504594956,0.034286114504594956,5.9022459146211,5.170932886661934,517093.2886661934,590224.59146211
2022-03-07,156.22572326660156,102.94999694824219,21.314346313476562,92.7582778930664,-0.08519324161338904,0.9036726783420421,1.0,113.72993347167969,False,-1.0,0.0,-0.054921016651421906,0.054921016651421906,5.578088568463408,5.454925777833679,545492.5777833678,557808.8568463408
2022-03-08,154.401611328125,105.52999877929688,21.47606086730957,93.42157745361328,-0.12852664532826877,0.8950252399520787,1.0,113.34354202270508,False,-1.0,0.0,0.007150839532742648,-0.007150839532742648,5.617976584715916,5.415918478933369,541591.8478933369,561797.6584715917
2022-03-09,159.80526733398438,111.05000305175781,22.973419189453125,98.04594421386719,-0.1256140917632258,1.0169682519116114,1.0,113.01189529418946,False,-1.0,0.0,0.0494999858308971,-0.0494999858308971,5.896066346057665,5.147830590964873,514783.05909648736,589606.6346057665
2022-03-10,155.4607696533203,106.45999908447266,22.61804962158203,97.12106323242188,-0.10289436752431047,0.991362820593636,1.0,112.67370910644532,False,-1.0,0.0,-0.009433138605181579,0.009433138605181579,5.840447934989957,5.196390790445439,519639.0790445439,584044.7934989957
2022-03-11,151.74391174316406,104.29000091552734,22.061033248901367,94.73882293701172,-0.13434209078143716,0.9956232247426959,1.0,112.3000227355957,False,-1.0,0.0,-0.024528564825419763,0.024528564825419763,5.697190129207066,5.323850798807094,532385.0798807094,569719.0129207066
2022-03-14,147.71322631835938,102.25,21.292390823364258,92.76761627197266,-0.13528376204901196,0.9815321177508444,1.0,111.90540969848632,False,-1.0,0.0,-0.020806746420626743,0.020806746420626743,5.578650138878557,5.434622812359125,543462.2812359125,557865.0138878557
2022-03-15,152.09695434570312,109.33000183105469,22.932491302490234,95.37408447265625,-0.13980099605233873,1.0304548325890779,1.0,111.56498123168946,False,-1.0,0.0,0.028096746531052874,-0.028096746531052874,5.735392057816051,5.281927592708393,528192.7592708393,573539.2057816051
2022-03-16,156.51014709472656,115.37000274658203,24.452802658081055,99.21346282958984,-0.08988537833320125,1.0278261944448641,1.0,111.14271087646485,False,-1.0,0.0,0.040255991742015995,-0.040255991742015995,5.966275953132718,5.069298359154398,506929.83591543976,596627.5953132719
2022-03-17,157.52024841308594,111.69000244140625,24.722328186035156,99.96443176269531,-0.07896182361993102,1.0310961043828293,1.0,110.64951217651367,False,-1.0,0.0,0.007569224092050408,-0.007569224092050408,6.011436032816992,5.030927703884495,503092.7703884495,601143.6032816991
2022-03-18,160.8153839111328,113.45999908447266,26.406356811523438,100.1803207397461,-0.0721732137001318,1.0060126973670405,1.0,110.27908966064453,False,-1.0,0.0,0.0021596579227627366,-0.0021596579227627366,6.024418678272446,5.020062621009954,502006.2621009954,602441.8678272446
2022-03-21,162.18838500976562,115.91999816894531,26.68686294555664,100.36807250976562,-0.024229631388128847,1.0041794760768759,1.0,109.88607711791992,False,-1.0,0.0,0.0018741382402565065,-0.0018741382402565065,6.035709271692712,5.010654329683437,501065.43296834367,603570.9271692712
2022-03-22,165.56199645996094,114.77999877929688,26.477231979370117,100.48072814941406,-0.007464443495032478,0.9925415981366517,1.0,109.58817886352539,False,-1.0,0.0,0.0011224250584016549,-0.0011224250584016549,6.042483903024487,5.005030245704812,500503.02457048115,604248.3903024486
2022-03-23,166.92518615722656,113.91999816894531,25.588802337646484,98.89430236816406,0.00568664841436849,0.992900633565743,1.0,109.2303385925293,False,-1.0,0.0,-0.015788358727765184,0.015788358727765184,5.947082999556789,5.084051458667314,508405.14586673136,594708.299955679
2022-03-24,170.71067810058594,120.52999877929688,28.10036277770996,101.30680084228516,0.0180640654247492,0.9780559494227689,1.0,108.84302124023438,False,-1.0,0.0,0.024394716544334782,-0.024394716544334782,6.092160403596609,4.960027464436313,496002.74644363124,609216.040359661
2022-03-25,171.34815979003906,119.66999816894531,27.643169403076172,100.1897201538086,0.041412456539183365,0.9765333560195655,1.0,108.37618896484375,False,-1.0,0.0,-0.01102670974889075,0.01102670974889075,6.024983919082464,5.0147202476331785,501472.02476331784,602498.3919082464
2022-03-28,172.2111358642578,120.23999786376953,28.169240951538086,99.8142318725586,0.02625976226576886,0.9194454219097624,1.0,107.77180313110351,False,-1.0,0.0,-0.003747772532686544,0.003747772532686544,6.002403649840649,5.033514278436365,503351.4278436365,600240.364984065
2022-03-29,175.50631713867188,123.2300033569336,28.605470657348633,102.5552978515625,0.033090287166661805,0.9399410728077112,1.0,107.19477310180665,False,-1.0,0.0,0.027461674829133198,-0.027461674829133198,6.167239707065775,4.895285546074146,489528.55460741464,616723.9707065775
2022-03-30,174.3392791748047,119.22000122070312,27.641178131103516,100.1897201538086,0.0781876314588364,0.9513217314351046,1.0,106.69804580688476,False,-1.0,0.0,-0.023066362706857135,0.023066362706857135,6.024983919082465,5.008201978033527,500820.19780335267,602498.3919082466
2022-03-31,171.24029541015625,109.33999633789062,27.237886428833008,97.87109375,0.030668658030577816,0.9667935886250216,1.0,106.20763565063477,False,-1.0,0.0,-0.023142358320285772,0.023142358320285772,5.885551582353099,5.124103582749543,512410.35827495425,588555.1582353099
2022-04-01,170.94601440429688,108.19000244140625,26.664899826049805,96.49116516113281,0.018933040089567782,0.9323140927092682,1.0,105.73970077514649,False,-1.0,0.0,-0.014099449960087829,0.014099449960087829,5.802568542330195,5.196350624804826,519635.0624804826,580256.8542330195
2022-04-04,174.99635314941406,110.52999877929688,27.311756134033203,98.36859130859375,0.040269445161445344,0.818322872137371,1.0,105.38031494140625,False,-1.0,0.0,0.019456974577162445,-0.019456974577162445,5.915468970940556,5.095245362803976,509524.5362803976,591546.8970940557
2022-04-05,171.6815643310547,106.81999969482422,25.885271072387695,96.21893310546875,0.09885793895752776,0.8456475135967715,1.0,104.9512174987793,False,-1.0,0.0,-0.021853095327768468,0.021853095327768468,5.786197663610135,5.206592245435702,520659.2245435702,578619.7663610135
2022-04-06,168.51390075683594,103.66999816894531,24.363962173461914,94.97982788085938,0.06956072782565531,0.7457355223900471,1.0,104.56235916137695,False,-1.0,0.0,-0.012877977177850775,0.012877977177850775,5.711683142151631,5.273642621546797,527364.2621546796,571168.3142151631
2022-04-07,168.8179168701172,103.72000122070312,24.165313720703125,94.3602523803711,0.0028469988941693843,0.747573769935395,1.0,104.14989868164062,False,-1.0,0.0,-0.006523232504331955,0.006523232504331955,5.6744245050243025,5.3080438185119005,530804.38185119,567442.4505024302
2022-04-08,166.80746459960938,101.0,23.078237533569336,93.20563507080078,0.016411163700192494,0.7300672269960896,1.0,103.83953079223633,False,-1.0,0.0,-0.012236267712765203,0.012236267712765203,5.6049907276649495,5.3729944637063,537299.4463706301,560499.0727664949
2022-04-11,162.55123901367188,97.37000274658203,21.878355026245117,91.5910415649414,0.010385872170414437,0.7280816654226953,1.0,103.47388916015625,False,-1.0,0.0,-0.017322917274614325,0.017322917274614325,5.507895936964629,5.466070402318045,546607.0402318045,550789.5936964629
2022-04-12,164.4243927001953,95.0999984741211,21.466079711914062,91.46900939941406,0.00434291164960858,0.6863165907024065,1.0,103.01201202392578,False,-1.0,0.0,-0.0013323591853775518,0.0013323591853775518,5.50055744122091,5.473353171426494,547335.3171426494,550055.744122091
2022-04-13,167.1114959716797,97.73999786376953,22.163846969604492,95.28021240234375,-0.03282324201372563,0.6987535702280077,1.0,102.61851119995117,False,-1.0,0.0,0.041666604109457994,-0.041666604109457994,5.729746990505595,5.245297131681419,524529.7131681419,572974.6990505595
2022-04-14,162.10011291503906,93.05999755859375,21.22051429748535,92.33261108398438,-0.033301539577084024,0.7417050564538735,1.0,102.14550552368163,False,-1.0,0.0,-0.030936132949750506,0.030936132949750506,5.552490775838882,5.40756634110806,540756.634110806,555249.0775838882
2022-04-18,161.8843994140625,93.88999938964844,21.744586944580078,92.71749877929688,-0.06176721773718456,0.7492736716022184,1.0,101.76072677612305,False,-1.0,0.0,0.004168491400751373,-0.004168491400751373,5.575636285890718,5.385024947316158,538502.4947316159,557563.6285890718
2022-04-19,164.16940307617188,96.93000030517578,22.158857345581055,93.3558349609375,-0.06934547608496178,0.7598036950894228,1.0,101.36666763305664,False,-1.0,0.0,0.006884743333727128,-0.006884743333727128,5.614023110641291,5.347950432708169,534795.0432708169,561402.3110641291
2022-04-20,164.00267028808594,94.0199966430664,21.444122314453125,92.94281005859375,-0.054106027574743046,0.7650288311327997,1.0,100.94024520874024,False,-1.0,0.0,-0.004424200185415006,0.004424200185415006,5.589185548554268,5.371610836004147,537161.0836004147,558918.5548554268
2022-04-21,163.20828247070312,89.8499984741211,20.147411346435547,91.675537109375,-0.07047137289978282,0.7691908908244544,1.0,100.4623191833496,False,-1.0,0.0,-0.013634975620167133,0.013634975620167133,5.51297713986314,5.444852618794089,544485.2618794088,551297.713986314
2022-04-22,158.6676483154297,88.13999938964844,19.480588912963867,89.81684875488281,-0.08325354092348702,0.7419725111458428,1.0,99.91340133666992,False,-1.0,0.0,-0.02027463828518017,0.02027463828518017,5.401203522477948,5.555245036156255,555524.5036156256,540120.3522477947
2022-04-25,159.73663330078125,90.69000244140625,19.866910934448242,90.34253692626953,-0.1349471833763009,0.7558165734539765,1.0,99.39013076782227,False,-1.0,0.0,0.005852890395001031,-0.005852890395001031,5.432816174696105,5.522730795842259,552273.0795842259,543281.6174696104
2022-04-26,153.7739715576172,85.16000366210938,18.754871368408203,87.08519744873047,-0.11573411263166725,0.8157206733391376,1.0,98.87084564208985,False,-1.0,0.0,-0.03605543510691367,0.03605543510691367,5.2369336236615585,5.7218552576647035,572185.5257664704,523693.36236615584
2022-04-27,153.54844665527344,84.91000366210938,18.38252830505371,84.72898864746094,-0.17476676987675574,0.7741721609693551,1.0,98.32760498046875,False,-1.0,0.0,-0.027056364000973887,0.027056364000973887,5.095241241290832,5.876667856276965,587666.7856276965,509524.12412908324
2022-04-28,160.48194885253906,89.63999938964844,19.747119903564453,89.38504791259766,-0.20150355915070536,0.9737706293076407,1.0,97.78873489379883,False,-1.0,0.0,0.05495237627005767,-0.05495237627005767,5.3752368551689615,5.55373099302468,555373.099302468,537523.6855168962
2022-04-29,154.60755920410156,85.5199966430664,18.51429557800293,87.2353744506836,-0.1507351018148117,0.9808666408166802,1.0,97.2240608215332,False,-1.0,0.0,-0.02404958672748103,0.02404958672748103,5.245964630239823,5.687295928202526,568729.5928202526,524596.4630239822
2022-05-02,154.9115753173828,89.83999633789062,19.49856185913086,88.01451873779297,-0.17549678487027062,0.9909537410418129,1.0,96.74671752929687,False,-1.0,0.0,0.008931517655717203,-0.008931517655717203,5.292819055956078,5.636499744206497,563649.9744206497,529281.9055956078
2022-05-03,156.4022674560547,91.12999725341797,19.56743621826172,87.89247131347656,-0.1473951575470665,0.9678585278021983,1.0,96.27534149169922,False,-1.0,0.0,-0.0013866737677677987,0.0013866737677677987,5.285479642613642,5.644315730543819,564431.5730543819,528547.9642613642
2022-05-04,162.81600952148438,99.41999816894531,20.29814338684082,90.10786437988281,-0.15518094083369044,0.9993462732804222,1.0,95.89311553955078,False,-1.0,0.0,0.02520572050482972,-0.02520572050482972,5.418703965219328,5.502046685798717,550204.6685798718,541870.3965219328
2022-05-05,153.74452209472656,93.87000274658203,18.810775756835938,86.503173828125,-0.09573138650994986,1.061335138926188,1.0,95.45766677856446,False,-1.0,0.0,-0.04000417251662869,0.04000417251662869,5.201933196978154,5.722151510611955,572215.1510611954,520193.3196978154
2022-05-06,154.47132873535156,95.33999633789062,18.642070770263672,86.01502990722656,-0.13679148070398398,1.0640357372336477,1.0,95.08756622314453,False,-1.0,0.0,-0.0056430752687565144,0.0056430752687565144,5.172578296404563,5.754442042285567,575444.2042285567,517257.8296404563
2022-05-09,149.34454345703125,86.36000061035156,16.92011260986328,81.95036315917969,-0.13906823218085398,1.1421065092697937,1.0,94.64831680297851,False,-1.0,0.0,-0.047255308199403157,0.047255308199403157,4.928146514822421,6.026369974509374,602636.9974509374,492814.6514822421
2022-05-10,151.75079345703125,88.7300033569336,17.56397247314453,83.37722778320312,-0.1682621986919636,1.1564382964480582,1.0,94.31645263671875,False,-1.0,0.0,0.01741132765027431,-0.01741132765027431,5.0139520885005515,5.921442872341417,592144.2872341417,501395.2088500552
2022-05-11,143.88385009765625,87.91999816894531,16.600677490234375,82.44788360595703,-0.11701416838293932,1.1561272754628833,1.0,93.94656951904297,False,-1.0,0.0,-0.011146259020059612,0.011146259020059612,4.958065279807956,5.987444808369021,598744.480836902,495806.5279807956
2022-05-12,140.0142059326172,87.05999755859375,16.146474838256836,82.31647491455078,-0.15626512854093655,1.0565797748145267,1.0,93.54491104125977,False,-1.0,0.0,-0.0015938394736035866,0.0015938394736035866,4.9501629196522945,5.996987834250623,599698.7834250623,495016.29196522944
2022-05-13,144.48294067382812,95.12000274658203,17.674779891967773,85.3860855102539,-0.19880680218819397,1.1083217528318794,1.0,93.21996643066406,False,-1.0,0.0,0.03729035528901781,-0.03729035528901781,5.1347562536646505,5.7733580272475,577335.80272475,513475.6253664651
2022-05-16,142.9409637451172,94.23999786376953,17.23355484008789,84.86980438232422,-0.1283800967876568,1.1052987989484353,1.0,92.95438842773437,False,-1.0,0.0,-0.006046431626938631,0.006046431626938631,5.103709301055872,5.80826624181709,580826.624181709,510370.93010558723
2022-05-17,146.5749053955078,102.47000122070312,18.144947052001953,87.60147094726562,-0.1349939755702108,1.1538718087757187,1.0,92.85125228881836,False,-1.0,0.0,0.032186554273599066,-0.032186554273599066,5.267980117470979,5.62131816518933,562131.816518933,526798.011747098
2022-05-18,138.30528259277344,96.27999877929688,16.90813446044922,84.9824447631836,-0.10620618316561115,1.1805475508799885,1.0,92.68246963500977,False,-1.0,0.0,-0.029897057158533746,0.029897057158533746,5.11048301478893,5.7893790356803,578937.90356803,511048.30147889303
2022-05-19,134.89724731445312,96.66999816894531,17.093807220458984,84.68206787109375,-0.14854813118355967,1.1736213946732967,1.0,92.4151921081543,False,-1.0,0.0,-0.003534575792999206,0.003534575792999206,5.0924196252343235,5.809842034676312,580984.2034676312,509241.96252343233
2022-05-20,135.13294982910156,93.5,16.664562225341797,85.21712493896484,-0.1323755672092323,1.1627583988426735,1.0,92.17711334228515,False,-1.0,0.0,0.0063184223215424495,-0.0063184223215424495,5.124595683065065,5.7731329990797775,577313.2999079777,512459.5683065065
2022-05-23,140.5543975830078,95.06999969482422,16.868202209472656,85.89299011230469,-0.13430174492618774,1.159911183700062,1.0,92.00019668579101,False,-1.0,0.0,0.007931095701995572,-0.007931095701995572,5.165239341861487,5.727345728763727,572734.5728763727,516523.93418614875
2022-05-24,137.85348510742188,91.16000366210938,16.125516891479492,83.28336334228516,-0.12309156110439062,1.1420887375079911,1.0,91.81051162719727,False,-1.0,0.0,-0.030382302055237065,0.030382302055237065,5.008307479989457,5.901355676669799,590135.5676669799,500830.74799894576
2022-05-25,138.01063537597656,92.6500015258789,16.945068359375,84.86980438232422,-0.12013613311075881,1.1246254443986294,1.0,91.60042602539062,False,-1.0,0.0,0.01904871484979509,-0.01904871484979509,5.103709301055872,5.788942435157696,578894.2435157696,510370.93010558723
2022-05-26,141.21238708496094,98.75,17.819522857666016,85.42366027832031,-0.09549884344200257,0.9861529941297746,1.0,91.32462997436524,False,-1.0,0.0,0.006525947597346482,-0.006525947597346482,5.137015840506653,5.751164100181802,575116.4100181801,513701.58405066526
2022-05-27,146.9677734375,102.26000213623047,18.777830123901367,88.02391052246094,-0.10233307327605544,1.0037403868365034,1.0,91.08581954956054,False,-1.0,0.0,0.030439461803307255,-0.030439461803307255,5.293383837966739,5.576101760229766,557610.1760229765,529338.3837966739
2022-05-31,146.18203735351562,101.86000061035156,18.639076232910156,89.46015167236328,-0.02797635648439154,1.0094285474963152,1.0,90.87141616821289,False,-1.0,0.0,0.016316488796937367,-0.016316488796937367,5.379753276056813,5.485119358328394,548511.9358328393,537975.3276056813
2022-06-01,146.0543975830078,101.22000122070312,18.28769874572754,88.94384765625,-0.04373767040292175,1.0104928032264404,1.0,90.64293167114258,False,-1.0,0.0,-0.005771329541270798,0.005771329541270798,5.348704947049958,5.516775789718511,551677.5789718512,534870.4947049958
2022-06-02,148.5097198486328,108.58999633789062,19.557451248168945,90.4364013671875,-0.04500033925362879,0.993934792638386,1.0,90.44204513549805,False,-1.0,0.0,0.016780853878796798,-0.016780853878796798,5.438460783207201,5.424199581309161,542419.9581309161,543846.0783207201
2022-06-03,142.7838592529297,106.30000305175781,18.686992645263672,88.02391052246094,-0.04023151252043775,0.9525978650861554,1.0,90.22463729858399,False,-1.0,0.0,-0.02667610396096398,0.02667610396096398,5.293383837966741,5.568896093245181,556889.6093245181,529338.3837966741
2022-06-06,143.53025817871094,105.6500015258789,18.75287437438965,87.40434265136719,-0.04603062540893902,0.9555097788323396,1.0,89.94658813476562,False,-1.0,0.0,-0.007038631519735272,0.007038631519735272,5.256125659638771,5.608093500817227,560809.3500817227,525612.5659638771
2022-06-07,146.0543975830078,105.27999877929688,18.89263153076172,88.089599609375,-0.038742322225840634,0.8304380959874947,1.0,89.70458572387696,False,-1.0,0.0,0.007840079076403716,-0.007840079076403716,5.297334100445854,5.564125604302954,556412.5604302954,529733.4100445854
2022-06-08,145.31777954101562,101.9000015258789,18.619050979614258,87.7422866821289,0.02373624917972191,0.8254433251034407,1.0,89.46314682006836,False,-1.0,0.0,-0.003942723417817984,0.003942723417817984,5.27644817723602,5.58606341262272,558606.341262272,527644.8177236019
2022-06-09,140.0927734375,98.80000305175781,18.019983291625977,85.28282165527344,0.000916019487728497,0.871174744470019,1.0,89.11769729614258,False,-1.0,0.0,-0.028030555389621514,0.028030555389621514,5.128546404343538,5.74264387252018,574264.387252018,512854.64043435385
2022-06-10,134.68112182617188,94.81999969482422,16.94765281677246,83.24581146240234,-0.014091519149166187,0.9089141276615883,1.0,88.77881912231446,False,-1.0,0.0,-0.023885351742992333,0.023885351742992333,5.006049269545534,5.879808941350064,587980.8941350065,500604.9269545534
2022-06-13,129.5249481201172,86.98999786376953,15.622712135314941,80.30762481689453,-0.05111052730366178,0.8969347467407414,1.0,88.42754974365235,False,-1.0,0.0,-0.035295309083927084,0.035295309083927084,4.829359213287558,6.087338615289452,608733.8615289453,482935.92132875574
2022-06-14,130.38917541503906,86.98999786376953,15.811417579650879,81.84711456298828,-0.14171083413702162,0.9242709404910211,1.0,88.13466873168946,False,-1.0,0.0,0.019169907584788648,-0.019169907584788648,4.921937583100028,5.9706448965970385,597064.4896597038,492193.75831000274
2022-06-15,133.0115203857422,89.30000305175781,16.5013427734375,83.66822052001953,-0.13370088865111748,0.8966525110243151,1.0,87.84066131591797,False,-1.0,0.0,0.022250093564749385,-0.022250093564749385,5.03145115484386,5.837797489005861,583779.748900586,503145.115484386
2022-06-16,127.73741912841797,82.05000305175781,15.5767822265625,79.75862121582031,-0.14059054890325962,0.964270602993646,1.0,87.511455078125,False,-1.0,0.0,-0.04672741071699693,0.04672741071699693,4.796344470228963,6.1105826499572915,611058.2649957292,479634.44702289626
2022-06-17,129.2106170654297,81.56999969482422,15.855350494384766,80.21159362792969,-0.1483571092358319,0.9708645422832486,1.0,87.21609039306641,False,-1.0,0.0,0.005679290905539425,-0.005679290905539425,4.823584305758568,6.075878873485842,607587.8873485842,482358.4305758568
2022-06-21,133.4436492919922,83.79000091552734,16.540287017822266,82.0517349243164,-0.13199939182782147,1.0016950252841326,1.0,86.96992004394531,False,-1.0,0.0,0.022941088852098,-0.022941088852098,4.934242581902561,5.936491596394618,593649.1596394618,493424.2581902561
2022-06-22,132.93295288085938,83.75,16.334606170654297,80.12664794921875,-0.10439574329768225,1.0207501221661344,1.0,86.70834030151367,False,-1.0,0.0,-0.023461868013800458,0.023461868013800458,4.818476033697889,6.075772778694265,607577.2778694265,481847.6033697889
2022-06-23,135.80084228515625,82.43000030517578,16.199811935424805,79.38116455078125,-0.12769989806820845,0.9857018217858776,1.0,86.46414276123046,False,-1.0,0.0,-0.009303813619034207,0.009303813619034207,4.773645830752581,6.132300636218838,613230.0636218839,477364.58307525807
2022-06-24,139.1302947998047,87.08000183105469,17.099416732788086,81.07975006103516,-0.10259212478183452,0.9932603483046575,1.0,86.2563575744629,False,-1.0,0.0,0.021397840657367828,-0.021397840657367828,4.875791543593732,6.0010826443419525,600108.2644341952,487579.1543593732
2022-06-27,139.1302947998047,86.16000366210938,16.842815399169922,81.02313995361328,-0.08437398149377892,0.9918692970576191,1.0,85.97121612548828,False,-1.0,0.0,-0.0006982027865066742,0.0006982027865066742,4.87238725235157,6.0052726169662884,600527.2616966289,487238.72523515695
2022-06-28,134.9856414794922,80.77999877929688,15.957193374633789,79.5887680053711,-0.11054861960578796,0.9440465950074304,1.0,85.71633926391601,False,-1.0,0.0,-0.017703238223838014,0.017703238223838014,4.786130220104399,6.111585388703534,611158.5388703534,478613.0220104399
2022-06-29,136.74366760253906,77.98999786376953,15.517877578735352,78.9376449584961,-0.1666579662518034,0.9212257676857035,1.0,85.4407421875,False,-1.0,0.0,-0.008181092171587023,0.008181092171587023,4.7469744476285065,6.161584832083042,616158.4832083042,474697.44476285065
2022-06-30,134.27847290039062,76.47000122070312,15.135470390319824,77.14468383789062,-0.16533899098047222,0.9368676493697307,1.0,85.11651916503907,False,-1.0,0.0,-0.022713638360356114,0.022713638360356114,4.639153386719221,6.301536841685632,630153.6841685632,463915.33867192216
2022-07-01,136.44900512695312,73.66999816894531,14.500455856323242,72.6622543334961,-0.18315132644206433,1.031592886791139,1.0,84.71090805053711,False,-1.0,0.0,-0.05810419177831838,0.05810419177831838,4.369599128648253,6.667682546833072,666768.2546833073,436959.9128648253
2022-07-05,139.03204345703125,75.19999694824219,14.94077205657959,71.82239532470703,-0.20313909035750893,1.0157383210368265,1.0,84.31384521484375,False,-1.0,0.0,-0.011558394609316403,0.011558394609316403,4.319093577634812,6.74475025283902,674475.025283902,431909.35776348115
2022-07-06,140.36778259277344,75.3499984741211,15.106515884399414,71.30337524414062,-0.15656368989358152,1.0135172166055193,1.0,83.9435757446289,False,-1.0,0.0,-0.0072264379128533784,0.0072264379128533784,4.28788191605623,6.793490771778862,679349.0771778863,428788.19160562294
2022-07-07,143.7365264892578,79.30000305175781,15.833383560180664,76.10664367675781,-0.15107049250497892,1.2549453323200221,1.0,83.65885787963867,False,-1.0,0.0,0.06736382977903843,-0.06736382977903843,4.576730063562058,6.335855215823282,633585.5215823282,457673.00635620585
2022-07-08,144.4141845703125,79.3499984741211,15.813414573669434,76.91819763183594,-0.12491548764805954,1.2578881318574018,1.0,83.45551788330079,False,-1.0,0.0,0.010663378594449435,-0.010663378594449435,4.625533468954419,6.268293592937342,626829.3592937342,462553.34689544194
2022-07-11,142.282958984375,76.94999694824219,15.128480911254883,74.65340423583984,-0.1068745881278689,1.2505814510172244,1.0,83.25400619506836,False,-1.0,0.0,-0.029444181815548864,0.029444181815548864,4.489338420500619,6.452858369161029,645285.8369161029,448933.8420500619
2022-07-12,143.25527954101562,76.36000061035156,15.058587074279785,74.64393615722656,-0.10536304102311358,1.2292852314941578,1.0,82.95918395996094,False,-1.0,0.0,-0.00012682715155720725,0.00012682715155720725,4.488769050496371,6.453676766807392,645367.6766807393,448876.90504963713
2022-07-13,142.8918914794922,77.5199966430664,15.140459060668945,76.71058654785156,-0.07924672485967994,1.219456981295296,1.0,82.7486882019043,False,-1.0,0.0,0.027686782035072577,-0.027686782035072577,4.6130486208032435,6.2749952248399845,627499.5224839984,461304.8620803243
2022-07-14,145.81866455078125,78.5999984741211,15.348136901855469,78.95650482177734,-0.02895434273168272,1.231424997079678,1.0,82.56752792358398,False,-1.0,0.0,0.029277813858518575,-0.029277813858518575,4.748108599643417,6.091277082684027,609127.7082684026,474810.8599643417
2022-07-15,147.48829650878906,81.11000061035156,15.737533569335938,80.80607604980469,-0.018031252651584458,1.2251710523796757,1.0,82.42580001831055,False,-1.0,0.0,0.02342519127717524,-0.02342519127717524,4.859333951794865,5.948587751899879,594858.775189988,485933.3951794865
2022-07-18,144.44366455078125,81.43000030517578,16.076007843017578,78.87158203125,-0.024157018488743905,1.156349664184098,1.0,82.2010743713379,False,-1.0,0.0,-0.023939957403232515,0.023939957403232515,4.743001703980814,6.090996689289754,609099.6689289754,474300.17039808136
2022-07-19,148.30348205566406,85.87999725341797,16.965625762939453,81.29679870605469,0.010468712870989855,1.184055250357111,1.0,82.09694686889648,False,-1.0,0.0,0.030748928984888124,-0.030748928984888124,4.888843926551723,5.903705064643595,590370.5064643595,488884.39265517227
2022-07-20,150.3070526123047,89.43000030517578,17.779356002807617,81.6837158203125,0.04821262773337811,1.1574869412399016,1.0,82.0103205871582,False,-1.0,0.0,0.004759315500931338,-0.004759315500931338,4.912111477232995,5.87560746961651,587560.746961651,491211.14772329945
2022-07-21,152.5758056640625,91.08999633789062,18.021982192993164,82.84440612792969,0.05747464033518636,1.1334277637411414,1.0,82.0282014465332,True,1.0,2.0,0.014209567916455557,-0.014209567916455557,4.981910458881938,5.792117626226561,579211.7626226561,498191.04588819377
2022-07-22,151.33827209472656,88.0999984741211,17.292116165161133,81.45722198486328,0.07384852388442213,1.13588022261531,1.0,81.98980133056641,False,1.0,0.0,-0.016744451531516713,-0.018744451531516715,4.898491100668833,5.6835475581169135,568354.7558116914,489849.1100668833
2022-07-25,150.21865844726562,87.54000091552734,16.997573852539062,81.4383544921875,0.0597468103759453,1.1130803375344074,1.0,81.96961074829102,False,1.0,0.0,-0.00023162455355141276,-0.00023162455355141276,4.897356489854565,5.682231108951177,568223.1108951176,489735.6489854565
2022-07-26,148.8927764892578,85.25,16.50733757019043,79.66425323486328,0.024099698541066267,1.1280373265887373,1.0,81.91656631469726,False,1.0,0.0,-0.021784591159616506,-0.021784591159616506,4.790669580960189,5.5584460273682215,555844.6027368221,479066.9580960189
2022-07-27,153.99008178710938,89.81999969482422,17.762388229370117,82.69341278076172,-0.0037471313778251088,1.1626522461103301,1.0,81.86271286010742,True,1.0,0.0,0.03802407507628258,0.03802407507628258,4.972830360772282,5.769800796420335,576980.0796420336,497283.03607722826
2022-07-28,154.54010009765625,91.66999816894531,17.95608139038086,83.61822509765625,0.08930811979809053,1.1565568137170674,1.0,81.83768127441407,True,1.0,0.0,0.01118362739903378,0.01118362739903378,5.028444642645762,5.834328098694148,583432.8098694148,502844.4642645762
2022-07-29,159.60791015625,94.47000122070312,18.134807586669922,83.49553680419922,0.09670269033744677,1.1271312975956014,1.0,81.75556259155273,True,1.0,0.0,-0.0014672434545668356,-0.0014672434545668356,5.0210666901571885,5.825767718979543,582576.7718979543,502106.66901571886
2022-08-01,158.6258087158203,96.77999877929688,18.412376403808594,81.44778442382812,0.14017111507873992,1.0013681218158907,1.0,81.68486938476562,False,1.0,0.0,-0.024525291515559267,-0.024525291515559267,4.897923565862019,5.6828890673696355,568288.9067369635,489792.35658620193
2022-08-02,157.15257263183594,99.29000091552734,18.49724006652832,81.20243835449219,0.13930668223817658,0.9914501198357767,1.0,81.6152767944336,False,1.0,0.0,-0.0030123111521270785,-0.0030123111521270785,4.883169496082306,5.665770437255697,566577.0437255696,488316.9496082307
2022-08-03,163.1632843017578,98.08999633789062,18.863670349121094,81.63652801513672,0.14049850802822209,0.9831854282216667,1.0,81.54366485595703,True,1.0,0.0,0.005345771253191911,0.005345771253191911,4.909273803198927,5.696058349986362,569605.8349986363,490927.38031989266
2022-08-04,162.84898376464844,103.91000366210938,19.1851749420166,83.43892669677734,0.15885527591611645,0.8211069107800091,1.0,81.49458358764649,True,1.0,0.0,0.022078335831558604,0.022078335831558604,5.017662398915026,5.821817839153515,582181.7839153515,501766.2398915026
2022-08-05,162.622802734375,102.30999755859375,18.959524154663086,84.7128677368164,0.16659683471176595,0.8284197543617566,1.0,81.52317367553711,True,1.0,0.0,0.015267946155020029,0.015267946155020029,5.094271798245729,5.910705040446046,591070.5040446046,509427.17982457293
2022-08-08,162.1507110595703,100.06999969482422,17.765378952026367,82.98595428466797,0.14892440170406207,0.8032546265791242,1.0,81.48549667358398,True,1.0,0.0,-0.02038549158214742,-0.02038549158214742,4.99042256338542,5.790212412599477,579021.2412599477,499042.256338542
2022-08-09,162.1998748779297,95.54000091552734,17.059478759765625,80.40973663330078,0.1595874933464236,0.8703866310315759,1.0,81.3852182006836,False,1.0,0.0,-0.031044020323366395,-0.031044020323366395,4.8354997839054965,5.610460940786131,561046.0940786131,483549.97839054966
2022-08-10,166.44863891601562,99.05000305175781,18.068904876708984,83.67484283447266,0.14519193960437657,0.9103737736152033,1.0,81.29823684692383,True,1.0,0.0,0.04060585617960677,0.04060585617960677,5.031849392687283,5.838278510848993,583827.8510848993,503184.9392687283
2022-08-11,165.7110137939453,98.12000274658203,17.914146423339844,84.47695922851562,0.16515462109762144,0.8831931278903068,1.0,81.19857299804687,True,1.0,0.0,0.009586111749617876,0.009586111749617876,5.08008526327283,5.894244901079384,589424.4901079384,508008.52632728295
2022-08-12,169.26145935058594,100.83000183105469,18.679956436157227,85.7414779663086,0.14796689021596396,0.8730203992230748,1.0,81.13452560424804,True,1.0,0.0,0.014968800360964263,0.014968800360964263,5.1561280453954375,5.982474676282273,598247.4676282273,515612.80453954375
2022-08-15,170.33349609375,101.01000213623047,19.002456665039062,86.41148376464844,0.15032058085100397,0.8372834831866821,1.0,81.05402725219727,True,1.0,0.0,0.007814255296638484,0.007814255296638484,5.196419346284315,6.029223260708417,602922.3260708416,519641.93462843145
2022-08-16,170.17611694335938,100.19999694824219,18.849695205688477,84.88272094726562,0.1853826862361965,0.8259425719381976,1.0,80.99120346069336,True,1.0,0.0,-0.017691662621447057,-0.017691662621447057,5.104486048370292,5.922556276910583,592255.6276910582,510448.60483702924
2022-08-17,171.67105102539062,98.2699966430664,18.306533813476562,84.17497253417969,0.15384726532441723,0.8355101150305891,1.0,80.92661605834961,True,1.0,0.0,-0.008337956243481326,-0.008337956243481326,5.06192506705352,5.873174261824147,587317.4261824146,506192.506705352
2022-08-18,171.2776336669922,100.44000244140625,18.743858337402344,84.24103546142578,0.1310229960224251,0.8306718264935871,1.0,80.84964477539063,True,1.0,0.0,0.0007848286165970109,0.0007848286165970109,5.065897810701213,5.877783697055087,587778.3697055087,506589.78107012133
2022-08-19,168.69102478027344,95.94999694824219,17.821298599243164,82.28764343261719,0.11785335688536935,0.8494452507700445,1.0,80.74055191040038,True,1.0,0.0,-0.02318812937316106,-0.02318812937316106,4.94842911687546,5.741488888260317,574148.8888260317,494842.91168754606
2022-08-22,164.8061981201172,92.83999633789062,17.007558822631836,80.43805694580078,0.11152085594034,0.8806512443156432,1.0,80.64365661621093,False,1.0,0.0,-0.022477086591147444,-0.022477086591147444,4.837202847125296,5.612436945356779,561243.6945356779,483720.28471252957
2022-08-23,164.47178649902344,92.48999786376953,17.15433120727539,81.18354797363281,0.08042639551140929,0.8602013451904782,1.0,80.60241134643555,True,1.0,0.0,0.009267889555491626,0.009267889555491626,4.882033508869963,5.664452391103507,566445.2391103507,488203.3508869963
2022-08-24,164.766845703125,92.7300033569336,17.19526481628418,80.74002838134766,0.08144793241140602,0.7817351924056759,1.0,80.6110594177246,True,1.0,0.0,-0.00546317084379222,-0.00546317084379222,4.855362125745888,5.633506519954381,563350.651995438,485536.2125745888
2022-08-25,167.2255859375,97.18000030517578,17.885194778442383,82.63680267333984,0.036140486170220004,0.8112395078678286,1.0,80.62685317993164,True,1.0,0.0,0.023492365930730452,0.023492365930730452,4.96942606953012,5.765850916594305,576585.0916594305,496942.606953012
2022-08-26,160.92132568359375,91.18000030517578,16.234758377075195,79.96623992919922,0.05911771528013089,0.8689433706439328,1.0,80.55281356811524,False,1.0,0.0,-0.03231686921258625,-0.03231686921258625,4.808829777179499,5.579516666623456,557951.6666623456,480882.9777179499
2022-08-29,158.71826171875,88.48999786376953,15.776472091674805,78.18270111083984,-0.015343296558532176,0.8657518958551262,1.0,80.52129516601562,False,-1.0,2.0,-0.02230364738842905,-0.02230364738842905,4.701575333478309,5.4550730942932235,545507.3094293224,470157.5333478309
2022-08-30,156.28900146484375,86.94000244140625,15.443989753723145,78.12608337402344,-0.04800243405200894,0.867229535727424,1.0,80.4795849609375,False,-1.0,0.0,-0.0007241721763505682,-0.0012758278236494319,4.698170583436788,5.448113360259483,544811.3360259483,469817.0583436788
2022-08-31,154.62689208984375,84.87000274658203,15.070568084716797,78.65453338623047,-0.053248251595406734,0.869964033284758,1.0,80.41164093017578,False,-1.0,0.0,0.0067640663576735705,-0.0067640663576735705,4.729949321022825,5.41126195996656,541126.195996656,472994.9321022825
2022-09-01,155.3546905517578,82.33000183105469,13.915367126464844,77.0408706665039,-0.08478908153732856,0.8528672346641367,1.0,80.34992538452148,False,-1.0,0.0,-0.020515825983007607,0.020515825983007607,4.6329105038442755,5.522278468685703,552227.8468685703,463291.05038442754
2022-09-02,153.2401580810547,80.23999786376953,13.62581729888916,76.34255981445312,-0.1127442128807205,0.8317373165268437,1.0,80.28915328979492,False,-1.0,0.0,-0.009064160957806933,0.009064160957806933,4.590917057334317,5.572333289579702,557233.3289579703,459091.7057334317
2022-09-06,151.98123168945312,78.72000122070312,13.444098472595215,75.52157592773438,-0.12118279223492531,0.820214954103527,1.0,80.17798980712891,False,-1.0,0.0,-0.010753947584599133,0.010753947584599133,4.541546575934501,5.6322578696997585,563225.7869699758,454154.6575934501
2022-09-07,153.38771057128906,79.61000061035156,13.696782112121582,75.44607543945312,-0.1097153940238229,0.7768829754857027,1.0,80.0664485168457,False,-1.0,0.0,-0.0009997207732197477,0.0009997207732197477,4.537006297479994,5.6378885548922275,563788.8554892228,453700.6297479994
2022-09-08,151.91241455078125,82.77999877929688,13.972434997558594,75.7197265625,-0.0762545940246013,0.6462825227907805,1.0,79.98906768798828,False,-1.0,0.0,0.003627108785353439,-0.003627108785353439,4.553462512880788,5.6174393197839345,561743.9319783935,455346.25128807884
2022-09-09,154.7744140625,85.44999694824219,14.368934631347656,76.93704986572266,-0.07566645103144898,0.6664152010885336,1.0,79.94905578613282,False,-1.0,0.0,0.01607669967241443,-0.01607669967241443,4.62666716216997,5.527129434911756,552712.9434911755,462666.716216997
2022-09-12,160.7344512939453,84.63999938964844,14.486787796020508,77.52215576171875,-0.052429198968332494,0.651182436326421,1.0,79.95660522460938,False,-1.0,0.0,0.007604995213843946,-0.007604995213843946,4.6618529437943215,5.485095642012956,548509.5642012956,466185.29437943216
2022-09-13,151.30267333984375,77.02999877929688,13.114511489868164,74.37029266357422,-0.05538667348081737,0.7271999261967405,1.0,79.99076599121094,False,-1.0,0.0,-0.04065757804559089,0.04065757804559089,4.472313293894937,5.7081063461656285,570810.6346165629,447231.3293894937
2022-09-14,152.74838256835938,77.44999694824219,13.111515045166016,75.17240905761719,-0.11163540194670538,0.7426355825003068,1.0,80.05776626586913,False,-1.0,0.0,0.010785440870475949,-0.010785440870475949,4.520549164480484,5.64654190268667,564654.1902686671,452054.91644804843
2022-09-15,149.85690307617188,76.66000366210938,12.912765502929688,74.00323486328125,-0.10649768177603271,0.751658218738194,1.0,80.11176345825196,False,-1.0,0.0,-0.01555323567507072,0.01555323567507072,4.450239997944576,5.734363899648319,573436.3899648319,445023.9997944576
2022-09-16,148.21441650390625,76.51000213623047,13.181427955627441,73.91783142089844,-0.1291524986697406,0.7535057794122345,1.0,80.06798721313477,False,-1.0,0.0,-0.0011540501241681378,0.0011540501241681378,4.44510419792237,5.740981643018732,574098.1643018732,444510.419792237
2022-09-19,151.9320831298828,76.7699966430664,13.365198135375977,74.24048614501953,-0.1345284230229714,0.742347778708801,1.0,80.01443298339844,False,-1.0,0.0,0.004365045861314032,-0.004365045861314032,4.464507281604621,5.715921994857993,571592.1994857993,446450.72816046205
2022-09-20,154.31214904785156,75.25,13.159456253051758,74.16458129882812,-0.10451692983240407,0.7233059301372134,1.0,80.0046565246582,False,-1.0,0.0,-0.0010224184960634375,0.0010224184960634375,4.459942686784098,5.721766059227591,572176.6059227592,445994.2686784098
2022-09-21,151.18460083007812,74.4800033569336,13.244351387023926,73.2060775756836,-0.09438236317871176,0.7180968454139119,1.0,79.97589935302734,False,-1.0,0.0,-0.012924009093808198,0.012924009093808198,4.402302346942236,5.795714215809692,579571.4215809692,440230.2346942236
2022-09-22,150.22076416015625,69.5,12.54522705078125,71.7730712890625,-0.10480064166070055,0.73572480466567,1.0,79.87714904785156,False,-1.0,0.0,-0.01957496336475051,0.01957496336475051,4.316127439780287,5.909165109256731,590916.5109256732,431612.74397802865
2022-09-23,147.94886779785156,67.95999908447266,12.500284194946289,70.10284423828125,-0.11812283538114453,0.6887021375673209,1.0,79.70007583618164,False,-1.0,0.0,-0.023270942998307675,0.023270942998307675,4.215687084155728,6.046676953681833,604667.6953681833,421568.70841557276
2022-09-26,148.2832794189453,66.30000305175781,12.212646484375,69.28668975830078,-0.1439728709712465,0.6432211966781339,1.0,79.46968811035157,False,-1.0,0.0,-0.011642244888186548,0.011642244888186548,4.166607022750021,6.117073847536351,611707.384753635,416660.70227500214
2022-09-27,149.25692749023438,67.16999816894531,12.397416114807129,69.3056640625,-0.11298143619986671,0.6300013389599877,1.0,79.27836975097657,False,-1.0,0.0,0.0002738520813363454,-0.0002738520813363454,4.167748056755312,6.115398674131515,611539.8674131515,416774.8056755312
2022-09-28,147.3686065673828,68.36000061035156,12.72000789642334,68.4515609741211,-0.0913036005296571,0.6350958171683734,1.0,79.0214649963379,False,-1.0,0.0,-0.012323712642139495,0.012323712642139495,4.116385927339024,6.190763090083632,619076.3090083632,411638.59273390245
2022-09-29,140.12997436523438,64.13999938964844,12.204656600952148,65.74689483642578,-0.0865191144760906,0.7075422575601482,1.0,78.70272857666015,False,-1.0,0.0,-0.039512117754594955,0.039512117754594955,3.9537388018546475,6.435373250289817,643537.3250289817,395373.88018546475
2022-09-30,135.92059326171875,63.36000061035156,12.123758316040039,65.06362915039062,-0.12448966773416793,0.703539622890018,1.0,78.34711303710938,False,-1.0,0.0,-0.01039236435021118,0.01039236435021118,3.9126501076802067,6.502251993836432,650225.1993836432,391265.0107680207
2022-10-03,140.10049438476562,66.11000061035156,12.49629020690918,65.71843719482422,-0.13982947562403744,0.7372171855118669,1.0,78.03233734130859,False,-1.0,0.0,0.010064118048503712,-0.010064118048503712,3.9520274802463913,6.436812562189344,643681.2562189343,395202.74802463915
2022-10-04,143.6903076171875,67.9000015258789,13.150466918945312,69.09687805175781,-0.1012972118956266,0.9717302133464972,1.0,77.7855078125,False,-1.0,0.0,0.05140780884545548,-0.05140780884545548,4.155192553502885,6.105910132418288,610591.0132418288,415519.25535028847
2022-10-05,143.98536682128906,67.94000244140625,13.192414283752441,70.68171691894531,-0.05814253897318094,1.0203711122678985,1.0,77.60585708618164,False,-1.0,0.0,0.02293647574063118,-0.02293647574063118,4.250498026703955,5.965862072791602,596586.2072791602,425049.80267039547
2022-10-06,143.03135681152344,67.8499984741211,13.11351203918457,70.55835723876953,-0.0644785543649436,1.0237631472736262,1.0,77.3631559753418,False,-1.0,0.0,-0.0017452841491845117,0.0017452841491845117,4.243079699871808,5.976274197303466,597627.4197303466,424307.96998718084
2022-10-07,137.77944946289062,58.439998626708984,12.06083869934082,66.19294738769531,-0.07423264226066784,1.1830166942577278,1.0,77.01465042114258,False,-1.0,0.0,-0.06186949387585183,0.06186949387585183,3.980562506365838,6.346023257153945,634602.3257153945,398056.25063658383
2022-10-10,138.10397338867188,57.810001373291016,11.65534496307373,64.00074768066406,-0.15232787094614786,1.206548697503899,1.0,76.62475463867187,False,-1.0,0.0,-0.03311832745853471,0.03311832745853471,3.8487329338108487,6.556192933443846,655619.2933443846,384873.29338108486
2022-10-11,136.687744140625,57.630001068115234,11.571453094482422,60.21422576904297,-0.1771321433462207,1.2831431856147861,1.0,76.20008346557617,False,-1.0,0.0,-0.05916371368838058,0.05916371368838058,3.6210276004518227,6.944081655043902,694408.1655043903,362102.76004518225
2022-10-12,136.05825805664062,57.849998474121094,11.485560417175293,60.8405647277832,-0.13784353783672787,1.2846110171703709,1.0,75.792845993042,False,-1.0,0.0,0.010401843596604676,-0.010401843596604676,3.6586929632107115,6.871850403746084,687185.0403746084,365869.29632107116
2022-10-13,140.63160705566406,58.939998626708984,11.944982528686523,63.22256088256836,-0.15409217885641321,1.3907633409840208,1.0,75.42456665039063,False,-1.0,0.0,0.03915144715442476,-0.03915144715442476,3.8019360874141213,6.6028075158107065,660280.7515810706,380193.6087414121
2022-10-14,136.0976104736328,55.939998626708984,11.21290397644043,60.660255432128906,-0.1219890612460191,1.4323872912259519,1.0,74.96899322509766,False,-1.0,0.0,-0.04052834011578177,0.04052834011578177,3.6478499285649373,6.8704083445305235,687040.8344530524,364784.99285649374
2022-10-17,140.06117248535156,57.959999084472656,11.87307357788086,61.58079147338867,-0.1611748667365161,1.4479972936289425,1.0,74.5063516998291,False,-1.0,0.0,0.01517527472810798,-0.01517527472810798,3.7032070533978194,6.766148010407988,676614.8010407988,370320.70533978194
2022-10-18,141.3790740966797,57.91999816894531,11.951974868774414,60.460960388183594,-0.13735227369711964,1.445681101963267,1.0,74.05585182189941,False,-1.0,0.0,-0.018184746548588926,0.018184746548588926,3.6358651717148334,6.889188697087496,688918.8697087496,363586.5171714833
2022-10-19,141.4872283935547,57.22999954223633,12.035866737365723,60.41351318359375,-0.13022714709564867,1.4461199294399028,1.0,73.65592735290528,False,-1.0,0.0,-0.0007847577062158884,0.0007847577062158884,3.633011898502568,6.89459504100711,689459.5041007111,363301.18985025684
2022-10-20,141.02500915527344,57.77000045776367,12.178689956665039,60.33759689331055,-0.11849133151183325,1.4422931734364823,1.0,73.18918243408203,False,-1.0,0.0,-0.001256611083889414,0.001256611083889414,3.6284466154830075,6.903258865554569,690325.8865554569,362844.66154830076
2022-10-21,144.8409881591797,58.81999969482422,12.450345993041992,60.49892807006836,-0.10915800479493629,1.4351885919233918,1.0,72.70962181091309,False,-1.0,0.0,0.002673808455498916,-0.002673808455498916,3.6381483867238122,6.884800873629351,688480.0873629352,363814.83867238124
2022-10-24,146.98504638671875,58.70000076293945,12.58318042755127,58.16437911987305,-0.08018876985621219,1.4728184765844379,1.0,72.15807983398437,False,-1.0,0.0,-0.03858826965481932,0.03858826965481932,3.4977585357326677,7.150473426260696,715047.3426260696,349775.85357326677
2022-10-25,149.82737731933594,61.470001220703125,13.244351387023926,58.02202606201172,-0.07079362760542747,1.4648033004207273,1.0,71.59029067993164,False,-1.0,0.0,-0.0024474267587031306,0.0024474267587031306,3.4891980278968333,7.167973686261522,716797.3686261522,348919.80278968334
2022-10-26,146.88668823242188,59.72999954223633,12.87980842590332,57.737327575683594,-0.04877029376582227,1.457979314927098,1.0,71.0473828125,False,-1.0,0.0,-0.004906731213140558,0.004906731213140558,3.4720774710245235,7.203145006482872,720314.5006482872,347207.7471024523
2022-10-27,142.41172790527344,58.599998474121094,13.159456253051758,57.84172439575195,-0.07174281055507008,1.410879215862395,1.0,70.52071784973144,False,-1.0,0.0,0.0018081339135676,-0.0018081339135676,3.4783554520504167,7.1901207557123055,719012.0755712305,347835.54520504165
2022-10-28,153.1713104248047,62.0099983215332,13.816631317138672,58.847660064697266,-0.0583048662483185,1.4208292006745877,1.0,70.01285034179688,False,-1.0,0.0,0.01739117703446591,-0.01739117703446591,3.538848147505825,7.065076092750525,706507.6092750524,353884.8147505825
2022-10-31,150.8108673095703,60.060001373291016,13.480053901672363,58.41112518310547,0.017962711044052025,1.401286675430034,1.0,69.53531997680665,False,-1.0,0.0,-0.007418049946452787,0.007418049946452787,3.512596795194715,7.117485180082037,711748.5180082037,351259.6795194715
2022-11-01,148.1652374267578,59.65999984741211,13.525996208190918,58.43959426879883,-0.025220489544025178,1.247583997507439,1.0,69.0953507232666,False,-1.0,0.0,0.0004873914961254222,-0.0004873914961254222,3.51430880500201,7.114016178331466,711401.6178331466,351430.880500201
2022-11-02,142.63792419433594,58.630001068115234,13.202402114868164,57.43365478515625,-0.053868089192824,1.1984664451140745,1.0,68.62035285949707,False,-1.0,0.0,-0.017213320801230392,0.017213320801230392,3.453815880146922,7.236472020994229,723647.2020994228,345381.5880146922
2022-11-03,136.58937072753906,60.11000061035156,13.404147148132324,57.20587921142578,-0.08075045748774524,1.193873845780548,1.0,68.14966987609863,False,-1.0,0.0,-0.0039658902882380165,0.0039658902882380165,3.440118425290485,7.265171075103396,726517.1075103396,344011.8425290485
2022-11-04,136.32339477539062,62.189998626708984,14.138225555419922,59.293697357177734,-0.10106850450000669,1.1427281160228449,1.0,67.6828077697754,False,-1.0,0.0,0.036496565991681384,-0.036496565991681384,3.565670934418298,7.00001727952003,700001.727952003,356567.09344182984
2022-11-07,136.85536193847656,63.08000183105469,14.283042907714844,59.55941390991211,-0.03306028414576701,1.102174302495777,1.0,67.27467124938966,False,-1.0,0.0,0.004481362515373899,-0.004481362515373899,3.5816499984859584,6.968647664476619,696864.7664476619,358164.9998485958
2022-11-08,137.42674255371094,63.849998474121094,14.58366584777832,61.70415496826172,-0.02456024447596091,0.9913751410789045,1.0,66.94510032653808,False,-1.0,0.0,0.03601011020010514,-0.03601011020010514,3.7106256096296444,6.717705894133111,671770.5894133111,371062.56096296443
2022-11-09,132.8655548095703,59.91999816894531,13.758702278137207,61.685184478759766,-0.010421646845885799,0.9855830956042351,1.0,66.61628234863281,False,-1.0,0.0,-0.00030744265944016025,0.00030744265944016025,3.709484805024033,6.7197712034985395,671977.120349854,370948.4805024033
2022-11-10,144.6871795654297,68.47000122070312,15.730223655700684,67.22736358642578,-0.051134192682591846,1.2911260654077572,1.0,66.38773895263672,True,-1.0,0.0,0.08984619490883383,-0.08984619490883383,4.04276789982758,6.116025330206241,611602.5330206241,404276.789982758
2022-11-11,147.4751434326172,72.37000274658203,16.306503295898438,70.06488037109375,0.03205094700258695,1.2500387131363087,1.0,66.24821914672852,True,1.0,2.0,0.04220776531003079,-0.04220776531003079,4.2134040985464285,5.8578815684386925,585788.1568438692,421340.4098546429
2022-11-14,146.07623291015625,73.52999877929688,16.2745418548584,69.08740997314453,0.09979926494852782,1.2588531021764051,1.0,66.10311614990235,True,1.0,0.0,-0.013950932232697943,-0.015950932232697945,4.154623183498636,5.764442896513357,576444.2896513357,415462.3183498636
2022-11-15,147.81007385253906,76.37000274658203,16.64507293701172,76.35675048828125,0.07275977771477274,1.5681648300245292,0.5,66.11981964111328,True,0.5,0.5,0.10521946788803405,0.10521946788803405,4.591770424141652,6.37097451075545,637097.4510755449,459177.0424141652
2022-11-16,146.57867431640625,72.69999694824219,15.890024185180664,75.39826202392578,0.09731871186023264,1.565683801410862,0.5,66.11886337280274,True,0.5,0.0,-0.012552766562565654,-0.006776383281282827,4.534131001898508,6.327802345595288,632780.2345595288,453413.10018985084
2022-11-17,148.47996520996094,73.9000015258789,15.657317161560059,77.32475280761719,0.06809249395547978,1.5460728908544177,0.5,66.15096389770508,True,0.5,0.0,0.025550864595262013,0.012775432297631006,4.6499819691851965,6.408642756054231,640864.2756054231,464998.1969185196
2022-11-18,149.0415496826172,73.56999969482422,15.389652252197266,78.07445526123047,0.07136632655054426,1.5248751505425175,0.5,66.17371200561523,True,0.5,0.0,0.00969550404485009,0.004847752022425045,4.695065888175911,6.439710266935893,643971.0266935893,469506.5888175911
2022-11-21,145.81027221679688,72.45999908447266,15.297768592834473,75.85379028320312,0.04215248538579256,1.4781983192143708,1.0,66.14034469604492,True,1.0,0.5,-0.028442913506052547,-0.014221456753026274,4.561524535213306,6.348128205872644,634812.8205872644,456152.4535213306
2022-11-22,147.947998046875,75.25,16.01786231994629,78.33069610595703,0.03238529938981045,1.4640946478868957,1.0,66.21955276489258,True,1.0,0.0,0.032653685643212915,0.032153685643212915,4.710475123439965,6.552243924627087,655224.3924627086,471047.51234399644
2022-11-23,148.82481384277344,76.4000015258789,16.498260498046875,77.78976440429688,0.04103689818744799,1.4522477119595592,1.0,66.27189987182618,True,1.0,0.0,-0.00690574357884477,-0.00690574357884477,4.677945790102961,6.506995808217568,650699.5808217569,467794.5790102961
2022-11-25,145.90878295898438,75.13999938964844,16.249570846557617,77.24882507324219,0.07951413319103255,1.4476871497202457,1.0,66.33681167602539,True,1.0,0.0,-0.006953862570443836,-0.006953862570443836,4.645415997966599,6.461747053620769,646174.7053620769,464541.5997966599
2022-11-28,142.0766143798828,73.19000244140625,15.80712890625,75.18000030517578,0.07632145532718049,1.4827894212684074,1.0,66.36205505371093,True,1.0,0.0,-0.02678131047436494,-0.02678131047436494,4.521005669842474,6.288692999570938,628869.2999570938,452100.56698424736
2022-11-29,139.07192993164062,73.38999938964844,15.619363784790039,75.28440856933594,0.008218229047092846,1.4577264870484161,1.0,66.38293350219726,True,1.0,0.0,0.001388777118067841,0.001388777118067841,4.527284339067406,6.297426592511296,629742.6592511296,452728.4339067406
2022-11-30,145.8299560546875,77.62999725341797,16.906076431274414,78.74825286865234,0.015078067362661752,1.4644869327960197,1.0,66.47460693359375,True,1.0,0.0,0.04601011504428909,0.04601011504428909,4.7355852123461055,6.5871719145157055,658717.1914515706,473558.5212346105
2022-12-01,146.10580444335938,77.4800033569336,17.117860794067383,78.46354675292969,0.08669916177778773,1.426226929163555,1.0,66.57975631713867,True,1.0,0.0,-0.0036153959656416434,-0.0036153959656416434,4.718464196674438,6.563356679750977,656335.6679750977,471846.4196674438
2022-12-02,145.6132354736328,74.9800033569336,16.859121322631836,77.34371948242188,0.11074423662410231,1.421392947003792,1.0,66.69116928100586,True,1.0,0.0,-0.014271943046800906,-0.014271943046800906,4.651122544391131,6.469684827021731,646968.4827021731,465112.25443911314
2022-12-05,144.45077514648438,73.62000274658203,16.59339141845703,77.45761108398438,0.10507117719159034,1.3943343064782532,1.0,66.83826461791992,True,1.0,0.0,0.0014725384598084368,0.0014725384598084368,4.65797150121903,6.479211686752359,647921.1686752359,465797.150121903
2022-12-06,140.78607177734375,70.2699966430664,15.9710111618042,75.50264739990234,0.06932172315588657,1.4137840507409327,1.0,66.96258377075195,True,1.0,0.0,-0.025239142502888945,-0.025239142502888945,4.540408294725367,6.315681939684033,631568.1939684034,454040.8294725367
2022-12-07,138.8453369140625,70.13999938964844,16.103878021240234,75.19898223876953,0.023011379627122696,1.3862399439884876,1.0,67.08045013427734,True,1.0,0.0,-0.004021914086329126,-0.004021914086329126,4.5221471626471255,6.290280809526044,629028.0809526044,452214.71626471257
2022-12-08,140.5299072265625,70.47000122070312,17.151832580566406,76.67942810058594,0.03204114102416747,1.3677229917101592,1.0,67.24500747680663,True,1.0,0.0,0.019687046522993246,0.019687046522993246,4.611174884221981,6.414117860465875,641411.7860465875,461117.4884221981
2022-12-09,140.0472412109375,68.58999633789062,16.983999252319336,76.57502746582031,0.09135280914967026,1.1730057070557907,1.0,67.46157012939453,True,1.0,0.0,-0.0013615207801064289,-0.0013615207801064289,4.604896673796408,6.405384905712799,640538.4905712799,460489.6673796408
2022-12-12,142.34255981445312,70.66999816894531,17.517465591430664,76.32828521728516,0.006429741459378954,1.1246964130181583,1.0,67.68686325073242,True,1.0,0.0,-0.0032222286651518717,-0.0032222286651518717,4.5900586437340385,6.38474529085828,638474.529085828,459005.86437340383
2022-12-13,143.3080291748047,71.6500015258789,18.05392837524414,76.40420532226562,0.008118299781380327,1.104452248883795,1.0,67.90057861328125,True,1.0,0.0,0.0009946523069965796,0.0009946523069965796,4.594624156153278,6.391095892491418,639109.5892491417,459462.41561532783
2022-12-14,141.08160400390625,68.93000030517578,17.656326293945312,75.93920135498047,0.019264351734417443,0.6991006669669922,1.0,68.03742507934571,True,1.0,0.0,-0.006086104361976097,-0.006086104361976097,4.566660794034873,6.352199015902318,635219.9015902318,456666.0794034873
2022-12-15,134.4713134765625,66.52999877929688,16.93504524230957,74.06957244873047,-0.015652901081140286,0.7189175001835968,1.0,68.1051821899414,True,1.0,0.0,-0.02462007596722482,-0.02462007596722482,4.454229258369187,6.195807393571872,619580.7393571872,445422.9258369187
2022-12-16,132.5109100341797,65.41000366210938,16.554424285888672,72.81934356689453,-0.03801029668947618,0.6923249404908431,1.0,68.15040191650391,True,1.0,0.0,-0.01687911568142675,-0.01687911568142675,4.379045807445578,6.091227643835934,609122.7643835933,437904.5807445578
2022-12-19,130.4027099609375,64.58999633789062,16.237743377685547,72.62846374511719,-0.048948621990978936,0.6825399667714515,1.0,68.27911224365235,True,1.0,0.0,-0.0026212790781613426,-0.0026212790781613426,4.36756710628821,6.075260836252829,607526.0836252829,436756.71062882105
2022-12-20,130.33377075195312,65.05000305175781,16.068910598754883,72.17035675048828,-0.058329849856736754,0.6479225496890153,1.0,68.44250442504882,True,1.0,0.0,-0.006307540749265872,-0.006307540749265872,4.340018498790144,6.036940880965745,603694.0880965745,434001.8498790144
2022-12-21,133.43692016601562,67.68000030517578,16.4844970703125,73.62100219726562,-0.04640505295674793,0.6070756585445936,1.0,68.71063995361328,True,1.0,0.0,0.020100294803760077,0.020100294803760077,4.427254150069598,6.1582851723860275,615828.5172386027,442725.4150069598
2022-12-22,130.26480102539062,63.86000061035156,15.323659896850586,71.84585571289062,-0.04146894832789669,0.628604287981162,1.0,68.93074577331544,True,1.0,0.0,-0.024111957612564683,-0.024111957612564683,4.320504385663069,6.00979686134337,600979.686134337,432050.4385663069
2022-12-23,129.9003143310547,64.5199966430664,15.19079303741455,71.47364044189453,-0.09234336782030358,0.6272903612603837,1.0,69.09576736450195,True,1.0,0.0,-0.005180747968032251,-0.005180747968032251,4.298120941346171,5.9786616184656785,597866.1618465679,429812.0941346171
2022-12-27,128.0974884033203,63.27000045776367,14.106879234313965,70.92964172363281,-0.06798670532618305,0.5971494178205823,1.0,69.30115509033203,True,1.0,0.0,-0.007611179658659872,-0.007611179658659872,4.265407170666936,5.933156950769202,593315.6950769202,426540.71706669364
2022-12-28,124.16679382324219,62.56999969482422,14.021963119506836,69.72713470458984,-0.07347013033594571,0.6059784437881695,1.0,69.46408195495606,True,1.0,0.0,-0.0169535188649107,-0.0169535188649107,4.193093509732509,5.83256906247586,583256.906247586,419309.35097325087
2022-12-29,127.68372344970703,64.81999969482422,14.588396072387695,72.53301239013672,-0.09322447684575907,0.5765012020956993,1.0,69.70552299499512,True,1.0,0.0,0.040240828730944145,0.040240828730944145,4.361827067510488,6.067276475180355,606727.6475180355,436182.7067510488
2022-12-30,127.99896240234375,64.7699966430664,14.599384307861328,71.09188842773438,-0.10835944062532885,0.5920358193948703,1.0,69.91909049987792,True,1.0,0.0,-0.0198685248952698,-0.0198685248952698,4.275163997830794,5.946728641486749,594672.8641486749,427516.3997830794
2023-01-03,123.2112045288086,64.0199966430664,14.30068302154541,70.65288543701172,-0.10992382086105905,0.5884517088073863,1.0,70.12539627075195,True,1.0,0.0,-0.006175148816997655,-0.006175148816997655,4.248764223927118,5.9100067071512665,591000.6707151267,424876.4223927118
2023-01-04,124.48204040527344,64.66000366210938,14.73425006866455,72.83842468261719,-0.12668327641842755,0.6554310459679444,1.0,70.37218620300293,True,1.0,0.0,0.03093347472063135,0.03093347472063135,4.380193264641891,6.092823750225692,609282.3750225692,438019.3264641891
2023-01-05,123.16194152832031,62.33000183105469,14.250733375549316,72.27533721923828,-0.08459483111131583,0.6318655714686282,1.0,70.65440536499024,True,1.0,0.0,-0.007730637583562183,-0.007730637583562183,4.346331577966985,6.045722337952177,604572.2337952177,434633.15779669845
2023-01-06,127.6935806274414,63.959999084472656,14.844139099121094,74.50857543945312,-0.08103445412496216,0.6888337762671677,1.0,70.98413635253907,True,1.0,0.0,0.030899035634252225,0.030899035634252225,4.480629032272862,6.232529327907356,623252.9327907356,448062.90322728624
2023-01-09,128.21568298339844,67.23999786376953,15.612370491027832,76.64640045166016,-0.041486813708088315,0.7136912901029185,1.0,71.3623178100586,True,1.0,0.0,0.028692335071474506,0.028692335071474506,4.609188741797811,6.411355147726465,641135.5147726465,460918.8741797811
2023-01-10,128.78707885742188,68.05000305175781,15.89309024810791,77.56260681152344,-0.03082056738879767,0.7238854659557987,1.0,71.75673545837402,True,1.0,0.0,0.0119536775956115,0.0119536775956115,4.664285497994585,6.487994420113352,648799.4420113352,466428.5497994585
2023-01-11,131.50608825683594,69.05999755859375,15.984997749328613,78.04934692382812,-0.025657354243065943,0.7286352305502386,1.0,72.14076919555664,True,1.0,0.0,0.006275448083990609,0.006275448083990609,4.69355597948616,6.528709492265993,652870.9492265993,469355.59794861596
2023-01-12,131.42726135253906,70.80000305175781,16.494487762451172,83.03120422363281,-0.009807534405027567,0.8974200918120097,1.0,72.6331707763672,True,1.0,0.0,0.06382958341300027,0.06382958341300027,4.9931437023823575,6.945434299381832,694543.4299381832,499314.37023823574
2023-01-13,132.75717163085938,71.0,16.882099151611328,82.84033966064453,-0.019003598783502933,0.8978531051265003,1.0,73.12118568420411,True,1.0,0.0,-0.0022987088381160037,-0.0022987088381160037,4.981665918823708,6.9294687681732885,692946.8768173289,498166.5918823708
2023-01-17,133.91964721679688,71.58999633789062,17.68429946899414,84.93042755126953,0.005289552168668481,0.8782789324870589,1.0,73.67112113952636,True,1.0,0.0,0.025230315317236185,0.025230315317236185,5.107354920760759,7.104301450175241,710430.145017524,510735.4920760759
2023-01-18,133.20053100585938,70.52999877929688,17.3596248626709,85.38853454589844,0.05493771975908193,0.8564081856102426,1.0,74.23477424621582,True,1.0,0.0,0.005393908965692695,0.005393908965692695,5.134903528258826,7.142621405462324,714262.1405462325,513490.35282588255
2023-01-19,133.25961303710938,67.70999908447266,16.748233795166016,84.36734771728516,0.05446436888229541,0.8723002281551104,1.0,74.73624725341797,True,1.0,0.0,-0.011959296807750763,-0.011959296807750763,5.0734936928852115,7.057200676089006,705720.0676089006,507349.3692885211
2023-01-20,135.82095336914062,70.06999969482422,17.82115936279297,86.87736511230469,0.0403024048374383,0.8856725830912882,1.0,75.28260627746582,True,1.0,0.0,0.029751052545003542,0.029751052545003542,5.2244354703289835,7.267159824223965,726715.9824223965,522443.54703289835
2023-01-23,139.01284790039062,76.52999877929688,19.173805236816406,91.2961654663086,0.07349242813858015,0.9528861516549164,1.0,75.87444648742675,True,1.0,0.0,0.050862504270149156,0.050862504270149156,5.49016334174771,7.636785771815413,763678.5771815414,549016.334174771
2023-01-24,140.41171264648438,74.69999694824219,19.2457332611084,90.24633026123047,0.09543317928939583,0.9264154456278718,1.0,76.44566940307617,True,1.0,0.0,-0.011499225621535603,-0.011499225621535603,5.4270307147818695,7.548968649201974,754896.8649201974,542703.071478187
2023-01-25,139.7516632080078,74.91000366210938,19.303678512573242,88.1944351196289,0.13911766991995636,0.9652319327911879,1.0,76.86501083374023,True,1.0,0.0,-0.022736604753479384,-0.022736604753479384,5.303638462434882,7.3773307327286615,737733.0732728662,530363.8462434881
2023-01-26,141.8204803466797,75.16000366210938,19.78219985961914,89.18695831298828,0.1435767434550188,0.9538272488965238,1.0,77.24745239257813,True,1.0,0.0,0.011253807476776734,0.011253807476776734,5.3633245886175525,7.4603537924872985,746035.3792487298,536332.4588617552
2023-01-27,143.76116943359375,75.4000015258789,20.344635009765625,89.0438232421875,0.1659941816876877,0.9298414400548803,1.0,77.64658065795898,True,1.0,0.0,-0.0016048879063513821,-0.0016048879063513821,5.354717053847443,7.448380760908633,744838.0760908633,535471.7053847443
2023-01-30,140.87469482421875,72.44999694824219,19.142839431762695,88.88158416748047,0.2093937516343945,0.9039767640129672,1.0,77.89707733154297,True,1.0,0.0,-0.0018220137994946484,-0.0018220137994946484,5.344960685482944,7.434809708378367,743480.9708378367,534496.0685482944
2023-01-31,142.14556884765625,75.1500015258789,19.5174617767334,88.49983215332031,0.14316345644446368,0.8739791927910954,1.0,78.15910873413085,True,1.0,0.0,-0.004295063119496345,-0.004295063119496345,5.322003741967568,7.402876731399438,740287.6731399437,532200.3741967567
2023-02-01,143.2686309814453,84.63999938964844,20.92205810546875,90.41812133789062,0.17205588148723816,0.8651849571101069,1.0,78.42097610473633,True,1.0,0.0,0.02167562511584209,0.02167562511584209,5.437361499943566,7.563338712208043,756333.8712208043,543736.1499943566
2023-02-02,148.57852172851562,88.30999755859375,21.68729019165039,92.24099731445312,0.25774122565198615,0.853481747368139,1.0,78.70430694580078,True,1.0,0.0,0.020160515940720103,0.020160515940720103,5.546981513138636,7.715819522880579,771581.9522880579,554698.1513138636
2023-02-03,152.20384216308594,86.08999633789062,21.078899383544922,90.34176635742188,0.28305949457641033,0.8846968784435748,1.0,78.99406646728515,True,1.0,0.0,-0.0205898788209834,-0.0205898788209834,5.432769835960877,7.55695173389989,755695.173389989,543276.9835960877
2023-02-06,149.47499084472656,83.68000030517578,21.067909240722656,87.64088439941406,0.29963021481365354,0.9334727647661192,1.0,79.1802702331543,True,1.0,0.0,-0.02989627131400363,-0.02989627131400363,5.270350274958456,7.3310270545563885,733102.7054556388,527035.0274958456
2023-02-07,152.35157775878906,85.91000366210938,22.15082550048828,90.2367935180664,0.2443354316336172,0.9334147771704061,1.0,79.42921081542968,True,1.0,0.0,0.029619841657710477,0.029619841657710477,5.426457215583396,7.54817091510074,754817.091510074,542645.7215583395
2023-02-08,149.6621551513672,84.69000244140625,22.18279457092285,89.97911071777344,0.2762509695390169,0.9402037052021041,1.0,79.6838165283203,True,1.0,0.0,-0.0028556289540737634,-0.0028556289540737634,5.410961267240533,7.526616139685281,752661.6139685281,541096.1267240533
2023-02-09,148.6277618408203,83.20999908447266,22.31466293334961,92.2791748046875,0.21272539073836597,0.9544569432020067,1.0,80.02580001831055,True,1.0,0.0,0.025562200699320137,0.025562200699320137,5.549277345129983,7.719013012034658,771901.3012034658,554927.7345129984
2023-02-10,148.99281311035156,81.4800033569336,21.243730545043945,91.0193862915039,0.1822637590540331,0.83024881575006,1.0,80.34049957275391,True,1.0,0.0,-0.013651926513755575,-0.013651926513755575,5.47351901860982,7.6136336136356375,761363.3613635638,547351.901860982
2023-02-13,151.79489135742188,83.12999725341797,21.766210556030273,91.72561645507812,0.15341614019256244,0.8353815272752557,1.0,80.60004684448242,True,1.0,0.0,0.00775911805549212,0.00775911805549212,5.515988698854195,7.6727086956751,767270.86956751,551598.8698854195
2023-02-14,151.15357971191406,85.94999694824219,22.948030471801758,93.49122619628906,0.1604404586918818,0.8330662500897911,1.0,80.90060043334961,True,1.0,0.0,0.019248818481101493,0.019248818481101493,5.622164964062247,7.820399272616519,782039.9272616518,562216.4964062247
2023-02-15,153.25511169433594,85.18000030517578,22.74123191833496,88.5284652709961,0.17584805138753568,0.9878276942038686,1.0,81.1242953491211,True,1.0,0.0,-0.053082638095615864,-0.053082638095615864,5.323725615961079,7.405271848264999,740527.1848264999,532372.5615961079
2023-02-16,151.65676879882812,80.08000183105469,21.979995727539062,86.67695617675781,0.18666653354189214,1.0086064744755112,1.0,81.30868225097656,True,1.0,0.0,-0.020914279814640335,-0.020914279814640335,5.212383728772501,7.2503959207269055,725039.5920726906,521238.3728772501
2023-02-17,150.51226806640625,78.5,21.36661148071289,85.98979187011719,0.17085553076797552,0.9819685899011011,1.0,81.51842514038086,True,1.0,0.0,-0.007927877684575257,-0.007927877684575257,5.171060588125722,7.192915668702639,719291.5668702639,517106.0588125722
2023-02-21,146.4966583251953,76.7699966430664,20.634342193603516,83.64201354980469,0.1314956027086146,0.8872659011834532,1.0,81.68728576660156,True,1.0,0.0,-0.027302988753114876,-0.027302988753114876,5.02987517904645,6.996527573097947,699652.7573097948,502987.517904645
2023-02-22,146.9208984375,76.61000061035156,20.733247756958008,82.86896514892578,0.05497461189367434,0.8936673436014715,1.0,81.81107650756836,True,1.0,0.0,-0.009242345659440598,-0.009242345659440598,4.983387334017862,6.931863246851569,693186.3246851569,498338.7334017862
2023-02-23,147.4043426513672,79.75,23.640336990356445,85.97071838378906,0.051385486222877,0.9595240579406469,1.0,81.99899032592774,True,1.0,0.0,0.03742961227148234,0.03742961227148234,5.1699135897287665,7.191320200500162,719132.0200500162,516991.3589728766
2023-02-24,144.75027465820312,78.08999633789062,23.262710571289062,84.090576171875,0.10630547697046273,0.9789971607866437,1.0,82.15423614501952,True,1.0,0.0,-0.021869564978168055,-0.021869564978168055,5.056849828546679,7.034049156096511,703404.9156096511,505684.9828546679
2023-02-27,145.944091796875,78.7699966430664,23.477497100830078,83.31753540039062,0.0840987734865041,0.9894028604944863,1.0,82.29250274658203,True,1.0,0.0,-0.009192953677762183,-0.009192953677762183,5.01036244231745,6.969385468037414,696938.5468037414,501036.244231745
2023-02-28,145.44090270996094,78.58000183105469,23.192781448364258,83.09801483154297,0.08683879842034611,0.9984811929392117,1.0,82.43567901611328,True,1.0,0.0,-0.0026347463087179612,-0.0026347463087179612,4.997161408367215,6.95102290540147,695102.290540147,499716.14083672146
2023-03-01,143.3689422607422,78.29000091552734,22.67530059814453,84.38643646240234,0.08685893674049085,1.0229276852752496,1.0,82.64201629638671,True,1.0,0.0,0.015504842485964065,0.015504842485964065,5.074641608880887,7.058797420666048,705879.7420666048,507464.1608880887
2023-03-02,143.96099853515625,80.44000244140625,23.290679931640625,84.96859741210938,0.057042763447111566,1.0082162594925363,1.0,82.88500137329102,True,1.0,0.0,0.006898750250775354,0.006898750250775354,5.109650293952749,7.10749430114204,710749.4301142041,510965.0293952749
2023-03-03,149.01258850097656,81.5199966430664,23.866107940673828,85.69393157958984,0.04412380159927686,0.997378612008154,1.0,83.14631072998047,True,1.0,0.0,0.008536496889109513,0.008536496889109513,5.153268807791513,7.1681674041331025,716816.7404133102,515326.88077915134
2023-03-06,151.77517700195312,81.16000366210938,23.53044891357422,85.49351501464844,0.05098980447982009,0.9920068381399092,1.0,83.41277389526367,True,1.0,0.0,-0.0023387486283701353,-0.0023387486283701353,5.141216607435668,7.151402862448759,715140.2862448759,514121.6607435668
2023-03-07,149.57496643066406,82.11000061035156,23.268661499023438,84.79683685302734,0.06716159610535771,0.9630328861933516,1.0,83.63629058837891,True,1.0,0.0,-0.008148900668100145,-0.008148900668100145,5.099321343988488,7.093126790885097,709312.6790885096,509932.1343988488
2023-03-08,150.82798767089844,85.37000274658203,24.160917282104492,86.6865005493164,0.0703863898056741,0.9515428412061131,1.0,83.93310348510742,True,1.0,0.0,0.022284601247146707,0.022284601247146707,5.212957686770336,7.251194293015424,725119.4293015425,521295.7686770336
2023-03-09,148.57843017578125,84.02999877929688,23.416540145874023,84.82544708251953,0.06450587770239692,0.9802427578437435,1.0,84.20013961791992,True,1.0,0.0,-0.021468780663698728,-0.021468780663698728,5.101041841583921,7.095519993188812,709551.9993188812,510104.18415839213
2023-03-10,146.516357421875,82.66999816894531,22.9459285736084,83.26980590820312,0.05599989380629045,0.949804930463592,1.0,84.44694290161132,False,1.0,0.0,-0.01833932184056808,-0.01833932184056808,5.007492193528909,6.965392968407538,696539.2968407538,500749.2193528909
2023-03-13,148.46006774902344,82.01000213623047,22.946928024291992,83.7374496459961,0.03527835876663003,0.9580271841209783,1.0,84.72714920043946,False,1.0,0.0,0.005616006098398962,0.005616006098398962,5.035614300225453,7.004510657795859,700451.065779586,503561.43002254533
2023-03-14,150.55172729492188,87.44999694824219,24.043018341064453,85.21675872802734,0.04687115064864909,0.9760370081150589,1.0,84.98082412719727,True,1.0,0.0,0.0176660393681094,0.0176660393681094,5.124573660695851,7.128252618830823,712825.2618830823,512457.3660695851
2023-03-15,150.94635009765625,89.68000030517578,24.2078800201416,82.74490356445312,0.07412764871384514,0.9763550658042356,1.0,85.21388442993164,False,1.0,0.0,-0.029006678973360622,-0.029006678973360622,4.975926797644707,6.92148568347538,692148.568347538,497592.6797644707
2023-03-16,153.76815795898438,96.5999984741211,25.51978874206543,85.6699447631836,0.0862089588699348,0.9204851484531266,1.0,85.51422561645508,True,1.0,0.0,0.035350107048611745,0.035350107048611745,5.151826342607503,7.166160943321668,716616.0943321668,515182.6342607503
2023-03-17,152.92955017089844,97.83999633789062,25.703638076782227,85.83304595947266,0.13337788178343696,0.8955140929342066,1.0,85.77411804199218,True,1.0,0.0,0.001903832163542507,0.001903832163542507,5.161634555299544,7.179804111014686,717980.4111014686,516163.45552995446
2023-03-20,155.29747009277344,96.80999755859375,25.878494262695312,86.37987518310547,0.16225434529693997,0.8931647123159815,1.0,86.05620880126953,True,1.0,0.0,0.006370847236284893,0.006370847236284893,5.194518540540887,7.225545546192411,722554.554619241,519451.8540540887
2023-03-21,157.15235900878906,95.93000030517578,26.17724609375,88.73987579345703,0.18382196369258635,0.8794316708266039,1.0,86.34083480834961,True,1.0,0.0,0.02732118569688713,0.02732118569688713,5.336438946192928,7.4229560178212495,742295.601782125,533643.8946192928
2023-03-22,155.72174072265625,97.58000183105469,26.446020126342773,88.8550033569336,0.20397421339222582,0.8685362917226646,1.0,86.58500686645507,True,1.0,0.0,0.0012973599799093183,0.0012973599799093183,5.3433622285169475,7.432586263891398,743258.6263891398,534336.2228516948
2023-03-23,156.8070068359375,100.27999877929688,27.168418884277344,90.74491882324219,0.2225014461068533,0.8116558504526304,1.0,86.84865310668945,True,1.0,0.0,0.021269657249538776,0.021269657249538776,5.457013711677635,7.590674826201998,759067.4826201998,545701.3711677635
2023-03-24,158.10940551757812,97.94999694824219,26.756763458251953,89.0180892944336,0.20863746122694923,0.8019523038880976,1.0,87.06802795410157,True,1.0,0.0,-0.0190294900386897,-0.0190294900386897,5.353169523610272,7.446228155209854,744622.8155209854,535316.9523610272
2023-03-27,156.1656951904297,96.61000061035156,26.50896644592285,86.97467803955078,0.23185173834784897,0.8368139135515311,1.0,87.14689743041993,False,1.0,0.0,-0.02295501140362699,-0.02295501140362699,5.23028745615025,7.275299902993003,727529.9902993003,523028.745615025
2023-03-28,155.54412841796875,94.55999755859375,26.388071060180664,87.11858367919922,0.21905211032498112,0.8338750760035246,1.0,87.23246231079102,False,1.0,0.0,0.001654569386080329,0.001654569386080329,5.238941329655596,7.287337391487049,728733.7391487049,523894.1329655596
2023-03-29,158.62245178222656,96.08999633789062,26.961593627929688,88.98931884765625,0.19970578155851154,0.8453415542917774,1.0,87.31364013671875,True,1.0,0.0,0.02147343413370595,0.02147343413370595,5.351439391228305,7.443821550973238,744382.1550973238,535143.9391228305
2023-03-30,160.1912078857422,97.87999725341797,27.360260009765625,88.71110534667969,0.23399201864334768,0.8449452734752464,1.0,87.38009155273437,True,1.0,0.0,-0.003126369597826084,-0.003126369597826084,5.33470881381096,7.420549413584633,742054.9413584633,533470.881381096
2023-03-31,162.697265625,98.01000213623047,27.753934860229492,89.23873138427734,0.250494545252137,0.8431163800044497,1.0,87.47751922607422,True,1.0,0.0,0.005947688686052555,0.005947688686052555,5.366438001066248,7.464684531376104,746468.4531376105,536643.8001066248
2023-04-03,163.95033264160156,96.55999755859375,27.941776275634766,89.0660629272461,0.2365275263017299,0.8423015821041367,1.0,87.52129318237304,True,1.0,0.0,-0.0019349048821380999,-0.0019349048821380999,5.3560544539782935,7.450241076832723,745024.1076832723,535605.4453978294
2023-04-04,163.41754150390625,95.87000274658203,27.430204391479492,88.42329406738281,0.245963323664095,0.8414677038705074,1.0,87.46383575439454,True,1.0,0.0,-0.007216765159905325,-0.007216765159905325,5.317401066800267,7.396474436596542,739647.4436596541,531740.1066800267
2023-04-05,161.572509765625,92.55999755859375,26.85867691040039,86.53335571289062,0.22668858171325737,0.8462929672261696,1.0,87.38957626342773,False,1.0,0.0,-0.021373761002976943,-0.021373761002976943,5.203748207241503,7.238383959724098,723838.3959724099,520374.8207241503
2023-04-06,162.4604949951172,92.47000122070312,27.01454734802246,86.57173156738281,0.17627890298382803,0.8145908193292655,1.0,87.35712219238282,False,1.0,0.0,0.00044348048421372077,0.00044348048421372077,5.206055968016177,7.241594041747481,724159.4041747481,520605.59680161765
2023-04-10,159.8656463623047,95.4800033569336,27.55609893798828,85.40133666992188,0.19208369775444764,0.8044570238593115,1.0,87.28140975952148,False,1.0,0.0,-0.013519365689826368,-0.013519365689826368,5.135673393582863,7.14369228371983,714369.2283719829,513567.3393582863
2023-04-11,158.6520538330078,94.02999877929688,27.146438598632812,85.61238861083984,0.2016226195301719,0.8074722524192697,1.0,87.21278106689454,False,1.0,0.0,0.0024712955223837874,0.0024712955223837874,5.1483651602448495,7.161346458473874,716134.6458473874,514836.51602448494
2023-04-12,157.96141052246094,92.33000183105469,26.47300148010254,83.33872985839844,0.1783487972722599,0.839620037530999,1.0,87.1019239807129,False,1.0,0.0,-0.026557590429774902,-0.026557590429774902,5.011636986936145,6.9711583523040055,697115.8352304006,501163.69869361445
2023-04-13,163.34848022460938,92.08999633789062,26.441022872924805,83.51142120361328,0.13460271646903038,0.7850689170085091,1.0,87.00215576171875,False,1.0,0.0,0.0020721619528911717,0.0020721619528911717,5.0220219104221755,6.9856037214092295,698560.3721409229,502202.19104221754
2023-04-14,163.00314331054688,91.75,26.735780715942383,83.65531921386719,0.14145300984820383,0.6894916063132055,1.0,86.86689971923828,False,1.0,0.0,0.0017230937778325295,0.0017230937778325295,5.030675325128162,6.997640571715993,699764.0571715994,503067.5325128162
2023-04-17,163.02288818359375,89.87000274658203,26.979578018188477,84.41320037841797,0.11963647534493989,0.701877314310955,1.0,86.71034378051758,False,1.0,0.0,0.009059569333699447,0.009059569333699447,5.0762510770314915,7.061036181647762,706103.6181647762,507625.10770314914
2023-04-18,164.24630737304688,89.77999877929688,27.64402198791504,84.55709838867188,0.12473058274627746,0.7028215351088601,1.0,86.59465042114257,False,1.0,0.0,0.0017046861108076516,0.0017046861108076516,5.084904491737479,7.073073031954528,707307.3031954528,508490.4491737479
2023-04-19,165.39083862304688,89.94000244140625,27.907806396484375,83.68411254882812,0.11636457366225202,0.6377839404462324,1.0,86.51551498413086,False,1.0,0.0,-0.010324217085016518,-0.010324217085016518,5.0324068339082055,7.0000490905144535,700004.9090514453,503240.6833908206
2023-04-20,164.4239044189453,90.11000061035156,27.08149528503418,85.66036224365234,0.09900450810220635,0.7041244709771253,1.0,86.42398635864258,False,1.0,0.0,0.02361559004011804,0.02361559004011804,5.15125009061287,7.165359380096744,716535.9380096744,515125.00906128704
2023-04-21,162.815673828125,88.43000030517578,27.096481323242188,81.89970397949219,0.0865012131718677,0.796894751601465,1.0,86.26239822387696,False,1.0,0.0,-0.04390196545589353,-0.04390196545589353,4.925100087080115,6.850786020112674,685078.6020112673,492510.00870801153
2023-04-24,163.12155151367188,87.56999969482422,27.01954460144043,81.19939422607422,0.06673455012154604,0.7873149506452332,1.0,86.04080261230469,False,1.0,0.0,-0.008550821546233323,-0.008550821546233323,4.882986435138155,6.79220617140326,679220.617140326,488298.6435138155
2023-04-25,161.5823974609375,83.80000305175781,26.21921157836914,78.94490051269531,0.06167456896296395,0.8087706133667524,1.0,85.79931289672851,False,1.0,0.0,-0.027764908037392177,-0.027764908037392177,4.74741076581871,6.60362119168324,660362.119168324,474741.076581871
2023-04-26,161.572509765625,85.94000244140625,26.933616638183594,78.90653991699219,0.04272717778035931,0.8117504586944185,1.0,85.5429313659668,False,1.0,0.0,-0.0004859160687263886,-0.0004859160687263886,4.7451039226427545,6.600412386034419,660041.2386034419,474510.39226427546
2023-04-27,166.16038513183594,87.44000244140625,27.203392028808594,80.26881408691406,0.07189344518702759,0.7993706404511461,1.0,85.2784831237793,False,1.0,0.0,0.01726440129493656,0.01726440129493656,4.827025300949437,6.714364554178987,671436.4554178987,482702.5300949437
2023-04-28,167.41343688964844,89.37000274658203,27.7259578704834,80.87321472167969,0.0750898596332639,0.8159163259168565,1.0,85.12537811279297,False,1.0,0.0,0.007529706793863777,0.007529706793863777,4.863371386152148,6.764921750579067,676492.1750579067,486337.13861521485
2023-05-01,167.3246307373047,89.69000244140625,28.885995864868164,80.56621551513672,0.06411427003811632,0.8105940785335779,1.0,85.00316329956054,False,1.0,0.0,-0.0037960554381261113,-0.0037960554381261113,4.844909758754119,6.739241732579283,673924.1732579283,484490.9758754119
2023-05-02,166.2886505126953,89.91000366210938,28.18657112121582,79.58767700195312,0.05332178519399095,0.8183804653329498,1.0,84.87512100219726,False,1.0,0.0,-0.012145767390547846,-0.012145767390547846,4.786064611796096,6.657388470106703,665738.8470106703,478606.4611796096
2023-05-03,165.21324157714844,81.62000274658203,27.778911590576172,79.33824920654297,0.04067631640486077,0.8241744992981459,1.0,84.78904571533204,False,1.0,0.0,-0.0031340001970912024,-0.0031340001970912024,4.771065084359436,6.636524213329276,663652.4213329275,477106.5084359436
2023-05-04,163.57537841796875,86.61000061035156,27.53911590576172,80.09613037109375,0.02633519412794813,0.8225870659708202,1.0,84.7335890197754,False,1.0,0.0,0.009552532002285119,0.009552532002285119,4.816640836262764,6.699919823261044,669991.9823261044,481664.08362627646
2023-05-05,171.25148010253906,89.83999633789062,28.656187057495117,81.5159683227539,0.03126628346446077,0.8645013209318567,1.0,84.64449401855468,False,1.0,0.0,0.017726673499479872,0.017726673499479872,4.902023855731456,6.818687114440685,681868.7114440685,490202.38557314564
2023-05-08,171.18238830566406,95.04000091552734,29.126794815063477,82.06278991699219,0.07719427037592266,0.8670564756170354,1.0,84.60393829345703,False,1.0,0.0,0.00670815308324868,0.00670815308324868,4.9349073821734395,6.864427911431129,686442.7911431129,493490.7382173439
2023-05-09,169.47552490234375,95.05999755859375,28.547273635864258,81.60231018066406,0.09326495085916092,0.8700173870246516,1.0,84.5696337890625,False,1.0,0.0,-0.005611309788442598,-0.005611309788442598,4.907216088074792,6.825909479899657,682590.9479899657,490721.6088074792
2023-05-10,171.24160766601562,97.0199966430664,28.86101531982422,81.4488296508789,0.09513633950284445,0.8199538341843647,1.0,84.53665008544922,False,1.0,0.0,-0.001880835596999142,-0.001880835596999142,4.897986421374174,6.813071066367968,681307.1066367968,489798.6421374174
2023-05-11,171.42906188964844,97.0999984741211,28.554269790649414,80.03857421875,0.11038816519050743,0.8449490751776637,1.0,84.44969284057618,False,1.0,0.0,-0.017314618738830334,-0.017314618738830334,4.813179653900113,6.69510533841325,669510.533841325,481317.96539001126
2023-05-12,170.50033569335938,95.26000213623047,28.316465377807617,80.03857421875,0.0883493347493279,0.8507175460512526,1.0,84.35109237670899,False,1.0,0.0,0.0,0.0,4.813179653900113,6.69510533841325,669510.533841325,481317.96539001126
2023-05-15,170.00633239746094,97.4000015258789,28.928955078125,82.17792510986328,0.07703589965196239,0.9171174612163534,1.0,84.28077224731446,False,1.0,0.0,0.026728998011212868,0.026728998011212868,4.941831123296819,6.874058795688558,687405.8795688559,494183.11232968187
2023-05-16,170.00633239746094,101.4800033569336,29.18874168395996,82.38896942138672,0.09618918368971138,0.9236074201390262,1.0,84.21868133544922,False,1.0,0.0,0.0025681387214546714,0.0025681387214546714,4.954522431159447,6.891712332255322,689171.2332255322,495452.2431159447
2023-05-17,170.61886596679688,103.75,30.152938842773438,87.18572998046875,0.1059362387836909,1.1646847993661014,1.0,84.26645919799805,True,1.0,0.0,0.0582209073953639,0.0582209073953639,5.242979222812234,7.292954077747046,729295.4077747046,524297.9222812233
2023-05-18,172.95057678222656,107.93000030517578,31.651691436767578,88.88377380371094,0.12799941014277216,1.1542868517757054,1.0,84.31040466308593,True,1.0,0.0,0.019476166840864728,0.019476166840864728,5.345092360898912,7.434992868128012,743499.2868128013,534509.2360898912
2023-05-19,173.0592803955078,105.81999969482422,31.238037109375,88.8166275024414,0.1669354936612133,0.9980421766604324,1.0,84.39022827148438,True,1.0,0.0,-0.0007554393608198984,-0.0007554393608198984,5.341054467742271,7.4293761818680135,742937.6181868013,534105.4467742271
2023-05-22,172.1107635498047,108.0,31.150110244750977,87.99156951904297,0.1485102043791888,1.0041793065376274,1.0,84.48466354370117,True,1.0,0.0,-0.009289454087589188,-0.009289454087589188,5.291438987484867,7.360361332927122,736036.1332927122,529143.8987484867
2023-05-23,169.50244140625,108.12000274658203,30.66251564025879,86.76361846923828,0.15730422969558888,0.952084204412113,1.0,84.54518692016602,True,1.0,0.0,-0.013955326135408175,-0.013955326135408175,5.217595230688901,7.257645090051676,725764.5090051675,521759.5230688901
2023-05-24,169.7790985107422,108.2699966430664,30.512638092041016,86.46621704101562,0.15754300402160076,0.9608060295780025,1.0,84.57017608642577,True,1.0,0.0,-0.0034277204370873893,-0.0034277204370873893,5.199710772884219,7.232767911651378,723276.7911651378,519971.0772884219
2023-05-25,170.91531372070312,120.3499984741211,37.948463439941406,96.84638214111328,0.15005362043808718,1.7158615131220047,0.5,84.85220565795899,True,0.5,0.5,0.12004879426115966,0.12004879426115966,5.823929781675733,8.101052978615932,810105.2978615932,582392.9781675732
2023-05-26,173.32603454589844,127.02999877929688,38.913658142089844,99.01451110839844,0.23997347052036982,1.709767740897705,0.5,85.11909698486328,True,0.5,0.0,0.022387299549569306,0.010693649774784653,5.954311842253765,8.187682801976228,818768.2801976228,595431.1842253765
2023-05-30,175.17361450195312,125.2699966430664,40.07769012451172,97.83451080322266,0.2542778770973729,1.709782234904943,0.5,85.35912628173828,True,0.5,0.0,-0.011917448179731394,-0.005958724089865697,5.883351639427745,8.138894659223913,813889.4659223913,588335.1639427745
2023-05-31,175.1242218017578,118.20999908447266,37.80257797241211,94.58231353759766,0.24624702306706808,1.754780864568566,0.5,85.52317504882812,True,0.5,0.0,-0.03324182069215065,-0.016620910346075324,5.687778319161017,8.003618820776802,800361.8820776802,568777.8319161017
2023-06-01,177.93014526367188,119.47000122070312,39.73697280883789,94.82215881347656,0.21651706311015512,1.732788180128472,0.5,85.64482070922851,True,0.5,0.0,0.0025358364255232413,0.0012679182127616206,5.702201594603047,8.013766754847667,801376.6754847667,570220.1594603048
2023-06-02,178.7798309326172,117.86000061035156,39.294342041015625,94.91809844970703,0.27418404365026894,1.7179289070412003,0.5,85.76608261108399,True,0.5,0.0,0.0010117849818120916,0.0005058924909060458,5.707970996539732,8.017820859272817,801782.0859272816,570797.0996539732
2023-06-05,177.42626953125,117.93000030517578,39.13846969604492,94.06427001953125,0.2554266629542415,1.709926300709419,0.5,85.83246963500977,True,0.5,0.0,-0.00899542283422572,-0.00449771141711286,5.65662538390036,7.9817590148537,798175.90148537,565662.5383900361
2023-06-06,177.06069946289062,124.2300033569336,38.62189865112305,95.7623062133789,0.22212381665308747,1.6960635037822487,0.5,85.96735397338867,True,0.5,0.0,0.018051872336808383,0.009025936168404192,5.758738063187679,8.053801862233355,805380.1862233354,575873.806318768
2023-06-07,175.68740844726562,117.83000183105469,37.447750091552734,96.21320343017578,0.2229541143157107,1.670946823314244,0.5,86.15212448120117,True,0.5,0.0,0.004708504156031745,0.0023542520780158727,5.785853105291697,8.072762542003446,807276.2542003446,578585.3105291696
2023-06-08,178.4044189453125,121.05000305175781,38.481998443603516,95.87744140625,0.20075974189246298,1.655939723044217,0.5,86.32730163574219,True,0.5,0.0,-0.0034897707586407645,-0.0017448853793203822,5.765661804311058,8.05867649667318,805867.6496673179,576566.1804311058
2023-06-09,178.78973388671875,124.91999816894531,38.741817474365234,98.6211929321289,0.20255460880270115,1.624583790610054,0.5,86.51993911743165,True,0.5,0.0,0.028617279368700954,0.014308639684350477,5.930659358910476,8.17398519499682,817398.519499682,593065.9358910476
2023-06-12,181.58580017089844,129.19000244140625,39.45328903198242,102.70800018310547,0.21249343529252646,1.6359720765489725,0.5,86.79987701416016,True,0.5,0.0,0.04143944247144837,0.020719721235724187,6.176422576231803,8.343347889622091,834334.7889622091,617642.2576231803
2023-06-13,181.11154174804688,124.52999877929688,40.9921760559082,102.4585952758789,0.2290092306457467,1.6180210413527625,0.5,87.06427429199219,True,0.5,0.0,-0.0024282909489224958,-0.0012141454744612479,6.161424425193219,8.33321785154005,833321.785154005,616142.4425193219
2023-06-14,181.7438507080078,127.33000183105469,42.96574401855469,103.04377746582031,0.22321872849705882,1.5982765315849605,0.5,87.34382858276368,True,0.5,0.0,0.005711401648302417,0.0028557008241512083,6.196614794811158,8.357015028626526,835701.5028626525,619661.4794811157
2023-06-15,183.77914428710938,124.23999786376953,42.62199401855469,101.32706451416016,0.2355501970530121,1.5177168394097988,0.5,87.60190399169922,True,0.5,0.0,-0.016660035121767502,-0.008330017560883751,6.09337897469354,8.287400946681498,828740.0946681497,609337.897469354
2023-06-16,182.7022247314453,120.08000183105469,42.66095733642578,100.73941040039062,0.2177148200987639,1.5033170387158783,0.5,87.88602508544922,True,0.5,0.0,-0.005799577009234391,-0.0028997885046171956,6.0580399540833545,8.263369236683157,826336.9236683158,605803.9954083355
2023-06-20,182.79115295410156,118.93000030517578,43.77614974975586,100.1710205078125,0.18298271969566984,1.4904088330514298,1.0,88.15801086425782,True,1.0,0.5,-0.005642180059611701,-0.0028210900298058506,6.023859401854095,8.240057528116946,824005.7528116946,602385.9401854095
2023-06-21,181.75375366210938,112.11000061035156,43.01370620727539,97.916748046875,0.18947741379499328,1.4957250692648782,1.0,88.40831909179687,True,1.0,0.0,-0.022504237747699607,-0.023004237747699607,5.888297037716055,8.050501285685423,805050.1285685423,588829.7037716055
2023-06-22,184.7572784423828,110.69999694824219,42.99372482299805,99.3521499633789,0.16914163339574922,1.4664777765827501,1.0,88.68311431884766,True,1.0,0.0,0.014659411644438514,0.014659411644438514,5.974616007876662,8.168516897976367,816851.6897976367,597461.6007876662
2023-06-23,184.4411163330078,110.01000213623047,42.178314208984375,98.17686462402344,0.19122059378682815,1.460171349944089,1.0,88.97987701416015,True,1.0,0.0,-0.01182949075373485,-0.01182949075373485,5.903939343054369,8.07188750286003,807188.750286003,590393.9343054369
2023-06-26,183.04803466796875,107.51000213623047,40.60245895385742,96.44279479980469,0.1851614124755075,0.8302029800671695,1.0,89.23850448608398,True,1.0,0.0,-0.01766271341888459,-0.01766271341888459,5.799659754395522,7.9293160671475365,792931.6067147537,579965.9754395522
2023-06-27,185.80455017089844,110.38999938964844,41.845558166503906,98.34061431884766,0.09548268789706113,0.8227832910694374,1.0,89.5322103881836,True,1.0,0.0,0.019678188743725844,0.019678188743725844,5.913786553691908,8.085350645325523,808535.0645325523,591378.6553691908
2023-06-28,186.98028564453125,110.16999816894531,41.08710861206055,97.22311401367188,0.09677886215008352,0.8221060624477347,1.0,89.78840866088868,True,1.0,0.0,-0.011363568479982544,-0.011363568479982544,5.84658483521303,7.993472209582695,799347.2209582694,584658.483521303
2023-06-29,187.3162078857422,111.23999786376953,40.792320251464844,96.953369140625,0.08232434054144255,0.7437333453232575,1.0,90.03633407592774,True,1.0,0.0,-0.0027744932445687986,-0.0027744932445687986,5.830363525083933,7.9712943749365595,797129.437493656,583036.3525083933
2023-06-30,191.64369201660156,113.91000366210938,42.271244049072266,97.22311401367188,0.09943181530405693,0.7449044492281285,1.0,90.30711410522461,True,1.0,0.0,0.002782212474283563,0.002782212474283563,5.846584835213029,7.993472209582694,799347.2209582694,584658.4835213029
2023-07-03,190.1517791748047,115.81999969482422,42.38216018676758,99.37142181396484,0.1145525030108942,0.7753145382428699,1.0,90.58133529663085,True,1.0,0.0,0.022096677545124344,0.022096677545124344,5.975774935056946,8.170101387463756,817010.1387463756,597577.4935056946
2023-07-05,189.0353546142578,113.94999694824219,42.28623962402344,97.2905502319336,0.12253286873919196,0.8039798787504954,1.0,90.8891522216797,True,1.0,0.0,-0.020940342243737753,-0.020940342243737753,5.850640162745304,7.999016668244228,799901.6668244228,585064.0162745303
2023-07-06,189.5095977783203,113.4800033569336,42.072391510009766,95.7684326171875,0.11711512977543312,0.8029024512042724,1.0,91.18053298950196,True,1.0,0.0,-0.015645071500957508,-0.015645071500957508,5.75910647907278,7.8738714805321965,787387.1480532197,575910.6479072779
2023-07-07,188.3931121826172,113.16999816894531,42.47209548950195,96.55839538574219,0.11200540567176842,0.8057963550079695,1.0,91.53280288696288,True,1.0,0.0,0.008248675967292618,0.008248675967292618,5.806611482279787,7.938820494983213,793882.0494983214,580661.1482279787
2023-07-10,186.34796142578125,113.58000183105469,42.149330139160156,96.11524200439453,0.13052797715471623,0.8066699034474508,1.0,91.87697692871093,True,1.0,0.0,-0.004589485767418799,-0.004589485767418799,5.7799621215249335,7.9023853913113955,790238.5391311395,577996.2121524933
2023-07-11,185.82432556152344,111.31999969482422,42.37417221069336,97.55065155029297,0.11213827122258885,0.7645842752335873,1.0,92.22261367797852,True,1.0,0.0,0.014934255129199991,0.014934255129199991,5.866281550484899,8.020401630874503,802040.1630874502,586628.1550484899
2023-07-12,187.49404907226562,114.58000183105469,43.870079040527344,100.09395599365234,0.09588548299879386,0.6832655612145045,1.0,92.60702850341796,True,1.0,0.0,0.026071629486227987,0.026071629486227987,6.0192250695310365,8.229506570525402,822950.6570525402,601922.5069531037
2023-07-13,188.2548065185547,115.91999816894531,45.943580627441406,101.7027816772461,0.10287622260278675,0.70513438046755,1.0,93.02975982666015,True,1.0,0.0,0.016073155143311313,0.016073155143311313,6.115973007916118,8.361780706386357,836178.0706386357,611597.3007916118
2023-07-14,188.4030303955078,115.94000244140625,45.435943603515625,101.28852081298828,0.12054596032956696,0.702733118721727,1.0,93.46377670288086,True,1.0,0.0,-0.004073250086437885,-0.004073250086437885,6.091061120332972,8.327721082401293,832772.1082401293,609106.1120332972
2023-07-17,191.6634521484375,118.31999969482422,46.42721939086914,100.95133972167969,0.10056576192101203,0.681481992305015,1.0,93.8960385131836,True,1.0,0.0,-0.0033289171231075665,-0.0033289171231075665,6.070784482671601,8.299998789093623,829999.8789093622,607078.4482671601
2023-07-18,191.40658569335938,117.93000030517578,47.45947265625,99.37142181396484,0.11880073845143123,0.6973846180461848,1.0,94.28154434204102,True,1.0,0.0,-0.015650291636254088,-0.015650291636254088,5.975774935056944,8.170101387463752,817010.1387463752,597577.4935056944
2023-07-19,192.76014709472656,116.43000030517578,47.04276657104492,99.28470611572266,0.1354732595005101,0.6958004987547829,1.0,94.63691909790039,True,1.0,0.0,-0.0008726422210656448,-0.0008726422210656448,5.9705602215450275,8.162971812042665,816297.1812042665,597056.0221545028
2023-07-20,190.8137664794922,110.25,45.48690414428711,94.27520751953125,0.13409081138153903,0.8364732384333479,1.0,94.88116744995118,False,1.0,0.0,-0.05045589388513183,-0.05045589388513183,5.669310268571962,7.751101772506918,775110.1772506918,566931.0268571962
2023-07-21,189.6380157470703,110.94999694824219,44.27678680419922,93.68755340576172,0.12042697342595515,0.817502383190538,1.0,95.12287231445312,False,1.0,0.0,-0.006233389766315711,-0.006233389766315711,5.633971247961777,7.702786134040502,770278.6134040502,563397.1247961777
2023-07-24,190.4383087158203,110.61000061035156,44.579566955566406,94.65093231201172,0.11367551030773662,0.8206370660977316,1.0,95.38691436767579,False,1.0,0.0,0.01028289106961311,0.01028289106961311,5.6919047605939,7.781993044789367,778199.3044789367,569190.47605939
2023-07-25,191.29786682128906,113.0,45.645790100097656,96.64508056640625,0.11742651143350408,0.831388866266391,1.0,95.7190444946289,True,1.0,0.0,0.02106844809326258,0.02106844809326258,5.811824360594267,7.945947561315642,794594.7561315643,581182.4360594267
2023-07-26,192.1673126220703,110.08999633789062,45.41895294189453,95.7684326171875,0.13708760753262894,0.8084119376119213,1.0,96.03364166259766,False,1.0,0.0,-0.009070797438224365,-0.009070797438224365,5.759106479072779,7.873871480532196,787387.1480532195,575910.6479072779
2023-07-27,190.90267944335938,111.0999984741211,45.866634368896484,95.71063995361328,0.11218521747359811,0.7999941490282236,1.0,96.30429595947265,False,1.0,0.0,-0.0006034625606250454,-0.0006034625606250454,5.755631073930005,7.869119893886521,786911.989388652,575563.1073930005
2023-07-28,193.4813690185547,112.95999908447266,46.716007232666016,97.16531372070312,0.10916170551721688,0.8141416177586784,1.0,96.59982284545899,True,1.0,0.0,0.015198663051410488,0.015198663051410488,5.843108971270896,7.988719995664853,798871.9995664853,584310.8971270896
2023-07-31,194.0939178466797,114.4000015258789,46.69502639770508,95.51795959472656,0.12960469002052877,0.8303577146779795,1.0,96.76646743774414,False,1.0,0.0,-0.016954137880023756,-0.016954137880023756,5.744044096123965,7.853278135373449,785327.8135373449,574404.4096123965
2023-08-01,193.26400756835938,117.5999984741211,46.47319030761719,94.79544067382812,0.12516990783918186,0.7950883826392597,1.0,96.88470077514648,False,1.0,0.0,-0.007564220634151075,-0.007564220634151075,5.700594879248591,7.793874206856129,779387.420685613,570059.487924859
2023-08-02,190.27035522460938,109.3499984741211,44.23681640625,92.19432067871094,0.12582364221153805,0.8130416538954539,1.0,96.95225463867187,False,1.0,0.0,-0.027439294301791484,-0.027439294301791484,5.544174578661603,7.580015798743062,758001.5798743062,554417.4578661603
2023-08-03,188.8772430419922,113.1500015258789,44.482635498046875,91.5007095336914,0.0755824060584477,0.8022774046791746,1.0,97.02243743896484,False,1.0,0.0,-0.007523360874220231,-0.007523360874220231,5.502463752556654,7.5229886044568275,752298.8604456828,550246.3752556654
2023-08-04,179.80735778808594,115.81999969482422,44.647518157958984,92.63748168945312,0.07448469781742424,0.8081789861881927,1.0,97.13991470336914,False,1.0,0.0,0.012423643068506962,0.012423643068506962,5.570824398215815,7.616451529687044,761645.1529687044,557082.4398215815
2023-08-07,176.7050018310547,116.80999755859375,45.38397979736328,92.82051086425781,0.05711507520920411,0.8070140662994023,1.0,97.26700057983399,False,1.0,0.0,0.0019757572363447995,0.0019757572363447995,5.581830994832996,7.631499788912093,763149.9788912092,558183.0994832995
2023-08-08,177.6436309814453,113.2300033569336,44.631534576416016,91.02864837646484,0.05444577694930606,0.8045679225170705,1.0,97.15064590454102,False,1.0,0.0,-0.019304596269820284,-0.019304596269820284,5.474076001031375,7.484176766553926,748417.6766553926,547407.6001031375
2023-08-09,176.05291748046875,110.47000122070312,42.52305603027344,90.53734588623047,0.04997785903050321,0.7421507015159083,1.0,96.98110260009766,False,1.0,0.0,-0.005397229322822716,-0.005397229322822716,5.444531157523248,7.443782948252292,744378.2948252292,544453.1157523248
2023-08-10,175.83558654785156,110.2300033569336,42.3571891784668,91.32730865478516,0.016591673168562297,0.7240894612270726,1.0,96.8509585571289,False,1.0,0.0,0.008725269785877732,0.008725269785877732,5.4920361607302555,7.50873196270331,750873.196270331,549203.6160730255
2023-08-11,175.8949432373047,107.56999969482422,40.825294494628906,88.62023162841797,0.0008840065033449002,0.7638767117314286,1.0,96.73171691894531,False,1.0,0.0,-0.029641484745815405,-0.029641484745815405,5.329244054648503,7.286161998770424,728616.1998770423,532924.4054648502
2023-08-14,177.54713439941406,111.9800033569336,43.721187591552734,89.66067504882812,-0.015049567043862101,0.7873832740778643,1.0,96.62848724365234,False,-1.0,2.0,0.011740472816328174,0.011740472816328174,5.391811899603682,7.371704985652351,737170.4985652351,539181.1899603682
2023-08-15,175.5585479736328,111.3499984741211,43.90805435180664,88.32159423828125,-0.0023774057208534524,0.7886061100117632,1.0,96.49655715942383,False,-1.0,0.0,-0.014934984705587184,0.012934984705587184,5.311285271347698,7.467057876895866,746705.7876895865,531128.5271347698
2023-08-16,174.68798828125,107.19000244140625,43.454383850097656,88.41793060302734,-0.020707452277290837,0.7905342025213415,1.0,96.38363037109374,False,-1.0,0.0,0.0010907453106676623,-0.0010907453106676623,5.317078530851038,7.458913218532158,745891.3218532158,531707.8530851038
2023-08-17,172.1453399658203,104.44000244140625,43.3124885559082,88.2830581665039,-0.030211236626007578,0.6337542491582986,1.0,96.23404541015626,False,-1.0,0.0,-0.0015253968918247374,0.0015253968918247374,5.30896787578649,7.470291021572097,747029.1021572097,530896.787578649
2023-08-18,172.630126953125,105.44999694824219,43.267520904541016,87.76282501220703,-0.02773498418222388,0.6351041999541925,1.0,96.06503784179688,False,-1.0,0.0,-0.005892785831180691,0.005892785831180691,5.277683265109863,7.5143118466588135,751431.1846658813,527768.3265109863
2023-08-21,173.96572875976562,108.22000122070312,46.93285369873047,89.16935729980469,-0.014780400401952914,0.6521521998987887,1.0,95.93087615966797,False,-1.0,0.0,0.01602651563919033,-0.01602651563919033,5.362266138496839,7.393883610330583,739388.3610330583,536226.6138496839
2023-08-22,175.34091186523438,105.66000366210938,45.634796142578125,88.86107635498047,0.01454069234895337,0.6080196305675014,1.0,95.735673828125,False,-1.0,0.0,-0.0034572520668475493,0.0034572520668475493,5.343727432806534,7.419446129724428,741944.6129724429,534372.7432806534
2023-08-23,179.18942260742188,109.43000030517578,47.08174514770508,90.76856231689453,-0.029849385364775043,0.6679310904059468,1.0,95.49688507080079,False,-1.0,0.0,0.021465933569092543,-0.021465933569092543,5.458435530890497,7.260180791984303,726018.0791984303,545843.5530890496
2023-08-24,174.49996948242188,101.80000305175781,47.12870788574219,89.14046478271484,-0.00852895898898421,0.695278355260713,1.0,95.2305224609375,False,-1.0,0.0,-0.0179367998415092,0.0179367998415092,5.360528665325131,7.390405201663295,739040.5201663296,536052.8665325132
2023-08-25,176.70619201660156,102.25,45.98454666137695,89.6895751953125,-0.039390904436163124,0.6828106989995945,1.0,94.96343841552735,False,-1.0,0.0,0.00616005776878259,-0.00616005776878259,5.39354983157475,7.344879878686338,734487.9878686338,539354.983157475
2023-08-28,178.26937866210938,102.61000061035156,46.80094909667969,90.55661010742188,-0.040341096609783536,0.6909230486446015,1.0,94.74802932739257,False,-1.0,0.0,0.009667064541461823,-0.009667064541461823,5.445689625904174,7.273876450849793,727387.6450849792,544568.9625904174
2023-08-29,182.15748596191406,105.91999816894531,48.74853515625,91.59705352783203,-0.040713592916192594,0.7151387231787559,1.0,94.56518218994141,False,-1.0,0.0,0.011489425445320167,-0.011489425445320167,5.508257470859353,7.190303789669284,719030.3789669283,550825.7470859353
2023-08-30,185.6498260498047,106.58999633789062,49.228187561035156,91.30802917480469,-0.013057578705222303,0.6604883818329741,1.0,94.38792236328125,False,-1.0,0.0,-0.0031553891953469693,0.0031553891953469693,5.490876774750614,7.212991996558469,721299.1996558469,549087.6774750614
2023-08-31,185.8675079345703,105.72000122070312,49.31911849975586,90.14236450195312,0.02699965807801925,0.681555906993719,1.0,94.23243469238281,False,-1.0,0.0,-0.012766288828991779,0.012766288828991779,5.420778655919745,7.3050751357077415,730507.5135707741,542077.8655919745
2023-09-01,187.44056701660156,109.44999694824219,48.47373580932617,89.77627563476562,0.023216432335352574,0.6751437126335191,1.0,94.04091720581054,False,-1.0,0.0,-0.004061229913483899,0.004061229913483899,5.3987636274879485,7.334742725369125,733474.2725369125,539876.3627487948
2023-09-05,187.67799377441406,110.77999877929688,48.51270294189453,91.1346206665039,0.05266626980899844,0.7131785928176219,1.0,93.90007232666015,False,-1.0,0.0,0.0151303339566502,-0.0151303339566502,5.480448724124857,7.22376561844818,722376.561844818,548044.8724124857
2023-09-06,180.96035766601562,109.27999877929688,47.030662536621094,88.88035583496094,0.05235900702343183,0.7483256875559819,1.0,93.74882354736329,False,-1.0,0.0,-0.024735548522138218,0.024735548522138218,5.344886818786176,7.402449423415858,740244.9423415858,534488.6818786176
2023-09-07,175.66737365722656,106.58999633789062,46.21118927001953,86.75131225585938,0.022235137560276647,0.8089905228315437,1.0,93.51703750610352,False,-1.0,0.0,-0.02395403977741617,0.02395403977741617,5.216855187323185,7.579767991354673,757976.7991354674,521685.51873231854
2023-09-08,176.28077697753906,106.08999633789062,45.54262161254883,86.35631561279297,0.005882263858823393,0.8109388812358004,1.0,93.29970153808594,False,-1.0,0.0,-0.004553206548638999,0.004553206548638999,5.193101768120964,7.614280240610075,761428.0240610075,519310.1768120964
2023-09-11,177.44821166992188,105.31999969482422,45.14887237548828,86.31777954101562,0.0036929412525465452,0.7444392451304098,1.0,93.08698974609375,False,-1.0,0.0,-0.00044624497355971737,0.00044624497355971737,5.190784372559755,7.617678074894723,761767.8074894723,519078.43725597556
2023-09-12,174.42083740234375,105.30999755859375,44.841068267822266,87.16555786132812,0.008348944653479516,0.7522269954525613,1.0,92.88583862304688,False,-1.0,0.0,0.009821595560271179,-0.009821595560271179,5.241766157307613,7.542860321734762,754286.0321734762,524176.6157307613
2023-09-13,172.35308837890625,107.70999908447266,45.455684661865234,87.8784408569336,-0.024251857985717325,0.7515122147801664,1.0,92.65597900390625,False,-1.0,0.0,0.00817849404164428,-0.00817849404164428,5.284635910592846,7.481171083536498,748117.1083536498,528463.5910592846
2023-09-14,173.86680603027344,106.62999725341797,45.55160903930664,88.57664489746094,-0.016513336918017416,0.7729100739638316,1.0,92.4817008972168,False,-1.0,0.0,0.007945111835381935,-0.007945111835381935,5.326622933911782,7.421732342618175,742173.2342618175,532662.2933911782
2023-09-15,173.14456176757812,101.48999786376953,43.87169647216797,86.4268569946289,-0.005752321351439922,0.8539697327380557,1.0,92.29486938476562,False,-1.0,0.0,-0.02427036952371242,0.02427036952371242,5.197343826992262,7.601860529079607,760186.0529079607,519734.3826992262
2023-09-18,176.07302856445312,102.37000274658203,43.93765640258789,86.0201416015625,-0.011318422545901815,0.8683463629620458,1.0,92.08410430908204,False,-1.0,0.0,-0.004705891284368713,0.004705891284368713,5.172885691974952,7.6376340582883895,763763.4058288389,517288.5691974952
2023-09-19,177.16131591796875,101.61000061035156,43.491943359375,85.38101959228516,-0.00405800989131642,0.852564122097181,1.0,91.86941986083984,False,-1.0,0.0,-0.007429911150782509,0.007429911150782509,5.134451610890424,7.694381000743663,769438.1000743663,513445.1610890424
2023-09-20,173.6194610595703,100.33999633789062,42.211769104003906,84.52885437011719,-0.02198534324019426,0.8637686530909651,1.0,91.60898391723633,False,-1.0,0.0,-0.009980733730251323,0.009980733730251323,5.083206016511267,7.77117656873119,777117.656873119,508320.6016511267
2023-09-21,172.07608032226562,96.11000061035156,40.99055480957031,82.659912109375,-0.03297688367722535,0.8337141114068491,1.0,91.26030303955078,False,-1.0,0.0,-0.022110109910621234,0.022110109910621234,4.970815772787871,7.94299813680068,794299.813680068,497081.5772787871
2023-09-22,172.92691040039062,96.19999694824219,41.58317565917969,82.93104553222656,-0.07525837551419061,0.8203103482662604,1.0,90.8848683166504,False,-1.0,0.0,0.0032801078047699495,-0.0032801078047699495,4.987120584400266,7.916944246618887,791694.4246618887,498712.0584400266
2023-09-25,174.2031707763672,97.37999725341797,42.19477844238281,83.5120620727539,-0.049912371962191344,0.8255232486026981,1.0,90.5293391418457,False,-1.0,0.0,0.007006019721547574,-0.007006019721547574,5.02206044956831,7.861477979092682,786147.7979092682,502206.044956831
2023-09-26,170.1270751953125,95.95999908447266,41.88398361206055,81.62374877929688,-0.042433528217855405,0.8466013714681713,1.0,90.14278732299805,False,-1.0,0.0,-0.022611264128671316,0.022611264128671316,4.9085053142729675,8.03923593411968,803923.5934119681,490850.53142729675
2023-09-27,168.61337280273438,98.06999969482422,42.440616607666016,82.73737335205078,-0.07333700169489434,0.8596263891160965,1.0,89.81010635375976,False,-1.0,0.0,0.013643389202388168,-0.013643389202388168,4.975473962677584,7.9295535093806615,792955.3509380661,497547.3962677584
2023-09-28,168.87062072753906,102.76000213623047,43.061222076416016,83.67669677734375,-0.08926907760080355,0.8949682073964284,1.0,89.4979461669922,False,-1.0,0.0,0.011353072828359068,-0.011353072828359068,5.031960880931467,7.839528710892292,783952.8710892292,503196.0880931467
2023-09-29,169.38507080078125,102.81999969482422,43.4709587097168,84.15119171142578,-0.08440312958319056,0.8997213598026823,1.0,89.29546585083008,False,-1.0,0.0,0.005670574393545014,-0.005670574393545014,5.060494989452197,7.795074080126845,779507.4080126846,506049.4989452197
2023-10-02,171.8979949951172,103.2699966430664,44.75312805175781,84.87747955322266,-0.08006625841403961,0.9197780405376959,1.0,89.1192643737793,False,-1.0,0.0,0.00863074933374075,-0.00863074933374075,5.104170853210809,7.727796749703331,772779.6749703331,510417.08532108093
2023-10-03,170.56236267089844,100.08000183105469,43.48894119262695,82.70832824707031,-0.06955983826417113,0.9378351693236698,1.0,88.88041229248047,False,-1.0,0.0,-0.025556264365651615,0.025556264365651615,4.9737273135187,7.925290366402772,792529.0366402771,497372.73135187
2023-10-04,171.80894470214844,104.06999969482422,44.012603759765625,83.92845916748047,-0.08558857603980961,0.92855836751314,1.0,88.62607986450195,False,-1.0,0.0,0.014752213546927573,-0.014752213546927573,5.047100800971914,7.80837479049619,780837.479049619,504710.0800971914
2023-10-05,173.04562377929688,102.91000366210938,44.65918731689453,84.2770767211914,-0.05111354484908368,0.8744452756045861,1.0,88.39625274658204,False,-1.0,0.0,0.004153746621456067,-0.004153746621456067,5.068065178872099,7.775940780091104,777594.0780091104,506806.5178872099
2023-10-06,175.59812927246094,107.23999786376953,45.73249816894531,86.4655990600586,-0.033866859331344805,0.961263786652105,1.0,88.21135192871094,False,-1.0,0.0,0.025968180482900838,-0.025968180482900838,5.199673610136155,7.574013746489349,757401.3746489349,519967.36101361545
2023-10-09,177.08212280273438,106.97000122070312,45.24381637573242,86.17508697509766,-0.015487110011099656,0.9634427744791716,1.0,87.99154739379883,False,-1.0,0.0,-0.0033598574244440016,0.0033598574244440016,5.182203448152453,7.599461352808333,759946.1352808332,518220.3448152453
2023-10-10,176.48854064941406,109.01000213623047,45.76847457885742,87.74383544921875,-0.013366700530035854,0.9904505504956571,1.0,87.83606491088867,False,-1.0,0.0,0.018204199487195316,-0.018204199487195316,5.276541313505852,7.461119242346578,746111.9242346579,527654.1313505853
2023-10-11,177.88351440429688,108.30999755859375,46.775821685791016,89.0898666381836,-0.006156842000085688,1.0087270030653204,1.0,87.72195343017579,True,-1.0,0.0,0.015340464456262026,-0.015340464456262026,5.357485907977687,7.346662207805428,734666.2207805428,535748.5907977688
2023-10-12,178.7838134765625,108.79000091552734,46.914730072021484,89.49657440185547,0.0006643654056228861,1.0044538144356967,1.0,87.66799850463867,True,-1.0,0.0,0.004565140559965375,-0.004565140559965375,5.381943584195639,7.313123662180211,731312.3662180211,538194.3584195639
2023-10-13,176.94363403320312,105.08999633789062,45.43169021606445,87.59858703613281,0.0026819628318712797,0.9915888132134278,1.0,87.5899560546875,True,-1.0,0.0,-0.02120737445436016,0.02120737445436016,5.2678066913133605,7.4682158141151085,746821.5814115108,526780.669131336
2023-10-16,176.8150177001953,106.45999908447266,46.06528854370117,88.33454132080078,0.004274897542624053,0.9970682455178234,1.0,87.50389724731446,True,-1.0,0.0,0.008401440132412175,-0.008401440132412175,5.31206385385955,7.405472046056887,740547.2046056887,531206.385385955
2023-10-17,175.26173400878906,105.13999938964844,43.909671783447266,88.12149810791016,0.004197659385290814,0.9929057005310136,1.0,87.4099169921875,True,-1.0,0.0,-0.002411776975406732,0.002411776975406732,5.299252340564921,7.423332393029584,742333.2393029585,529925.2340564921
2023-10-18,173.96572875976562,102.16999816894531,42.16879653930664,86.76578521728516,-0.015559625972212191,1.0144140957995555,1.0,87.32465972900391,False,-1.0,0.0,-0.015384587413219464,0.015384587413219464,5.217725529706792,7.537537299127531,753753.7299127531,521772.5529706792
2023-10-19,173.58978271484375,102.4000015258789,42.07386016845703,89.9710922241211,-0.023389971045209963,1.0767974939730462,1.0,87.31333465576172,True,-1.0,0.0,0.03694206188313709,-0.03694206188313709,5.410479069114444,7.259085129776708,725908.5129776709,541047.9069114444
2023-10-20,171.0372772216797,101.80999755859375,41.360313415527344,88.42169952392578,-0.009156573662654304,1.1256271507359452,1.0,87.25522247314453,True,-1.0,0.0,-0.017221005790790223,0.017221005790790223,5.3173051777342755,7.3840938768324325,738409.3876832433,531730.5177734275
2023-10-23,171.15599060058594,100.01000213623047,42.947296142578125,88.22802734375,-0.02714145784053743,1.1285085783017703,1.0,87.24737838745118,True,-1.0,0.0,-0.002190324108432007,0.002190324108432007,5.305658556011593,7.400267435669783,740026.7435669784,530565.8556011594
2023-10-24,171.59132385253906,101.66999816894531,43.634849548339844,88.74125671386719,-0.0324510806405402,1.0574380633715412,1.0,87.22899002075195,True,-1.0,0.0,0.005817078603804315,-0.005817078603804315,5.33652198887686,7.357219498307319,735721.9498307318,533652.198887686
2023-10-25,169.27626037597656,96.05999755859375,41.752071380615234,84.86779022216797,-0.012499982288757375,1.2664250401443482,1.0,87.15991394042969,False,-1.0,0.0,-0.04364899298404834,0.04364899298404834,5.103588178025154,7.678354720571039,767835.4720571039,510358.8178025154
2023-10-26,165.1111297607422,93.66999816894531,40.30000305175781,84.68379974365234,-0.04286206555137343,1.2566105173964905,1.0,87.08523132324218,False,-1.0,0.0,-0.0021679659389500783,0.0021679659389500783,5.092523772688767,7.695001132072415,769500.1132072415,509252.3772688767
2023-10-27,166.4269561767578,96.43000030517578,40.47389221191406,83.26996612548828,-0.06861571649056902,1.2788865008288903,1.0,86.98496948242187,False,-1.0,0.0,-0.01669544378551624,0.01669544378551624,5.007501828315437,7.823472590902414,782347.2590902414,500750.18283154373
2023-10-30,168.474853515625,96.18000030517578,41.134464263916016,83.33776092529297,-0.06206276147574824,1.2698634660405776,1.0,86.8964682006836,False,-1.0,0.0,0.0008141566876889161,-0.0008141566876889161,5.0115787194175745,7.81710305837158,781710.305837158,501157.87194175745
2023-10-31,168.9497528076172,98.5,40.75370788574219,83.579833984375,-0.05678634831773323,1.2083427954238222,1.0,86.784677734375,False,-1.0,0.0,0.0029047223778790876,-0.0029047223778790876,5.0261359642723695,7.794396544187741,779439.6544187741,502613.596427237
2023-11-01,172.11566162109375,108.04000091552734,42.29772186279297,85.02272033691406,-0.04024746160499263,1.215624055645432,1.0,86.70791061401367,False,-1.0,0.0,0.01726357045419369,-0.01726357045419369,5.112905016603943,7.659837430299232,765983.7430299232,511290.50166039425
2023-11-02,175.67727661132812,107.83000183105469,43.47794723510742,87.61796569824219,-0.012478295314415215,1.290734004260436,1.0,86.64489868164063,True,-1.0,0.0,0.030524139324690003,-0.030524139324690003,5.268972041684668,7.426027485372303,742602.7485372303,526897.2041684667
2023-11-03,174.76710510253906,112.25,44.97598648071289,88.88652038574219,0.0078601411809026,1.248041994358662,1.0,86.63981979370118,True,-1.0,0.0,0.014478248580535702,-0.014478248580535702,5.345257528668071,7.318511613473192,731851.1613473193,534525.7528668072
2023-11-06,177.31961059570312,111.75,45.72150421142578,89.67089080810547,0.006004766168074883,1.2477082832694801,1.0,86.63944610595703,True,-1.0,0.0,0.008824402383616148,-0.008824402383616148,5.392426231945092,7.253930122146737,725393.0122146737,539242.6231945092
2023-11-07,179.88197326660156,113.44999694824219,45.925376892089844,89.48690795898438,0.020503034091121444,1.2219835010044533,1.0,86.61805206298828,True,1.0,2.0,-0.0020517566789295394,0.0020517566789295394,5.381362285408064,7.2688134217233396,726881.342172334,538136.2285408063
2023-11-08,180.9405517578125,113.58999633789062,46.543975830078125,89.0898666381836,0.020290222872588536,1.202961689594301,1.0,86.56790832519532,True,1.0,0.0,-0.004436864898525239,-0.006436864898525239,5.357485907977689,7.22202505175512,722202.5051755119,535748.5907977689
2023-11-09,180.4656982421875,113.48999786376953,46.91973114013672,88.72189331054688,0.023214003254064385,1.2017604899600645,1.0,86.51618560791016,True,1.0,0.0,-0.0041303611905846305,-0.0041303611905846305,5.335357556104274,7.19219547976392,719219.547976392,533535.7556104274
2023-11-10,184.6560821533203,118.58999633789062,48.30384063720703,94.35779571533203,0.02426560888381537,1.4712495533809313,1.0,86.60049423217774,True,1.0,0.0,0.06352324318709268,0.06352324318709268,5.674276771630778,7.649067062274073,764906.7062274072,567427.6771630778
2023-11-13,183.07107543945312,116.79000091552734,48.58865737915039,93.37004852294922,0.07355025233743188,1.4706353832331671,1.0,86.6723696899414,True,1.0,0.0,-0.010468103720467803,-0.010468103720467803,5.614877853846705,7.568995834901374,756899.5834901374,561487.7853846705
2023-11-14,185.68638610839844,119.87999725341797,49.62398147583008,95.78129577636719,0.06156258333978665,1.4904542400976446,1.0,86.76530319213867,True,1.0,0.0,0.02582463318336292,0.02582463318336292,5.759880014791684,7.764462375904103,776446.2375904103,575988.0014791684
2023-11-15,186.2510223388672,118.0,48.856483459472656,95.67477416992188,0.08604873473514918,1.448071657395519,1.0,86.9011915588379,True,1.0,0.0,-0.001112133695643669,-0.001112133695643669,5.75347425814437,7.755827255667303,775582.7255667304,575347.425814437
2023-11-16,187.93516540527344,119.83000183105469,49.44810104370117,95.4229965209961,0.09783192697544145,1.3591497999978792,1.0,87.07462524414062,True,1.0,0.0,-0.0026315990929710598,-0.0026315990929710598,5.738333420505205,7.735417027696049,773541.7027696049,573833.3420505205
2023-11-17,187.91534423828125,120.62000274658203,49.2662239074707,96.43009948730469,0.10246402434189347,1.3189758580792863,1.0,87.27610092163086,True,1.0,0.0,0.010554090764556934,0.010554090764556934,5.7988963122625075,7.817057321108052,781705.7321108052,579889.6312262508
2023-11-20,189.6588592529297,121.52999877929688,50.37649917602539,96.79808044433594,0.1230267978400522,1.3061836956300459,1.0,87.48570693969727,True,1.0,0.0,0.00381603834267219,0.00381603834267219,5.821025122935281,7.846887511572267,784688.7511572267,582102.5122935281
2023-11-21,188.85646057128906,119.16000366210938,49.91180419921875,95.297119140625,0.13098801953208258,1.326807009595088,1.0,87.6483381652832,True,1.0,0.0,-0.015506106080007132,-0.015506106080007132,5.73076368988466,7.725212841419944,772521.2841419944,573076.368988466
2023-11-22,189.52017211914062,122.51000213623047,48.68458938598633,95.52952575683594,0.11133611273272788,1.1277262752813597,1.0,87.80135986328125,True,1.0,0.0,0.0024387580475333515,0.0024387580475333515,5.744739635951878,7.744052766405865,774405.2766405864,574473.9635951878
2023-11-24,188.1927032470703,122.30999755859375,47.74519729614258,94.73545837402344,0.12797357040775773,1.1338089702259326,1.0,87.9245361328125,True,1.0,0.0,-0.00831227179787064,-0.00831227179787064,5.696987798689846,7.6796820949944475,767968.2094994447,569698.7798689846
2023-11-27,188.01438903808594,122.6500015258789,48.210899353027344,94.13507080078125,0.13605339980145137,1.0962376683725696,1.0,88.07870040893555,True,1.0,0.0,-0.006337516950325028,-0.006337516950325028,5.660883041949854,7.631011979544312,763101.1979544312,566088.3041949854
2023-11-28,188.6186981201172,122.01000213623047,47.7901725769043,94.8807144165039,0.12952060684871627,1.088170496028033,1.0,88.25591186523438,True,1.0,0.0,0.007920997024591037,0.007920997024591037,5.705722879681697,7.691457202728901,769145.7202728901,570572.2879681697
2023-11-29,187.5983428955078,123.8499984741211,48.108970642089844,95.75223541259766,0.11720673662661053,1.0825716618415968,1.0,88.46333618164063,True,1.0,0.0,0.009185438805487722,0.009185438805487722,5.758132448034084,7.762106612189595,776210.6612189595,575813.2448034084
2023-11-30,188.1728973388672,121.16000366210938,46.73985290527344,94.2319107055664,0.11465382206999034,1.1095523654858683,1.0,88.65739730834962,True,1.0,0.0,-0.015877694139255882,-0.015877694139255882,5.666706582210875,7.638862257524953,763886.2257524953,566670.6582210874
2023-12-01,189.45083618164062,121.38999938964844,46.73485565185547,95.43268585205078,0.08357860530717214,1.0537891216125084,1.0,88.91285278320312,True,1.0,0.0,0.012742765560981528,0.012742765560981528,5.7389160956908585,7.736202488425223,773620.2488425224,573891.6095690859
2023-12-04,187.65774536132812,118.56999969482422,45.48065948486328,93.94139099121094,0.08272381665496882,1.0732833044917853,1.0,89.13305969238282,True,1.0,0.0,-0.015626667608955258,-0.015626667608955258,5.649235961427814,7.61531142358303,761531.1423583031,564923.5961427814
2023-12-05,191.6104278564453,118.37999725341797,46.540069580078125,93.63152313232422,0.05641453175733674,1.0679850041290277,1.0,89.33544891357423,True,1.0,0.0,-0.0032985232134332687,-0.0032985232134332687,5.630601825470882,7.590192142074818,759019.2142074818,563060.1825470882
2023-12-06,190.52076721191406,116.81999969482422,45.4776611328125,94.75482177734375,0.0659605161278545,1.0685398314609427,1.0,89.59807037353515,True,1.0,0.0,0.011997013478377783,0.011997013478377783,5.698152231462435,7.681251779506766,768125.1779506766,569815.2231462435
2023-12-07,192.45249938964844,128.3699951171875,46.5700569152832,96.1492691040039,0.048913015402897345,1.0685458850878224,1.0,89.86630828857422,True,1.0,0.0,0.014716373272664063,0.014716373272664063,5.7820083666651,7.794291947895303,779429.1947895302,578200.83666651
2023-12-08,193.8790283203125,128.9199981689453,47.479549407958984,97.17574310302734,0.07538240077281115,1.0605646680502423,1.0,90.13628921508788,True,1.0,0.0,0.010675837773796326,0.010675837773796326,5.84373614999435,7.87750254429264,787750.254429264,584373.614999435
2023-12-11,191.3726806640625,134.41000366210938,46.601036071777344,97.75675964355469,0.08434822271452727,0.681466693708103,1.0,90.40840057373048,True,1.0,0.0,0.0059790285309302416,0.0059790285309302416,5.8786760151623945,7.9246023567574415,792460.2356757441,587867.6015162395
2023-12-12,192.8883819580078,137.61000061035156,47.63046646118164,98.38619995117188,0.06725866099004855,0.6635750271889096,1.0,90.67857498168945,True,1.0,0.0,0.006438841773318549,0.006438841773318549,5.916527879860628,7.97562761744907,797562.761744907,591652.7879860628
2023-12-13,196.1079864501953,138.19000244140625,48.06122970581055,98.88975524902344,0.08375374182348344,0.5838898630699705,1.0,91.00220352172852,True,1.0,0.0,0.0051181496805596804,0.0051181496805596804,5.94680955513896,8.01644807339158,801644.8073391579,594680.955513896
2023-12-14,196.25657653808594,138.0,48.32307052612305,100.6497802734375,0.08374406477523554,0.6223113508798264,1.0,91.33662994384765,True,1.0,0.0,0.017797849938873567,0.017797849938873567,6.052649979216382,8.159123613244574,815912.3613244575,605264.9979216382
2023-12-15,195.72161865234375,139.14999389648438,48.86277389526367,99.7644271850586,0.09621984329516534,0.6388189992950265,1.0,91.646376953125,True,1.0,0.0,-0.008796373782174682,-0.008796373782174682,5.999408607626523,8.087352912207507,808735.2912207507,599940.8607626524
2023-12-18,194.05734252929688,138.89999389648438,50.04911804199219,100.14386749267578,0.09880876641408048,0.6301170590538928,1.0,91.91994232177734,True,1.0,0.0,0.003803362764899676,0.003803362764899676,6.0222265349361885,8.1181120491404,811811.20491404,602222.6534936188
2023-12-19,195.09750366210938,140.14999389648438,49.57637405395508,101.05843353271484,0.0967094443045754,0.6385368115926259,1.0,92.21760925292969,True,1.0,0.0,0.009132521670445204,0.009132521670445204,6.077224649270823,8.192250883352278,819225.0883352278,607722.4649270823
2023-12-20,193.0072479248047,135.47000122070312,48.08420944213867,97.33210754394531,0.0872657755670696,0.7962464593585876,1.0,92.40937469482422,True,1.0,0.0,-0.03687298386198745,-0.03687298386198745,5.8531392428525875,7.8901781487370775,789017.8148737077,585313.9242852587
2023-12-21,192.85862731933594,139.91000366210938,48.96272277832031,99.77415466308594,0.07791218547923301,0.8581277697410532,1.0,92.62306045532226,True,1.0,0.0,0.025089841171250127,0.025089841171250127,5.99999357680897,8.088141465301758,808814.1465301758,599999.357680897
2023-12-22,191.78875732421875,139.60000610351562,48.80281448364258,100.35791778564453,0.08682954469784779,0.845714772978545,1.0,92.84028732299805,True,1.0,0.0,0.005850845086383671,0.005850845086383671,6.035098609746177,8.135463928051996,813546.3928051996,603509.8609746177
2023-12-26,191.24391174316406,143.41000366210938,49.251556396484375,101.62271881103516,0.08337437380940557,0.8441332170076801,1.0,93.1207699584961,True,1.0,0.0,0.012602902225334445,0.012602902225334445,6.11115836744506,8.23799438449497,823799.438449497,611115.836744506
2023-12-27,191.34295654296875,146.07000732421875,49.38948059082031,101.81731414794922,0.08711864340404113,0.8426223145877961,1.0,93.39042541503906,True,1.0,0.0,0.0019148802471611326,0.0019148802471611326,6.122860503890154,8.253769157218063,825376.9157218062,612286.0503890153
2023-12-28,191.76895141601562,148.75999450683594,49.49442672729492,101.86595916748047,0.08802157385168032,0.8400896254194621,1.0,93.66531463623046,True,1.0,0.0,0.00047776765610385574,0.00047776765610385574,6.125785808601749,8.257712541162329,825771.2541162329,612578.5808601748
2023-12-29,190.728759765625,147.41000366210938,49.49442672729492,101.18490600585938,0.09936888962947596,0.8095207448456561,1.0,93.95369705200196,True,1.0,0.0,-0.006685777733672071,-0.006685777733672071,6.084830166241355,8.20250331052356,820250.331052356,608483.0166241355
2024-01-02,183.9032440185547,138.5800018310547,48.14117431640625,98.78175354003906,0.09566629802114705,0.8760848392929053,1.0,94.12991027832031,True,1.0,0.0,-0.02375010819974621,-0.02375010819974621,5.940314791416043,8.007692969389849,800769.2969389849,594031.4791416043
2024-01-03,182.5262451171875,135.32000732421875,47.542510986328125,97.45857238769531,0.04830825872511984,0.8682286320289564,1.0,94.31064773559571,True,1.0,0.0,-0.013394995582938551,-0.013394995582938551,5.86074430102376,7.900429957435343,790042.9957435343,586074.430102376
2024-01-04,180.20811462402344,136.00999450683594,47.971275329589844,96.44671630859375,0.04002241193926623,0.8813386106117121,1.0,94.47502151489257,True,1.0,0.0,-0.010382422544384817,-0.010382422544384817,5.799895577265936,7.818404355334933,781840.4355334933,579989.5577265936
2024-01-05,179.48495483398438,138.5800018310547,49.06965637207031,96.91373443603516,0.02407912480101216,0.870921363422378,1.0,94.63847106933594,True,1.0,0.0,0.004842239791214009,0.004842239791214009,5.827980062415059,7.856262944008137,785626.2944008136,582798.0062415058
2024-01-08,183.82395935058594,146.17999267578125,52.223899841308594,99.47254943847656,0.03852094557345834,0.9180635356406602,1.0,94.9305662536621,True,1.0,0.0,0.026403017253764594,0.026403017253764594,5.9818563205576,8.063691990068895,806369.1990068895,598185.63205576
2024-01-09,183.40786743164062,149.25999450683594,53.11041259765625,99.13201904296875,0.05503400112748256,0.9117595846813168,1.0,95.21953063964844,True,1.0,0.0,-0.0034233604892014435,-0.0034233604892014435,5.961378269977723,8.036087065513003,803608.7065513004,596137.8269977723
2024-01-10,184.4480743408203,148.5399932861328,54.319740295410156,98.071533203125,0.0545447094455105,0.9219060224280252,1.0,95.51556198120117,True,1.0,0.0,-0.010697712505826074,-0.010697712505826074,5.897605159107022,7.950119316414358,795011.9316414358,589760.5159107022
2024-01-11,183.8536834716797,148.02000427246094,54.79146957397461,98.48014831542969,0.07234851693469116,0.9192300262790767,1.0,95.8184097290039,True,1.0,0.0,0.004166500705748755,0.004166500705748755,5.9221775351646695,7.983243494156985,798324.3494156986,592217.7535164669
2024-01-12,184.1805877685547,146.55999755859375,54.679534912109375,98.4996109008789,0.05940076623080061,0.9162087518321985,1.0,96.11680526733399,True,1.0,0.0,0.00019762953023660934,0.00019762953023660934,5.923347932328922,7.9848212188185,798482.1218818501,592334.7932328922
2024-01-16,181.9120330810547,158.74000549316406,56.35061264038086,98.91797637939453,0.05581949478497764,0.8839746592438091,1.0,96.3947103881836,True,1.0,0.0,0.004247382042317227,0.004247382042317227,5.948506653967093,8.018735805074424,801873.5805074425,594850.6653967093
2024-01-17,180.97091674804688,160.1699981689453,56.02179718017578,100.163330078125,0.0824155954532355,0.8946928180187395,1.0,96.64561767578125,True,1.0,0.0,0.012589761177017822,0.012589761177017822,6.02339693210044,8.119689773801912,811968.9773801912,602339.6932100441
2024-01-18,186.86524963378906,162.6699981689453,57.07520294189453,109.97048950195312,0.07802063939176944,1.5727871480142803,0.5,97.06729705810547,True,0.5,0.5,0.09791167502297271,0.09791167502297271,6.61315781505063,8.91470220022176,891470.2200221759,661315.781505063
2024-01-19,189.767822265625,174.22999572753906,59.45787811279297,111.10881042480469,0.10888714690331666,1.558529714353964,0.5,97.49605545043946,True,0.5,0.0,0.010351149003763771,0.004675574501881885,6.681611596979624,8.956383554520986,895638.3554520987,668161.1596979625
2024-01-22,192.07603454589844,168.17999267578125,59.62078094482422,109.97048950195312,0.14358534217836083,1.4512098284510926,1.0,97.90572708129883,True,1.0,0.5,-0.01024510044252469,-0.005122550221262345,6.61315781505063,8.910504029962064,891050.4029962064,661315.781505063
2024-01-23,193.35397338867188,168.4199981689453,59.839664459228516,111.04069519042969,0.15466503708478135,1.4215741005489573,1.0,98.34474365234375,True,1.0,0.0,0.009731753430610723,0.009231753430610723,6.677515436304419,8.992763606109138,899276.3606109138,667751.5436304419
2024-01-24,192.68031311035156,178.2899932861328,61.32783126831055,113.36602020263672,0.1639868112882625,1.4270616556852043,1.0,98.83762619018555,True,1.0,0.0,0.020941196452518573,0.020941196452518573,6.817350598870795,9.18108283543573,918108.283543573,681735.0598870795
2024-01-25,192.3534393310547,180.3300018310547,61.58268737792969,113.40491485595703,0.1995459770107092,1.4187242092129786,1.0,99.21856857299805,True,1.0,0.0,0.00034308916596703654,0.00034308916596703654,6.819689558001866,9.184232765488414,918423.2765488414,681968.9558001866
2024-01-26,190.61978149414062,177.25,60.99701690673828,114.08597564697266,0.19250183240433102,1.409971815544245,1.0,99.63288711547851,True,1.0,0.0,0.006005566794708095,0.006005566794708095,6.86064565916162,9.239389288819702,923938.9288819701,686064.565916162
2024-01-29,189.9362335205078,177.8300018310547,62.43022155761719,113.81356811523438,0.17175387234131775,1.4033702860419945,1.0,99.99353256225587,True,1.0,0.0,-0.0023877389853877995,-0.0023877389853877995,6.844264228056309,9.217328038813612,921732.8038813611,684426.4228056308
2024-01-30,186.28076171875,172.05999755859375,62.73904037475586,112.91845703125,0.17165047127913147,1.3964434496089981,1.0,100.33840621948242,True,1.0,0.0,-0.007864713309735483,-0.007864713309735483,6.790436052086568,9.144836396306557,914483.6396306558,679043.6052086568
2024-01-31,182.67481994628906,167.69000244140625,61.49274444580078,109.9023666381836,0.14066974875844446,1.3999089438987498,1.0,100.62799362182618,True,1.0,0.0,-0.026710340119434184,-0.026710340119434184,6.609061195576068,8.900574705824628,890057.4705824627,660906.1195576068
2024-02-01,185.11181640625,170.47999572753906,62.991912841796875,110.32073211669922,0.1402776128606015,1.3701557614916087,1.0,100.90580627441406,True,1.0,0.0,0.0038067012687084123,0.0038067012687084123,6.634219917214239,8.934456534849524,893445.6534849524,663421.9917214238
2024-02-02,184.11126708984375,177.66000366210938,66.1231689453125,112.61685943603516,0.1634629568847159,1.355302647385669,1.0,101.22218185424805,True,1.0,0.0,0.02081319870962295,0.02081319870962295,6.772299254634557,9.120411154071837,912041.1154071836,677229.9254634557
2024-02-05,185.9241485595703,174.22999572753906,69.29339599609375,115.57456970214844,0.18538518865719192,1.3649674263424383,1.0,101.62773086547851,True,1.0,0.0,0.026263476720314927,0.026263476720314927,6.950163378451658,9.359944860096503,935994.4860096503,695016.3378451659
2024-02-06,187.52899169921875,167.8800048828125,68.18501281738281,116.14859771728516,0.19085818069617266,1.3392141375211686,1.0,102.0401123046875,True,1.0,0.0,0.00496673287744942,0.00496673287744942,6.984682983407059,9.406433205964259,940643.3205964259,698468.2983407059
2024-02-07,187.63796997070312,170.94000244140625,70.05996704101562,121.59700775146484,0.14621952670646654,1.401422566173556,1.0,102.57734329223632,True,1.0,0.0,0.04690896094537056,0.04690896094537056,7.3123272046914956,9.847679213858074,984767.9213858073,731232.7204691495
2024-02-08,186.55816650390625,169.35000610351562,69.60222625732422,130.11013793945312,0.1534447144227869,1.538773835168304,0.5,103.29684463500976,True,0.5,0.5,0.07001101709170743,0.07001101709170743,7.824270669599309,10.537125251613144,1053712.5251613145,782427.0669599308
2024-02-09,187.32191467285156,172.47999572753906,72.09284973144531,129.50694274902344,0.12850636494181714,1.5431236301332398,0.5,103.98936920166015,True,0.5,0.0,-0.004636035285047413,-0.0028180176425237065,7.7879970746952845,10.507431446752618,1050743.1446752618,778799.7074695284
2024-02-12,185.6356658935547,171.91000366210938,72.20777130126953,126.92869567871094,0.14868237597956852,1.5800702523712047,0.5,104.61289840698242,True,0.5,0.0,-0.019908176469805028,-0.009954088234902514,7.632952254585925,10.402839547009453,1040283.9547009453,763295.2254585925
2024-02-13,183.54275512695312,171.5399932861328,72.08785247802734,124.09745788574219,0.13762389111129542,1.6223406031209422,0.5,105.21020935058594,True,0.5,0.0,-0.022305734553007106,-0.011152867276503553,7.462693647739354,10.286818058242893,1028681.8058242893,746269.3647739354
2024-02-14,182.65992736816406,178.6999969482422,73.85885620117188,125.77088928222656,0.11898043645637646,1.6094567525195853,0.5,105.81697341918945,True,0.5,0.0,0.013484816087249163,0.0067424080436245815,7.563326699094602,10.356175983062094,1035617.5983062094,756332.6699094601
2024-02-15,182.37229919433594,176.75999450683594,72.61753845214844,125.53739166259766,0.1315112235413875,1.2066690747420143,1.0,106.44889343261718,True,1.0,0.5,-0.0018565315150547157,-0.0009282657575273578,7.549285144719078,10.34656269951809,1034656.269951809,754928.5144719078
2024-02-16,180.83482360839844,173.8699951171875,72.57256317138672,123.2607192993164,0.10344393967174095,1.2379129088306216,1.0,107.04147735595703,True,1.0,0.0,-0.018135412351088065,-0.018635412351088065,7.412375745663653,10.153750237196183,1015375.0237196183,741237.5745663653
2024-02-20,180.09091186523438,165.69000244140625,69.41333770751953,121.93753814697266,0.06646419529529847,1.2364034552973917,1.0,107.58513168334962,True,1.0,0.0,-0.010734816086304333,-0.010734816086304333,7.332805255271371,10.044751595813613,1004475.1595813613,733280.5255271371
2024-02-21,180.8447723388672,164.2899932861328,67.43443298339844,121.94725799560547,0.04330878005337049,1.230945467793551,1.0,108.10109146118164,True,1.0,0.0,7.971170142129225e-05,7.971170142129225e-05,7.333389765654459,10.04555228005367,1004555.228005367,733338.9765654459
2024-02-22,182.878173828125,181.86000061035156,78.49427032470703,125.5763168334961,0.03170508765947909,1.2454468520440969,1.0,108.66910293579102,True,1.0,0.0,0.029759249183129777,0.029759249183129777,7.551625939047584,10.344500373537944,1034450.0373537943,755162.5939047585
2024-02-23,181.04315185546875,176.52000427246094,78.77311706542969,126.02385711669922,0.09887929613144839,1.237643381304862,1.0,109.23444488525391,True,1.0,0.0,0.003563890823430782,0.003563890823430782,7.578539109433738,10.381367043492173,1038136.7043492172,757853.9109433738
2024-02-26,179.6941375732422,176.00999450683594,79.0479736328125,127.1037826538086,0.08516495509605818,1.2316269182098287,1.0,109.80879653930664,True,1.0,0.0,0.008569215082104398,0.008569215082104398,7.643481241070615,10.470327210534128,1047032.7210534128,764348.1241070615
2024-02-27,181.15225219726562,178.0,78.65716552734375,125.10929107666016,0.09035654489178853,1.2460417586223431,1.0,110.33318725585937,True,1.0,0.0,-0.01569183493602877,-0.01569183493602877,7.523540995099103,10.306028564220217,1030602.8564220216,752354.0995099103
2024-02-28,179.95201110839844,176.5399932861328,77.61975860595703,123.93205261230469,0.09029590319824976,1.2419268124080387,1.0,110.79883270263672,True,1.0,0.0,-0.009409680561886624,-0.009409680561886624,7.452746877640962,10.209052127569226,1020905.2127569226,745274.6877640962
2024-02-29,179.2874755859375,192.52999877929688,79.06794738769531,125.18711853027344,0.09608723912522821,1.1776531095458507,1.0,111.30728652954102,True,1.0,0.0,0.010127048584396059,0.010127048584396059,7.528221207358038,10.312439694465752,1031243.9694465752,752822.1207358037
2024-03-01,178.20628356933594,202.63999938964844,82.23318481445312,130.27554321289062,0.13454972634398396,1.2304690052189562,1.0,111.9099200439453,True,1.0,0.0,0.04064655167685394,0.04064655167685394,7.834217439697704,10.731604807421293,1073160.4807421293,783421.7439697704
2024-03-04,173.6831817626953,205.36000061035156,85.18953704833984,134.51754760742188,0.15171680376335286,1.2454913595581003,1.0,112.57910232543945,True,1.0,0.0,0.03256178627172668,0.03256178627172668,8.089313553575375,11.08104502951318,1108104.5029513182,808931.3553575375
2024-03-05,168.7434844970703,205.1300048828125,85.92017364501953,131.3166046142578,0.1324739694123748,1.2724621259404933,1.0,113.2587922668457,True,1.0,0.0,-0.023795728141771888,-0.023795728141771888,7.896822447400944,10.817363494464152,1081736.3494464152,789682.2447400944
2024-03-06,167.75155639648438,210.6300048828125,88.65476989746094,137.7379608154297,0.11482202645906557,1.34526406868197,1.0,114.01806838989258,True,1.0,0.0,0.04889980379887682,0.04889980379887682,8.282975515713417,11.346330446964581,1134633.0446964581,828297.5515713417
2024-03-07,167.63253784179688,211.3800048828125,92.62174224853516,145.16143798828125,0.12211536759264616,1.3614448334477296,1.0,114.91413879394531,True,1.0,0.0,0.053895651778953724,0.053895651778953724,8.729391879801907,11.957848321703125,1195784.8321703125,872939.1879801907
2024-03-08,169.3485107421875,207.38999938964844,87.48336791992188,142.4080047607422,0.1250564407107198,1.1870533302582982,1.0,115.72984451293945,True,1.0,0.0,-0.018968076272166345,-0.018968076272166345,8.563812108816196,11.731030942686063,1173103.0942686063,856381.2108816196
2024-03-11,171.35218811035156,198.38999938964844,85.73026275634766,135.25697326660156,0.11089091509190659,1.3090296439076776,1.0,116.3986376953125,True,1.0,0.0,-0.050215095044376046,-0.050215095044376046,8.133779469829811,11.141956108930566,1114195.6108930567,813377.9469829812
2024-03-12,171.8282928466797,202.75999450683594,91.86613464355469,140.4913330078125,0.08161944361542178,1.3186814879325373,1.0,117.17114517211914,True,1.0,0.0,0.03869937064829654,0.03869937064829654,8.44855161630426,11.573142798137122,1157314.2798137122,844855.161630426
2024-03-13,169.74530029296875,194.7899932861328,90.84164428710938,138.2925262451172,0.11125494602639968,1.2866696813421499,1.0,117.9132975769043,True,1.0,0.0,-0.0156508356467302,-0.0156508356467302,8.316324723504565,11.392013442287338,1139201.3442287338,831632.4723504564
2024-03-14,171.6001739501953,187.05999755859375,87.89916229248047,135.8407440185547,0.09568507591622545,1.288790385693368,1.0,118.65447738647461,True,1.0,0.0,-0.017728956821692843,-0.017728956821692843,8.168884961566375,11.190044927856881,1119004.4927856883,816888.4961566376
2024-03-15,171.2232208251953,191.05999755859375,87.7922134399414,133.27220153808594,0.07027536356980511,1.2915795330892101,1.0,119.37074996948242,True,1.0,0.0,-0.018908483599868298,-0.018908483599868298,8.014423734241387,10.97845814685671,1097845.814685671,801442.3734241386
2024-03-18,172.31434631347656,190.64999389648438,88.40989685058594,133.48126220703125,0.07725494769691674,1.2549177083524536,1.0,120.11144088745117,True,1.0,0.0,0.0015686742361313843,0.0015686742361313843,8.02699575427073,10.99567977130413,1099567.977130413,802699.575427073
2024-03-19,174.65524291992188,181.4199981689453,89.35240936279297,131.75216674804688,0.08786928735691123,1.244090097466974,1.0,120.80820953369141,True,1.0,0.0,-0.012953844085640487,-0.012953844085640487,7.923015302793809,10.853243449931027,1085324.3449931026,792301.5302793809
2024-03-20,177.22430419921875,179.72999572753906,90.32591247558594,133.5886993408203,0.11394231267531527,1.234174478322795,1.0,121.49053253173828,True,1.0,0.0,0.01393929707649888,0.01393929707649888,8.0334565668411,11.004530034623182,1100453.003462318,803345.6566841099
2024-03-21,169.98336791992188,178.67999267578125,91.38836669921875,136.22630310058594,0.12497233832066396,1.2056108012966198,1.0,122.23241821289062,True,1.0,0.0,0.019744213191539517,0.019744213191539517,8.192070845961783,11.221805821699482,1122180.5821699481,819207.0845961784
2024-03-22,170.88601684570312,179.64999389648438,94.24091339111328,137.2910919189453,0.05669477616115471,1.194117779963236,1.0,123.01680938720703,True,1.0,0.0,0.007816323236586431,0.007816323236586431,8.256102719670837,11.309519083300092,1130951.9083300093,825610.2719670837
2024-03-25,169.4675750732422,178.6300048828125,94.95355224609375,136.98825073242188,0.07515698590631255,1.1834596723113464,1.0,123.78697143554687,True,1.0,0.0,-0.0022058327477082473,-0.0022058327477082473,8.237891137923343,11.284572175745318,1128457.2175745317,823789.1137923343
2024-03-26,168.3367919921875,177.8699951171875,92.51380157470703,135.63040161132812,0.07288638441113993,1.1642498156073358,1.0,124.52958724975586,True,1.0,0.0,-0.009912157530546417,-0.009912157530546417,8.156235863244754,11.172717718674509,1117271.7718674508,815623.5863244755
2024-03-27,171.9076385498047,179.58999633789062,90.20398712158203,133.53009033203125,0.054332626613328036,1.160595405359603,1.0,125.2218295288086,True,1.0,0.0,-0.015485549363155826,-0.015485549363155826,8.029932070166936,10.999702046921369,1099970.204692137,802993.2070166935
2024-03-28,170.09246826171875,180.49000549316406,90.30992889404297,132.90492248535156,0.06668486316145651,1.1511344008341742,1.0,125.87666137695312,True,1.0,0.0,-0.004681849949514483,-0.004681849949514483,7.99233713310962,10.948203092448315,1094820.3092448316,799233.7133109621
2024-04-01,168.65420532226562,183.33999633789062,90.31692504882812,138.2191162109375,0.06276984844762357,1.138742011422993,1.0,126.44163391113281,True,1.0,0.0,0.03998492776798135,0.03998492776798135,8.311910156074363,11.385966202289051,1138596.620228905,831191.0156074363
2024-04-02,167.47381591796875,178.6999969482422,89.40638732910156,136.97848510742188,0.05466031645896614,1.0986081563603358,1.0,126.95902740478516,True,1.0,0.0,-0.008975828651821782,-0.008975828651821782,8.237303874744102,11.28376772062187,1128376.772062187,823730.3874744102
2024-04-03,168.2772674560547,180.77000427246094,88.91864013671875,138.71734619140625,0.044947215470704883,1.067569724877921,1.0,127.53396453857422,True,1.0,0.0,0.01269441023983231,0.01269441023983231,8.341871589400263,11.427008497118422,1142700.8497118421,834187.1589400263
2024-04-04,167.45401000976562,165.8300018310547,85.86119079589844,136.4314422607422,0.05425372598023452,0.9816959466992324,1.0,128.04177947998048,True,1.0,0.0,-0.016478861464880534,-0.016478861464880534,8.204407043120714,11.238704407136394,1123870.4407136394,820440.7043120714
2024-04-05,168.20782470703125,170.4199981689453,87.96312713623047,138.09213256835938,0.004626846059417836,0.847386257787308,1.0,128.53630172729493,True,1.0,0.0,0.012172342973867822,0.012172342973867822,8.304273899546796,11.375505771761977,1137550.5771761977,830427.3899546796
2024-04-08,167.0869903564453,169.89999389648438,87.08856201171875,139.48907470703125,0.008404104297438215,0.8359561832843484,1.0,129.0579849243164,True,1.0,0.0,0.010116015392696909,0.010116015392696909,8.388280062139783,11.490580563248834,1149058.0563248834,838828.0062139783
2024-04-09,168.29710388183594,170.77999877929688,85.31045532226562,142.0387420654297,0.005519157835965405,0.7116195106893893,1.0,129.61704025268554,True,1.0,0.0,0.018278616900667677,0.018278616900667677,8.541606219851145,11.700612483330717,1170061.2483330718,854160.6219851145
2024-04-10,166.42239379882812,167.13999938964844,86.99461364746094,142.8397979736328,0.008055600783070473,0.6286110735890792,1.0,130.1975648498535,True,1.0,0.0,0.005639700102624934,0.005639700102624934,8.589778317325822,11.766600428753732,1176660.0428753733,858977.8317325822
2024-04-11,173.6236572265625,170.5,90.56978607177734,143.79714965820312,-0.010660146019242603,0.6105888468856857,1.0,130.81513870239257,True,1.0,0.0,0.006702275543312153,0.006702275543312153,8.647349378464508,11.845463427035295,1184546.3427035294,864734.9378464508
2024-04-12,175.12147521972656,163.27999877929688,88.14102935791016,139.22535705566406,0.03227825172188438,0.6579962701067923,1.0,131.4015985107422,True,1.0,0.0,-0.03179334648430743,-0.03179334648430743,8.372421203504125,11.46885650403237,1146885.650403237,837242.1203504124
2024-04-15,171.29266357421875,160.32000732421875,85.95713806152344,136.9003448486328,0.02869539232917041,0.6569672596602982,1.0,131.93319076538086,True,1.0,0.0,-0.016699631850121133,-0.016699631850121133,8.232604851711457,11.277330822673163,1127733.0822673163,823260.4851711458
2024-04-16,168.00946044921875,163.4600067138672,87.37041473388672,136.5681915283203,-0.003297744989368301,0.6622125024157733,1.0,132.41221740722656,True,1.0,0.0,-0.0024262416627200967,-0.0024262416627200967,8.212630562827524,11.249969292786915,1124996.9292786915,821263.0562827524
2024-04-17,166.64064025878906,154.02000427246094,83.99214935302734,135.8159942626953,-0.020142071933021807,0.6557592713108343,1.0,132.8170458984375,True,1.0,0.0,-0.005507851112380169,-0.005507851112380169,8.167396616446487,11.188006136903395,1118800.6136903395,816739.6616446486
2024-04-18,165.68838500976562,155.0800018310547,84.6278076171875,129.2122802734375,-0.04640454171086297,0.7871418492172785,1.0,133.07831954956055,False,-1.0,2.0,-0.04862250595084483,-0.04862250595084483,7.770277325860407,10.644017241933721,1064401.724193372,777027.7325860407
2024-04-19,163.66488647460938,146.63999938964844,76.1611328125,124.74791717529297,-0.053879843328881405,0.8161511548914862,1.0,133.14133773803712,False,-1.0,0.0,-0.0345506099629006,0.0325506099629006,7.501809504671034,10.990486495614295,1099048.6495614296,750180.9504671034
2024-04-22,164.4980926513672,148.63999938964844,79.47744750976562,126.75053405761719,-0.08510289822340128,0.8322433785610984,1.0,133.0741456604004,False,-1.0,0.0,0.016053309166758956,-0.016053309166758956,7.622238371959648,10.81405281800711,1081405.2818007108,762223.8371959649
2024-04-23,165.5495147705078,152.27000427246094,82.38096618652344,130.34544372558594,-0.07801509330704111,0.883763421421581,1.0,133.09091567993164,False,-1.0,0.0,0.028362086950533882,-0.028362086950533882,7.838420959422864,10.507343711695126,1050734.3711695126,783842.0959422864
2024-04-24,167.65240478515625,151.74000549316406,79.63638305664062,129.8960723876953,-0.05633437604355248,0.8826796692603326,1.0,133.15026321411133,False,-1.0,0.0,-0.0034475415867751824,0.0034475415867751824,7.8113976771906035,10.543568216107737,1054356.8216107737,781139.7677190603
2024-04-25,168.51535034179688,153.75999450683594,82.5898666381836,133.42263793945312,-0.0531038685130497,0.9120114736516747,1.0,133.33676681518554,True,-1.0,0.0,0.027149131509013102,-0.027149131509013102,8.02347033999785,10.257319496034377,1025731.9496034377,802347.033999785
2024-04-26,167.9300994873047,157.39999389648438,87.69026184082031,135.10289001464844,-0.04072485858859186,0.9190683663705036,1.0,133.523406829834,True,-1.0,0.0,0.012593455661982889,-0.012593455661982889,8.124513557979848,10.128144397750276,1012814.4397750276,812451.3557979848
2024-04-29,172.0961151123047,160.1999969482422,87.7122573852539,135.29824829101562,-0.013508756537790722,0.8419116184996615,1.0,133.71862396240235,True,-1.0,0.0,0.0014459962799167059,-0.0014459962799167059,8.13626157436082,10.11349913862867,1011349.913862867,813626.1574360819
2024-04-30,168.95179748535156,158.3800048828125,86.35795593261719,134.16506958007812,-0.0006315580827560719,0.8436684282070316,1.0,133.93671096801756,True,-1.0,0.0,-0.008375413024565681,0.008375413024565681,8.068117023199644,10.198203871038274,1019820.3871038274,806811.7023199644
2024-05-01,167.9300994873047,144.27000427246094,82.99864196777344,131.82052612304688,-0.015510258053524252,0.8486318477986041,1.0,134.13437072753905,False,-1.0,0.0,-0.017475066083664004,0.017475066083664004,7.927126145048495,10.376418157619346,1037641.8157619346,792712.6145048495
2024-05-02,171.62991333007812,146.16000366210938,85.77323913574219,133.0807342529297,-0.05093554998519435,0.846067801466181,1.0,134.35704025268555,False,-1.0,0.0,0.009560029586791918,-0.009560029586791918,8.00290970553339,10.27721929302758,1027721.929302758,800290.9705533391
2024-05-03,181.8961639404297,150.60000610351562,88.74372100830078,138.2875213623047,-0.009244100781218,0.9197998637651182,1.0,134.61126434326172,True,-1.0,0.0,0.039125025411109515,-0.039125025411109515,8.316023751125199,9.87512282703233,987512.282703233,831602.3751125198
2024-05-06,180.23971557617188,155.77999877929688,92.09300231933594,139.52813720703125,0.02571425088667176,0.9227340929908182,1.0,134.88134994506837,True,1.0,2.0,0.008971278337372324,-0.008971278337372324,8.390629114856742,9.786530351535284,978653.0351535283,839062.9114856742
2024-05-07,180.92410278320312,154.42999267578125,90.50782012939453,137.84791564941406,0.04297448852052752,0.9160909711581448,1.0,135.09623260498046,True,1.0,0.0,-0.012042170068708669,-0.014042170068708669,8.289587732072178,9.649106227956446,964910.6227956447,828958.7732072178
2024-05-08,181.26136779785156,153.6199951171875,90.36590576171875,140.2803497314453,0.03407661496029122,0.9358868020902427,1.0,135.39965377807619,True,1.0,0.0,0.017645780645806797,0.017645780645806797,8.435863978836494,9.819372239883053,981937.2239883053,843586.3978836494
2024-05-09,183.0765380859375,152.38999938964844,88.70174407958984,139.48907470703125,0.03937878517430888,0.9394884920876843,1.0,135.7107942199707,True,1.0,0.0,-0.005640669031185652,-0.005640669031185652,8.388280062139776,9.763984410983861,976398.4410983861,838828.0062139776
2024-05-10,181.81512451171875,151.9199981689453,89.83216857910156,145.80950927734375,0.013950727859346432,0.9905596557952224,1.0,136.1232420349121,True,1.0,0.0,0.04531132336770671,0.04531132336770671,8.768364132534279,10.206403465987197,1020640.3465987197,876836.4132534278
2024-05-13,185.02334594726562,150.55999755859375,90.3529052734375,143.02537536621094,0.015497773098962275,0.9948736785754527,1.0,136.37823867797852,True,1.0,0.0,-0.019094323305327898,-0.019094323305327898,8.600938152928828,10.011519098423019,1001151.9098423019,860093.8152928828
2024-05-14,186.1655731201172,153.16000366210938,91.3094253540039,148.43731689453125,0.04413865593420413,1.0473418674806536,1.0,136.6566340637207,True,1.0,0.0,0.03783903041305248,0.03783903041305248,8.926389313278285,10.390345274069103,1039034.5274069103,892638.9313278286
2024-05-15,188.4401397705078,159.6699981689453,94.58174896240234,151.9833984375,0.05918099619320455,1.0568938240844252,1.0,137.06996994018556,True,1.0,0.0,0.023889420916226367,0.023889420916226367,9.139635584845296,10.638564605786264,1063856.4605786265,913963.5584845296
2024-05-16,188.55929565429688,162.6199951171875,94.3108901977539,148.7108612060547,0.11027417132403791,0.9512668475841709,1.0,137.28942794799804,True,1.0,0.0,-0.021532201971329656,-0.021532201971329656,8.942839105488055,10.409492884009435,1040949.2884009435,894283.9105488055
2024-05-17,188.589111328125,164.47000122070312,92.43183898925781,148.17355346679688,0.11622942086922215,0.8658241367118626,1.0,137.34967025756836,True,1.0,0.0,-0.0036131035413299317,-0.0036131035413299317,8.910527701846473,10.371882308406772,1037188.2308406772,891052.7701846473
2024-05-20,189.75120544433594,166.3300018310547,94.73167419433594,150.00033569335938,0.125548521926868,0.865833309528667,1.0,137.5015168762207,True,1.0,0.0,0.012328665836929265,0.012328665836929265,9.020382620313239,10.499753779487078,1049975.3779487077,902038.2620313239
2024-05-21,191.05239868164062,164.66000366210938,95.33735656738281,150.11758422851562,0.1288892271408999,0.8479337187054788,1.0,137.79872909545898,True,1.0,0.0,0.0007816551517321191,0.0007816551517321191,9.027433448859002,10.507960966120732,1050796.0966120732,902743.3448859002
2024-05-22,189.6121368408203,165.52000427246094,94.90157318115234,152.5402069091797,0.12071153533334851,0.847579837129948,1.0,138.03970657348634,True,1.0,0.0,0.01613816724479289,0.01613816724479289,9.173119679647925,10.677540197593745,1067754.0197593744,917311.9679647925
2024-05-23,185.61929321289062,160.42999267578125,103.74607849121094,153.45849609375,0.11545438554342831,0.8289646995596491,1.0,138.343025970459,True,1.0,0.0,0.006019981244138828,0.006019981244138828,9.228341688069646,10.741818789316797,1074181.8789316798,922834.1688069646
2024-05-24,188.6983642578125,166.36000061035156,106.41471099853516,156.30123901367188,0.11382820424671529,0.8370288900892282,1.0,138.75223587036132,True,1.0,0.0,0.01852450657528415,0.01852450657528415,9.39929216434926,10.940805682110007,1094080.5682110006,939929.216434926
2024-05-28,188.70831298828125,171.61000061035156,113.84291076660156,155.72486877441406,0.11900517407594863,0.8451407614082612,1.0,139.20128921508788,True,1.0,0.0,-0.0036875602707627797,-0.0036875602707627797,9.364631707990714,10.900460801746522,1090046.0801746522,936463.1707990714
2024-05-29,189.00628662109375,165.13999938964844,114.76644897460938,150.7720489501953,0.1271897116031327,0.9180233191485939,1.0,139.54710494995118,True,1.0,0.0,-0.0318049381784582,-0.0318049381784582,9.06679017545404,10.553772319830268,1055377.2319830267,906679.017545404
2024-05-30,189.99952697753906,166.75,110.44364929199219,149.42398071289062,0.13735022925260387,0.903042232921956,1.0,139.90054122924803,True,1.0,0.0,-0.008941101793675243,-0.008941101793675243,8.985723081553411,10.459409967211393,1045940.9967211393,898572.3081553411
2024-05-31,190.95306396484375,166.89999389648438,109.57709503173828,147.54837036132812,0.1602401067467917,0.9252327454430836,1.0,140.1797346496582,True,1.0,0.0,-0.012552271346366939,-0.012552271346366939,8.87293184719044,10.32812061518006,1032812.061518006,887293.184719044
2024-06-03,192.72103881835938,163.5500030517578,114.94135284423828,151.36795043945312,0.13930722621225256,0.8896153558234898,1.0,140.48256759643556,True,1.0,0.0,0.02588696892260689,0.02588696892260689,9.102625158171067,10.59548435257416,1059548.435257416,910262.5158171067
2024-06-04,193.03887939453125,159.99000549316406,116.37762451171875,148.9453125,0.11492680301103551,0.9137756439762555,1.0,140.71565200805665,True,1.0,0.0,-0.016004959652421102,-0.016004959652421102,8.956938009783427,10.425904053013353,1042590.4053013353,895693.8009783427
2024-06-05,194.5486297607422,166.1699981689453,122.3775634765625,159.15371704101562,0.11101343049405046,1.102895733979295,1.0,141.1589613342285,True,1.0,0.0,0.0685379376475217,0.0685379376475217,9.57082806861068,11.140474014917826,1114047.4014917826,957082.806861068
2024-06-06,193.1680145263672,166.77999877929688,120.9363021850586,158.32337951660156,0.1441331661878081,1.1069152962471576,1.0,141.61282089233399,True,1.0,0.0,-0.005217204724160318,-0.005217204724160318,9.520895099196999,11.082351881257813,1108235.1881257812,952089.5099196999
2024-06-07,195.561767578125,167.8699951171875,120.82635498046875,160.58973693847656,0.128474406556664,1.1045223403662887,1.0,142.15401382446288,True,1.0,0.0,0.014314736261913596,0.014314736261913596,9.65718420151935,11.24099282559974,1124099.282559974,965718.420151935
2024-06-10,191.8171844482422,160.33999633789062,121.72789764404297,164.2725830078125,0.14359582739256377,1.0489088028712705,1.0,142.7813670349121,True,1.0,0.0,0.02293325924524603,0.02293325924524603,9.878654910391887,11.498785428243169,1149878.5428243168,987865.4910391887
2024-06-11,205.75253295898438,158.9600067138672,120.85828399658203,161.87924194335938,0.12883818330756064,1.042474320701812,1.0,143.25456954956056,True,1.0,0.0,-0.014569327520340347,-0.014569327520340347,9.73472955154197,11.331255857252977,1133125.5857252977,973472.9551541969
2024-06-12,211.6326141357422,160.24000549316406,125.14643859863281,168.98117065429688,0.16098948588021916,1.066673921961339,1.0,143.89462326049804,True,1.0,0.0,0.04387176901546419,0.04387176901546419,10.161809357855232,11.828378096877504,1182837.8096877504,1016180.9357855232
2024-06-13,212.79470825195312,159.89999389648438,129.55455017089844,169.4456787109375,0.18295922775821158,1.055426015318296,1.0,144.50918991088867,True,1.0,0.0,0.0027488746517854157,0.0027488746517854157,10.189742898015316,11.860892825599745,1186089.2825599746,1018974.2898015316
2024-06-14,211.0565185546875,159.6300048828125,131.82359313964844,169.0536651611328,0.1769923862535235,1.0238494673868106,1.0,145.16163436889647,True,1.0,0.0,-0.002313505736982746,-0.002313505736982746,10.166168869362378,11.833452582001982,1183345.2582001982,1016616.8869362378
2024-06-17,215.20834350585938,158.39999389648438,130.92396545410156,173.6889190673828,0.17148697490659465,1.0422185844232312,1.0,145.87357009887694,True,1.0,0.0,0.027418831184949033,0.027418831184949033,10.44491333738911,12.157912020682994,1215791.2020682995,1044491.333738911
2024-06-18,212.8443603515625,154.6300048828125,135.52200317382812,176.08982849121094,0.1916907902466934,1.0468810379492863,1.0,146.60558517456056,True,1.0,0.0,0.01382304315508276,0.01382304315508276,10.589293825202938,12.325971363220596,1232597.1363220597,1058929.3825202938
2024-06-20,208.26547241210938,161.77999877929688,130.72406005859375,171.86618041992188,0.17729110924121255,1.0989679835299566,1.0,147.2021339416504,True,1.0,0.0,-0.023985758334132745,-0.023985758334132745,10.335301582582497,12.030323592868946,1203032.3592868946,1033530.1582582498
2024-06-21,206.0902557373047,161.22999572753906,126.5158462524414,170.47462463378906,0.15701252677087849,1.107877187542256,1.0,147.75483047485352,True,1.0,0.0,-0.008096740049338469,-0.008096740049338469,10.25161933233681,11.932917190028062,1193291.7190028063,1025161.933233681
2024-06-24,206.73587036132812,160.25,118.05946350097656,164.44784545898438,0.14679894564809107,1.1876332205385451,1.0,148.16784439086913,True,1.0,0.0,-0.035352939991809995,-0.035352939991809995,9.889194449261828,11.511053484681762,1151105.348468176,988919.4449261827
2024-06-25,207.65960693359375,160.25,126.03604125976562,169.1418914794922,0.1192021376915876,1.2073635443432342,1.0,148.76617507934571,True,1.0,0.0,0.02854428410056964,0.02854428410056964,10.171474425147334,11.83962826564537,1183962.826564537,1017147.4425147334
2024-06-26,211.81138610839844,157.5399932861328,126.3459243774414,168.62249755859375,0.12611889290723116,1.2084666754337008,1.0,149.40061813354492,True,1.0,0.0,-0.003070758617840119,-0.003070758617840119,10.140240282400173,11.803271625116617,1180327.1625116616,1014024.0282400172
2024-06-27,212.65565490722656,159.47000122070312,123.93694305419922,168.19131469726562,0.12089661662911809,1.1487696296855003,1.0,150.03308059692384,True,1.0,0.0,-0.0025570897571262075,-0.0025570897571262075,10.114310777839249,11.773089600143452,1177308.9600143451,1011431.0777839249
2024-06-28,209.19912719726562,162.2100067138672,123.48715209960938,170.32763671875,0.12661378430902448,1.1410329121133238,1.0,150.72331344604493,True,1.0,0.0,0.012701738049492262,0.012701738049492262,10.242780103890519,11.922628300277676,1192262.8300277677,1024278.0103890519
2024-07-01,215.28778076171875,157.69000244140625,124.246826171875,168.8772735595703,0.12030908640218424,1.1341064315989824,1.0,151.51661331176757,True,1.0,0.0,-0.008515136986105065,-0.008515136986105065,10.15556142818734,11.821105487066399,1182110.5487066398,1015556.142818734
2024-07-02,218.78404235839844,164.30999755859375,122.61751556396484,172.1797637939453,0.14428652232870348,1.121532239015831,1.0,152.46525024414063,True,1.0,0.0,0.01955556342641973,0.01955556342641973,10.35415915382716,12.052273865189123,1205227.3865189124,1035415.915382716
2024-07-03,220.05540466308594,163.89999389648438,128.22511291503906,178.83372497558594,0.14354407564021285,1.1358108630570138,1.0,153.5069140625,True,1.0,0.0,0.038645431002006125,0.038645431002006125,10.754300096990178,12.518039183263571,1251803.9183263571,1075430.0096990177
2024-07-05,224.81309509277344,171.89999389648438,125.77616882324219,180.30369567871094,0.16242866236527437,0.9371429955010495,1.0,154.5060791015625,True,1.0,0.0,0.008219762258632635,0.008219762258632635,10.842697887045427,12.620934489294246,1262093.4489294246,1084269.7887045427
2024-07-08,226.28311157226562,178.69000244140625,128.1451416015625,182.89077758789062,0.16326520918161866,0.9285025149041489,1.0,155.5659732055664,True,1.0,0.0,0.01434846856267269,0.01434846856267269,10.998273996812255,12.802025571045435,1280202.5571045435,1099827.3996812254
2024-07-09,227.13729858398438,177.10000610351562,131.3238067626953,180.82308959960938,0.18741061907264284,0.9407281439913485,1.0,156.51398223876953,True,1.0,0.0,-0.011305589136595962,-0.011305589136595962,10.873932029792588,12.657291129823001,1265729.1129823,1087393.2029792587
2024-07-10,231.4082794189453,183.9600067138672,134.852294921875,187.2222137451172,0.1736517186519566,0.9695908825426944,1.0,157.5563687133789,True,1.0,0.0,0.03538886632054106,0.03538886632054106,11.258748156773567,13.105218313596477,1310521.8313596477,1125874.8156773567
2024-07-11,226.0347900390625,181.94000244140625,127.34549713134766,180.80348205566406,0.22040476726506153,1.0302870877004322,1.0,158.4664733886719,True,1.0,0.0,-0.03428402838026223,-0.03428402838026223,10.872752915440516,12.655918637003603,1265591.8637003603,1087275.2915440516
2024-07-12,228.9847412109375,181.61000061035156,129.18472290039062,183.59637451171875,0.16459075165002485,0.9513118532581362,1.0,159.4550994873047,True,1.0,0.0,0.015447116528402027,0.015447116528402027,11.040705596709849,12.851416086963374,1285141.6086963373,1104070.559670985
2024-07-15,232.81871032714844,179.8300018310547,128.38504028320312,181.50904846191406,0.1587248506656948,0.9607412518913725,1.0,160.44886993408204,True,1.0,0.0,-0.011369102768810202,-0.011369102768810202,10.915182680140676,12.705307016745946,1270530.7016745945,1091518.2680140676
2024-07-16,233.23590087890625,177.5500030517578,126.30593872070312,182.31259155273438,0.16811064072132736,0.9573528223391694,1.0,161.43350708007813,True,1.0,0.0,0.00442701395676659,0.00442701395676659,10.963504346206316,12.761553588234085,1276155.3588234084,1096350.4346206316
2024-07-17,227.33595275878906,159.42999267578125,117.93952178955078,167.76992797851562,0.16322814447676237,1.233855625312471,1.0,162.02315521240234,True,1.0,0.0,-0.07976774094625405,-0.07976774094625405,10.088970371655,11.74359328753609,1174359.328753609,1008897.0371655
2024-07-18,222.6676483154297,155.77000427246094,121.03819274902344,168.426513671875,0.11766221108074967,1.2187130723772777,1.0,162.6011227416992,True,1.0,0.0,0.003913607767915606,0.003913607767915606,10.128454644471779,11.789553105449432,1178955.3105449432,1012845.4644471778
2024-07-19,222.79676818847656,151.5800018310547,117.87954711914062,162.44869995117188,0.10227775170623477,1.2395559498673003,1.0,163.09313842773437,False,1.0,0.0,-0.035492118137343764,-0.035492118137343764,9.768974335681458,11.371116893844333,1137111.6893844332,976897.4335681457
2024-07-22,222.4491424560547,155.8699951171875,123.48715209960938,165.95700073242188,0.09281967721859877,1.2537487289927085,1.0,163.6066714477539,True,1.0,0.0,0.02159636108078744,0.02159636108078744,9.97994863282378,11.616691640175636,1161669.1640175637,997994.863282378
2024-07-23,223.49205017089844,154.0,122.53754425048828,166.41758728027344,0.1203306974419251,1.1980017161747187,1.0,164.14524169921876,True,1.0,0.0,0.002775336658404459,0.002775336658404459,10.007646350113449,11.648931870333996,1164893.1870333997,1000764.6350113449
2024-07-24,217.06568908691406,144.6300048828125,114.20112609863281,156.5983428955078,0.12425299123783344,1.2902205667354842,1.0,164.36101837158202,False,1.0,0.0,-0.059003645860028375,-0.059003645860028375,9.417158728978949,10.96160241960921,1096160.241960921,941715.8728978949
2024-07-25,216.0227813720703,138.32000732421875,112.23196411132812,157.06874084472656,0.05648437627262022,1.2832254394223388,1.0,164.64188568115233,False,1.0,0.0,0.0030038501079965307,0.0030038501079965307,9.445446462244012,10.994529430221169,1099452.9430221168,944544.6462244012
2024-07-26,216.4896240234375,139.99000549316406,113.01162719726562,158.69544982910156,0.028908580600883388,1.2812371168127545,1.0,164.84704833984375,False,1.0,0.0,0.010356669160435317,0.010356669160435317,9.543269826326078,11.10839613410464,1110839.613410464,954326.9826326078
2024-07-29,216.76773071289062,139.75,111.54224395751953,156.80410766601562,0.03984398666637167,1.2664944643820606,1.0,164.94346252441406,False,1.0,0.0,-0.011918061703235394,-0.011918061703235394,9.4295325476853,10.976005583554398,1097600.55835544,942953.25476853
2024-07-30,217.32395935058594,138.44000244140625,103.68561553955078,151.44371032714844,0.052458306102454624,1.289950663271025,1.0,164.99811950683593,False,1.0,0.0,-0.03418531197080976,-0.03418531197080976,9.107181035803773,10.60078740848724,1060078.740848724,910718.1035803773
2024-07-31,220.5818328857422,144.47999572753906,116.96991729736328,162.47811889648438,0.017236624087157648,1.4588350987915062,1.0,165.28421081542967,False,1.0,0.0,0.07286145159478341,0.07286145159478341,9.77074346600892,11.373176167117323,1137317.6167117322,977074.346600892
2024-08-01,216.88693237304688,132.5399932861328,109.16327667236328,155.0107879638672,0.03645548537433678,1.442074403523394,1.0,165.38441986083984,False,1.0,0.0,-0.0459589942530948,-0.0459589942530948,9.321689923206153,10.850476429013344,1085047.6429013344,932168.9923206152
2024-08-02,218.37680053710938,132.5,107.22410583496094,146.8574981689453,-0.016583311478251088,1.481011970232544,1.0,165.31921813964843,False,-1.0,2.0,-0.052598208821584724,-0.052598208821584724,8.831385730055294,10.279760803986418,1027976.0803986419,883138.5730055294
2024-08-05,207.85824584960938,134.82000732421875,100.40702056884766,144.98574829101562,-0.026105747176940926,1.4496322689370769,1.0,165.16812896728516,False,-1.0,0.0,-0.012745347709630872,0.010745347709630872,8.718826648167866,10.390220408197086,1039022.0408197086,871882.6648167867
2024-08-06,205.83201599121094,130.17999267578125,104.20540618896484,152.2766876220703,-0.07542302179453589,1.5372146765944865,0.5,165.14449279785157,False,-0.5,0.5,0.0502872828329326,-0.0502872828329326,9.157272749795593,9.86772445583357,986772.4455833571,915727.2749795594
2024-08-07,208.404541015625,128.6699981689453,98.86769104003906,151.93368530273438,-0.08183461367732608,1.4695917050356764,1.0,165.0571417236328,False,-1.0,0.5,-0.002252493961434343,0.0006262469807171715,9.136646048223472,9.873904088480586,987390.4088480585,913664.6048223472
2024-08-08,211.87098693847656,136.32000732421875,104.92509460449219,161.25315856933594,-0.10098331040643463,1.563484743910308,0.5,165.16770751953126,False,-0.5,0.5,0.06133908519386022,-0.06183908519386022,9.697079558561597,9.263310892357032,926331.0892357031,969707.9558561598
2024-08-09,214.78123474121094,134.27000427246094,104.70518493652344,163.77166748046875,-0.05691182151667594,1.5485657263251305,0.5,165.42769989013672,False,-0.5,0.0,0.01561835398126421,-0.008309176990632106,9.848531979691694,9.186340402633187,918634.0402633187,984853.1979691695
2024-08-12,216.31259155273438,136.77000427246094,108.97335815429688,164.27146911621094,-0.06145895965279995,1.534315682834917,0.5,165.72464965820313,False,-0.5,0.0,0.0030518199114129008,-0.0015259099557064504,9.878587925685505,9.1723228743563,917232.2874356301,987858.7925685504
2024-08-13,220.0316925048828,141.1300048828125,116.0903091430664,168.8870849609375,-0.05746940530894797,1.540928097065308,0.5,166.15142395019532,True,-0.5,0.0,0.02809748929353839,-0.014048744646769196,10.156151444162731,9.043463252476748,904346.3252476748,1015615.1444162731
2024-08-14,220.47914123535156,140.75,118.02948760986328,166.56455993652344,-0.025801433840431313,1.3678592345119192,1.0,166.45535614013673,True,-0.5,0.0,-0.0137519397942788,0.0068759698971394,10.016484660961027,9.105645833566665,910564.5833566665,1001648.4660961026
2024-08-15,223.46237182617188,147.36000061035156,122.80744171142578,170.47462463378906,0.013187420123377053,1.3680296774699494,1.0,166.8859423828125,True,1.0,1.5,0.023474769775489568,-0.011737384887744784,10.251619332336809,8.998769363766604,899876.9363766604,1025161.9332336809
2024-08-16,224.78494262695312,148.55999755859375,124.52669525146484,171.0430145263672,0.04195128025957988,1.3159397333175593,1.0,167.12372833251953,True,1.0,0.0,0.003334161279422876,0.0018341612794228758,10.28579988456607,9.015274558096081,901527.4558096081,1028579.9884566069
2024-08-19,224.6258087158203,155.27999877929688,129.94436645507812,171.9347686767578,0.05709336374892206,1.2939169528125125,1.0,167.39595611572267,True,1.0,0.0,0.005213625080568107,0.005213625080568107,10.339426188817948,9.062276819640378,906227.6819640377,1033942.6188817947
2024-08-20,225.2423553466797,156.39999389648438,127.19556427001953,168.5930938720703,0.06687323280364837,1.2935366531407426,1.0,167.55602325439452,True,1.0,0.0,-0.019435712918368098,-0.019435712918368098,10.138472069671424,8.886145008987066,888614.5008987066,1013847.2069671424
2024-08-21,225.13296508789062,157.80999755859375,128.4450225830078,168.005126953125,0.06294730783182106,1.1772158136608417,1.0,167.63067413330077,True,1.0,0.0,-0.003487491126958453,-0.003487491126958453,10.10311423828753,8.855154657115358,885515.4657115359,1010311.423828753
2024-08-22,223.2734375,151.6999969482422,123.68705749511719,163.1053009033203,0.09293289275062358,1.197753078133553,1.0,167.6551953125,False,1.0,0.0,-0.02916474121156898,-0.02916474121156898,9.808459526096955,8.596896363152169,859689.6363152169,980845.9526096955
2024-08-23,225.57049560546875,154.97999572753906,129.31463623046875,167.84832763671875,0.07435309094401263,1.2064519611900177,1.0,167.63253845214842,True,1.0,0.0,0.029079537618522,0.029079537618522,10.093684993865843,8.846890134346987,884689.0134346987,1009368.4993865843
2024-08-26,225.90858459472656,149.99000549316406,126.4059066772461,165.6826171875,0.09394338673676857,1.197985770877892,1.0,167.5572772216797,False,1.0,0.0,-0.01290278240904541,-0.01290278240904541,9.963448372684544,8.732740635946778,873274.0635946777,996344.8372684544
2024-08-27,226.75384521484375,150.5,128.2451171875,167.13294982910156,0.08598473618054606,1.1489199811901771,1.0,167.51886291503905,False,1.0,0.0,0.008753680176117884,0.008753680176117884,10.050665213190287,8.809184254534845,880918.4254534845,1005066.5213190287
2024-08-28,225.2224578857422,146.36000061035156,125.55626678466797,165.8099822998047,0.10748822637223726,1.0017406174295642,1.0,167.3612841796875,False,1.0,0.0,-0.007915659543193954,-0.007915659543193954,9.97110756918005,8.739453751122682,873945.3751122681,997110.7569180051
2024-08-29,228.50399780273438,145.49000549316406,117.53968811035156,165.76100158691406,0.05196929225678128,0.9199040536962384,1.0,167.15470764160156,False,1.0,0.0,-0.00029540267848326973,-0.00029540267848326973,9.96816207729667,8.73687209307612,873687.2093076119,996816.207729667
2024-08-30,227.71841430664062,148.55999755859375,119.31893157958984,168.25990295410156,0.07421394234834867,0.7986266819264987,1.0,167.08258209228515,True,1.0,0.0,0.015075327388615278,0.015075327388615278,10.118435384074697,8.868583300231698,886858.3300231699,1011843.5384074698
2024-09-03,221.52328491210938,136.94000244140625,107.95379638671875,157.27450561523438,0.07345181718956872,0.9684417352007334,1.0,166.81857971191405,False,1.0,0.0,-0.06528826622385375,-0.06528826622385375,9.457820280950367,8.289568872697748,828956.8872697748,945782.0280950366
2024-09-04,219.61404418945312,140.8699951171875,106.16455841064453,157.64688110351562,0.04810178484530693,0.8917194785351081,1.0,166.68256042480468,False,1.0,0.0,0.0023676786445747666,0.0023676786445747666,9.4802133600538,8.309195907890366,830919.5907890366,948021.3360053799
2024-09-05,221.13546752929688,139.44000244140625,107.16413116455078,160.42019653320312,0.043876856378442484,0.897843558819304,1.0,166.5081265258789,False,1.0,0.0,0.01759194606499359,0.01759194606499359,9.646988762168498,8.45537083414544,845537.0834145439,964698.8762168498
2024-09-06,219.58419799804688,134.35000610351562,102.78601837158203,153.6780548095703,0.05967047846600513,0.8270540459451113,1.0,166.20923767089843,False,1.0,0.0,-0.04202801062045425,-0.04202801062045425,9.241545016016676,8.100008418928095,810000.8418928095,924154.5016016676
2024-09-09,219.67369079589844,138.14999389648438,106.42445373535156,159.51861572265625,0.0010409344650846811,0.8741281245211413,1.0,166.03578369140624,False,1.0,0.0,0.038005172048301006,0.038005172048301006,9.592771524342508,8.407850632482143,840785.0632482143,959277.1524342508
2024-09-10,218.878173828125,142.83999633789062,108.05374908447266,159.1756134033203,0.00353328213483472,0.8726750010603741,1.0,165.81274322509765,False,1.0,0.0,-0.0021502338005007227,-0.0021502338005007227,9.572144822770387,8.38977178786262,838977.1787862619,957214.4822770386
2024-09-11,221.41392517089844,149.86000061035156,116.8599853515625,166.8193817138672,-0.003959087697355708,0.9252943437026123,1.0,165.77158538818358,True,1.0,0.0,0.04802097599698918,0.04802097599698918,10.031808559544348,8.792656817507787,879265.6817507787,1003180.8559544348
2024-09-12,221.52328491210938,150.77000427246094,119.0992202758789,168.6153564453125,0.008552733588475005,0.920275609754979,1.0,165.70029724121093,True,1.0,0.0,0.010765983622489372,0.010765983622489372,10.139810846200351,8.887318416803245,888731.8416803245,1013981.0846200351
2024-09-13,221.25477600097656,152.30999755859375,119.0592269897461,169.66781616210938,0.008630938140334212,0.9015268546959887,1.0,165.5169790649414,True,1.0,0.0,0.006241778560295064,0.006241778560295064,10.203101300145612,8.942791090355763,894279.1090355763,1020310.1300145611
2024-09-16,215.10939025878906,152.0800018310547,116.74002075195312,166.30397033691406,-0.0074790062181988495,0.9127132254667569,1.0,165.23698455810546,True,1.0,0.0,-0.019826068969858834,-0.019826068969858834,10.000813910062469,8.76549069741533,876549.069741533,1000081.3910062469
2024-09-17,215.57672119140625,150.82000732421875,115.55043029785156,164.6023712158203,-0.03005821469881208,0.9126144692344077,1.0,164.87121643066405,False,-1.0,2.0,-0.010231861077318216,-0.010231861077318216,9.898486971474599,8.675803414324852,867580.3414324851,989848.6971474598
2024-09-18,219.45492553710938,148.2899932861328,113.33118438720703,164.53350830078125,-0.04059469640619591,0.9012230629233722,1.0,164.5454248046875,False,-1.0,0.0,-0.0004183591920967622,-0.0015816408079032378,9.894345848462232,8.66208140960341,866208.140960341,989434.5848462231
2024-09-19,227.58914184570312,156.74000549316406,117.82965087890625,173.3267364501953,-0.03211640674235047,0.9917142302770265,1.0,164.26751525878908,True,-1.0,0.0,0.053443388159810645,-0.053443388159810645,10.42313321422901,8.199150430558095,819915.0430558096,1042313.321422901
2024-09-20,226.9228973388672,155.9499969482422,115.96029663085938,171.22189331054688,-1.0536895765245191e-05,0.965702149967594,1.0,164.0758834838867,True,-1.0,0.0,-0.012143787985376742,0.012143787985376742,10.296556894332074,8.298719175047003,829871.9175047002,1029655.6894332074
2024-09-23,225.20257568359375,156.75,116.22020721435547,171.8907012939453,0.005410045276640346,0.9408285152159802,1.0,163.84177001953125,True,-1.0,0.0,0.0039060891715840818,-0.0039060891715840818,10.336776163721623,8.266303637939334,826630.3637939334,1033677.6163721624
2024-09-24,226.09751892089844,158.32000732421875,120.82862854003906,178.98233032226562,-0.011561225296264799,0.9781380770452368,1.0,163.79123565673828,True,-1.0,0.0,0.041256618158728164,-0.041256618158728164,10.76323659090053,7.9252639051647655,792526.3905164766,1076323.659090053
2024-09-25,225.10313415527344,162.02000427246094,123.46772003173828,179.35609436035156,0.011171659320179831,0.9753528209073853,1.0,163.73210571289061,True,1.0,2.0,0.0020882733922000796,-0.0020882733922000796,10.785713171487261,7.908713787425446,790871.3787425447,1078571.3171487262
2024-09-26,226.2467041015625,167.49000549316406,123.9975357055664,183.76255798339844,0.009903775689295282,0.9802138874309478,1.0,164.0519583129883,True,1.0,0.0,0.024568240286241272,0.02256824028624127,11.050699164342838,8.087199540535172,808719.9540535172,1105069.9164342838
2024-09-27,226.5151824951172,164.35000610351562,121.35844421386719,175.0480194091797,0.026657652906672633,1.0562239788831602,1.0,164.18438842773438,True,1.0,0.0,-0.04742281926117964,-0.04742281926117964,10.526643855162538,7.703681738395278,770368.1738395278,1052664.3855162538
2024-09-30,231.69602966308594,164.0800018310547,121.39842987060547,170.818603515625,0.02053994808842598,1.0646628544164844,1.0,164.35178649902343,True,1.0,0.0,-0.024161460996986794,-0.024161460996986794,10.272304760226858,7.5175495325398405,751754.9532539841,1027230.4760226858
2024-10-01,224.94403076171875,159.75,116.95995330810547,169.244873046875,0.02391451869930681,0.9262856876768597,1.0,164.4175439453125,True,1.0,0.0,-0.009212875157394995,-0.009212875157394995,10.177667298892173,7.4482912872070175,744829.1287207018,1017766.7298892173
2024-10-02,225.51084899902344,159.77999877929688,118.80931091308594,172.91363525390625,0.028996518232160012,0.9318083502350695,1.0,164.54746490478516,True,1.0,0.0,0.0216772428079115,0.0216772428079115,10.398291064148399,7.609749705943856,760974.9705943856,1039829.1064148399
2024-10-03,224.40704345703125,162.85000610351562,122.80794525146484,176.53318786621094,0.0349307720200702,0.931396880698843,1.0,164.94616180419922,True,1.0,0.0,0.020932719429498592,0.020932719429498592,10.61595557354048,7.769042461467088,776904.2461467088,1061595.5573540481
2024-10-04,225.5307159423828,170.89999389648438,124.87723541259766,178.18563842773438,0.03464009534537901,0.853183240922327,1.0,165.36849975585938,True,1.0,0.0,0.009360566030087059,0.009360566030087059,10.715326926659078,7.841765096418201,784176.5096418201,1071532.6926659078
2024-10-07,220.4493408203125,170.97000122070312,127.67627716064453,181.48062133789062,0.0779074272626341,0.8229717473611009,1.0,165.82420318603516,True,1.0,0.0,0.01849185455814717,0.01849185455814717,10.913473193729855,7.9867738760603215,798677.3876060322,1091347.3193729855
2024-10-08,224.5065155029297,172.8000030517578,132.84449768066406,182.99533081054688,0.05605571960814146,0.8185790833652199,1.0,166.34802764892578,True,1.0,0.0,0.008346397877027734,0.008346397877027734,11.004561383225,8.053434668583773,805343.4668583772,1100456.1383225
2024-10-09,228.25538635253906,171.02000427246094,132.60458374023438,184.06744384765625,0.07093702223059169,0.7536044998132052,1.0,167.00050231933594,True,1.0,0.0,0.00585869066910405,0.00585869066910405,11.069033704318484,8.100617251130844,810061.7251130844,1106903.3704318483
2024-10-10,227.75819396972656,164.17999267578125,134.76385498046875,182.72976684570312,0.05162517655199199,0.7597533679370925,1.0,167.40553527832031,True,1.0,0.0,-0.007267319923561555,-0.007267319923561555,10.988591495144515,8.041747473988554,804174.7473988554,1098859.1495144516
2024-10-11,226.2765350341797,167.88999938964844,134.7538604736328,187.67718505859375,0.057494930805105204,0.78023295634313,1.0,168.05886322021485,True,1.0,0.0,0.027075053497267465,0.027075053497267465,11.286108197735171,8.25947821705831,825947.8217058311,1128610.819773517
2024-10-14,230.0055694580078,165.27000427246094,138.0227508544922,189.05421447753906,0.06021749232924544,0.7571869734955512,1.0,168.90279754638672,True,1.0,0.0,0.007337223320540431,0.007337223320540431,11.368916894001735,8.320079853248007,832007.9853248007,1136891.6894001735
2024-10-15,232.54127502441406,156.63999938964844,131.55496215820312,184.0576171875,0.09283509142931093,0.7897510471200346,1.0,169.6842349243164,True,1.0,0.0,-0.026429441437459733,-0.026429441437459733,11.06844277074437,8.1001847900116,810018.47900116,1106844.2770744371
2024-10-16,230.48284912109375,156.1300048828125,135.6735382080078,184.40188598632812,0.07257182170089803,0.7905656653161955,1.0,170.32673889160156,True,1.0,0.0,0.0018704403767078048,0.0018704403767078048,11.08914563301005,8.115335702701632,811533.5702701632,1108914.563301005
2024-10-17,230.8507843017578,156.25,136.8831329345703,202.46041870117188,0.07412059545868288,0.993902600893843,1.0,171.33727355957032,True,1.0,0.0,0.09793030379408729,0.09793030379408729,12.175109033667601,8.910072993458206,891007.2993458206,1217510.9033667601
2024-10-18,233.68482971191406,155.97000122070312,137.9527587890625,197.48350524902344,0.06228057884332479,1.0129813201477014,1.0,172.06188049316407,True,1.0,0.0,-0.024582155287815932,-0.024582155287815932,11.875818612755893,8.691044195507242,869104.4195507242,1187581.8612755893
2024-10-21,235.15655517578125,157.89999389648438,143.6608123779297,198.63429260253906,0.08160238230010436,1.0124975263412415,1.0,172.75913299560546,True,1.0,0.0,0.005827258089552867,0.005827258089552867,11.945022072837137,8.741689153102174,874168.9153102174,1194502.2072837136
2024-10-22,234.54002380371094,154.08999633789062,143.5408477783203,195.2212677001953,0.09993779192072211,0.9924236286431551,1.0,173.37812896728516,True,1.0,0.0,-0.017182455544940134,-0.017182455544940134,11.739777262087284,8.591485467841311,859148.5467841311,1173977.7262087283
2024-10-23,229.46856689453125,152.91000366210938,139.51222229003906,197.56219482421875,0.08353528079858874,0.9941160663305131,1.0,173.95163116455078,True,1.0,0.0,0.011991148052672429,0.011991148052672429,11.88055066934237,8.69450724207858,869450.724207858,1188055.066934237
2024-10-24,229.27964782714844,153.44000244140625,140.3619384765625,194.6802978515625,0.06256884098068025,0.9953384035823918,1.0,174.51394592285158,True,1.0,0.0,-0.01458728971512202,-0.01458728971512202,11.707245634753486,8.567677946008152,856767.7946008152,1170724.5634753485
2024-10-25,230.1149444580078,156.22999572753906,141.49154663085938,200.09983825683594,0.04111169746373764,0.9289381440526783,1.0,175.1064501953125,True,1.0,0.0,0.027838155504599005,0.027838155504599005,12.033153759264291,8.80618629698245,880618.629698245,1203315.3759264292
2024-10-28,232.0937957763672,159.9199981689453,140.47190856933594,191.483642578125,0.06966938097395213,0.9809026536486798,1.0,175.51526275634765,True,1.0,0.0,-0.04305948347470279,-0.04305948347470279,11.515012373818692,8.42699646365238,842699.646365238,1151501.2373818692
2024-10-29,232.36228942871094,166.25,141.20164489746094,193.70654296875,0.06865975299186972,0.9776451805075348,1.0,175.9506982421875,True,1.0,0.0,0.011608826533149319,0.011608826533149319,11.64868815499342,8.524824003794382,852482.4003794382,1164868.815499342
2024-10-30,228.81227111816406,148.60000610351562,139.29229736328125,191.2869415283203,0.11619077579826621,0.9864833525172213,1.0,176.4045751953125,True,1.0,0.0,-0.01249106717484516,-0.01249106717484516,11.503183608750575,8.418339854509254,841833.9854509254,1150318.3608750575
2024-10-31,224.64572143554688,144.07000732421875,132.7145538330078,187.41162109375,0.07699242250891067,1.0013224770025007,1.0,176.792705078125,True,1.0,0.0,-0.020259200150348766,-0.020259200150348766,11.270138309654685,8.247791022463094,824779.1022463094,1127013.8309654684
2024-11-01,221.66250610351562,141.86000061035156,135.35365295410156,189.7820587158203,0.04351041424788031,1.0088488771407902,1.0,177.326240234375,True,1.0,0.0,0.012648295811306998,0.012648295811306998,11.41268635282954,8.35211152310505,835211.1523105049,1141268.635282954
2024-11-04,220.7675323486328,140.7100067138672,136.00343322753906,188.4148712158203,0.015832917249641247,1.0105372424163028,1.0,177.73757110595704,True,1.0,0.0,-0.007203987085245167,-0.007203987085245167,11.330469507735803,8.291943019558074,829194.3019558074,1133046.9507735802
2024-11-05,222.19947814941406,141.66000366210938,139.8621063232422,192.54591369628906,0.0170902215764825,1.0273174662204059,1.0,178.27483703613282,True,1.0,0.0,0.021925246419306488,0.021925246419306488,11.578892843739348,8.473745913556733,847374.5913556734,1157889.2843739348
2024-11-06,221.47357177734375,145.10000610351562,145.56015014648438,190.04762268066406,0.007979266741451035,1.0408851750868275,1.0,178.73313049316405,True,1.0,0.0,-0.012975040434073604,-0.012975040434073604,11.428656240910025,8.363798717700268,836379.8717700269,1142865.6240910024
2024-11-07,226.20692443847656,149.82000732421875,148.82904052734375,197.88677978515625,0.0054921429298763445,1.0855094587389071,1.0,179.3746664428711,True,1.0,0.0,0.04124838287329835,0.04124838287329835,11.900069829262392,8.708791889483171,870879.1889483171,1190006.9829262393
2024-11-08,225.93814086914062,147.9499969482422,147.57948303222656,197.8966064453125,0.030165967076492533,1.0731392547768437,1.0,180.01737854003906,True,1.0,0.0,4.965799214540212e-05,4.965799214540212e-05,11.900660762836504,8.709224350602415,870922.4350602415,1190066.0762836502
2024-11-11,223.22042846679688,147.35000610351562,145.21026611328125,190.864013671875,0.016314093049932445,1.1176103021953232,1.0,180.46946075439453,True,1.0,0.0,-0.03553670221920113,-0.03553670221920113,11.477750525095852,8.399727238294842,839972.7238294842,1147775.0525095852
2024-11-12,223.22042846679688,143.6300048828125,148.23922729492188,188.62142944335938,-0.007078222177823237,1.102289296100009,1.0,181.09639923095702,True,1.0,0.0,-0.011749644080999877,-0.011749644080999877,11.342891041575466,8.301033432867397,830103.3432867398,1134289.1041575465
2024-11-13,224.10641479492188,139.3000030517578,146.2199249267578,183.59532165527344,-0.0008570304202903537,1.1277477409762802,1.0,181.61536804199218,True,1.0,0.0,-0.026646536413802435,-0.026646536413802435,11.040642282398332,8.079839643226304,807983.9643226304,1104064.2282398331
2024-11-14,227.1924591064453,138.83999633789062,146.70974731445312,185.4051055908203,-0.008572803079937985,0.7854390815425331,1.0,182.11506622314454,True,1.0,0.0,0.009857462157695895,0.009857462157695895,11.149474995893732,8.159486356749658,815948.6356749658,1114947.4995893731
2024-11-15,223.98695373535156,134.89999389648438,141.93138122558594,182.95599365234375,-0.004070005730527554,0.775983610877584,1.0,182.700625,True,1.0,0.0,-0.013209517238870538,-0.013209517238870538,11.002195813731117,8.051703481059844,805170.3481059844,1100219.5813731116
2024-11-18,226.9933624267578,138.92999267578125,140.1020050048828,184.40188598632812,-0.02476969051117593,0.7837304066768489,1.0,183.19829040527344,True,1.0,0.0,0.007902951442694484,0.007902951442694484,11.08914563301005,8.115335702701634,811533.5702701634,1108914.563301005
2024-11-19,227.252197265625,139.38999938964844,146.9596710205078,186.555908203125,-0.03278495642393433,0.7897022512325751,1.0,183.74589630126954,True,1.0,0.0,0.011681128993206613,0.011681128993206613,11.218679373573694,8.210131985868067,821013.1985868067,1121867.9373573693
2024-11-20,227.9689483642578,137.60000610351562,145.84005737304688,185.26742553710938,-0.012339145290313335,0.7865113363447402,1.0,184.11485717773436,True,1.0,0.0,-0.006906683784105638,-0.006906683784105638,11.141195502665152,8.153427200415905,815342.7200415905,1114119.5502665152
2024-11-21,227.4911346435547,137.49000549316406,146.6197967529297,188.1001434326172,-0.0023480272695373776,0.7971401584942401,1.0,184.50455291748048,True,1.0,0.0,0.01528988642928164,0.01528988642928164,11.311543116587325,8.27809217631968,827809.217631968,1131154.3116587326
2024-11-22,228.8350372314453,138.35000610351562,141.90139770507812,186.95916748046875,0.0009501107142594681,0.7578097215321656,1.0,184.85037994384766,True,1.0,0.0,-0.006065789910240871,-0.006065789910240871,11.242929672481475,8.227879008320516,822787.9008320515,1124292.9672481476
2024-11-25,231.82151794433594,141.1300048828125,135.9734344482422,182.04127502441406,-0.004537628097869001,0.7058067982079016,1.0,185.16512603759764,False,1.0,0.0,-0.026304633906590547,-0.026304633906590547,10.947188523409306,8.011447663178924,801144.7663178924,1094718.8523409306
2024-11-26,234.0016632080078,137.72000122070312,136.87313842773438,180.82164001464844,-0.011177383243509332,0.6996373533398347,1.0,185.4895114135742,False,-1.0,2.0,-0.006699771849005387,-0.006699771849005387,10.873844857914413,7.957772791655378,795777.2791655378,1087384.4857914413
2024-11-27,233.8722381591797,136.24000549316406,135.2936553955078,178.2151641845703,0.004118489629903355,0.7047760297135832,1.0,185.76314453125,False,-1.0,0.0,-0.014414623326428067,0.012414623326428066,10.71710248017756,8.056565543381078,805656.5543381078,1071710.248017756
2024-11-29,236.26144409179688,137.17999267578125,138.2026824951172,181.628173828125,0.021945933229547153,0.7155669235028327,1.0,185.9291732788086,False,-1.0,0.0,0.019151061915359646,-0.019151061915359646,10.922346373328695,7.902273757834633,790227.3757834634,1092234.6373328695
2024-12-02,238.51126098632812,142.05999755859375,138.58253479003906,191.20823669433594,0.05288334528628054,0.8456751336930065,1.0,186.3289001464844,True,1.0,2.0,0.05274546709519057,-0.05274546709519057,11.498450634565378,7.485464637363579,748546.4637363579,1149845.063456538
2024-12-03,241.55747985839844,141.97999572753906,140.2119903564453,195.62452697753906,0.07763596836688169,0.8647680051299882,1.0,186.80357666015624,True,1.0,0.0,0.023096757543258795,0.021096757543258793,11.764027560995064,7.643383669916676,764338.3669916675,1176402.7560995065
2024-12-04,241.91587829589844,143.99000549316406,145.09031677246094,197.3949737548828,0.08546573097035012,0.8505626351298163,1.0,187.1718295288086,True,1.0,0.0,0.009050229052040226,0.009050229052040226,11.870494704996583,7.712558042862046,771255.8042862046,1187049.4704996583
2024-12-05,241.94570922851562,141.36000061035156,145.0203399658203,200.94569396972656,0.08703367915267937,0.8536333453720313,1.0,187.6036215209961,True,1.0,0.0,0.017987895777188845,0.017987895777188845,12.084019926573733,7.851290733112568,785129.0733112567,1208401.9926573732
2024-12-06,241.7466278076172,138.58999633789062,142.40106201171875,199.6867218017578,0.06280624735818527,0.7866353803299075,1.0,187.9221047973633,True,1.0,0.0,-0.006265235860980489,-0.006265235860980489,12.00831069158496,7.802100544856487,780210.0544856488,1200831.0691584959
2024-12-09,245.63902282714844,130.8699951171875,138.77203369140625,195.8999481201172,0.03526958193486031,0.807175962241401,1.0,188.33914337158203,True,1.0,0.0,-0.018963572777763393,-0.018963572777763393,11.780590217847093,7.654144843354674,765414.4843354673,1178059.0217847093
2024-12-10,246.65444946289062,127.73999786376953,135.03306579589844,188.78863525390625,0.0321327686198837,0.8126387745246303,1.0,188.69854400634765,True,1.0,0.0,-0.03630073889478824,-0.03630073889478824,11.352946088322529,7.376293729933166,737629.3729933166,1135294.608832253
2024-12-11,245.38021850585938,130.14999389648438,139.2718963623047,191.4049835205078,0.03961523910769831,0.8173537406620373,1.0,189.14174621582032,True,1.0,0.0,0.013858611049774039,0.013858611049774039,11.510282152429644,7.478518915725196,747851.8915725197,1151028.2152429644
2024-12-12,246.84359741210938,130.60000610351562,137.3024444580078,188.91455078125,0.047550644640161066,0.7919009166730401,1.0,189.46176452636718,False,1.0,0.0,-0.013011326525837141,-0.013011326525837141,11.360518112939866,7.3812134641830465,738121.3464183046,1136051.8112939866
2024-12-13,247.0128173828125,126.91000366210938,134.21328735351562,198.31781005859375,0.05167473736599788,0.8981829871610427,1.0,189.89745697021485,True,1.0,0.0,0.049775198567060475,0.049775198567060475,11.925990157836136,7.748614830028618,774861.4830028618,1192599.0157836135
2024-12-16,249.90972900390625,126.69000244140625,131.96389770507812,199.53146362304688,0.022796245119864986,0.8879873415473826,1.0,190.3243734741211,True,1.0,0.0,0.0061197406531190435,0.0061197406531190435,11.998974124633744,7.796034343209305,779603.4343209305,1199897.4124633744
2024-12-17,252.33872985839844,125.0199966430664,130.35433959960938,197.99221801757812,0.04281055325639366,0.8965306633537289,1.0,190.65460540771485,True,1.0,0.0,-0.007714300178625844,-0.007714300178625844,11.906410436400755,7.735893394082912,773589.3394082912,1190641.0436400755
2024-12-18,246.9331817626953,121.41000366210938,128.874755859375,192.9600067138672,0.037330414933113176,0.9318822576779007,1.0,190.85389892578124,True,1.0,0.0,-0.025416207536319235,-0.025416207536319235,11.603794637736597,7.53927632210006,753927.632210006,1160379.4637736597
2024-12-19,248.66534423828125,118.87999725341797,130.6442413330078,192.05224609375,0.003936885033203663,0.9334212007422117,1.0,191.01359497070314,True,1.0,0.0,-0.004704397743223954,-0.004704397743223954,11.549205772429994,7.50380856758483,750380.856758483,1154920.5772429993
2024-12-20,253.3441925048828,119.20999908447266,134.6631622314453,194.5880889892578,0.007483474756049429,0.9343945449386761,1.0,191.25076141357422,True,1.0,0.0,0.013203922094563447,0.013203922094563447,11.701700585703243,7.602888271323738,760288.8271323738,1170170.0585703242
2024-12-23,254.1206817626953,124.5999984741211,139.63180541992188,204.60311889648438,0.02416006166394569,1.0321776420412951,1.0,191.58928009033204,True,1.0,0.0,0.05146784656371972,0.05146784656371972,12.303961915982807,7.994192558313332,799419.2558313332,1230396.1915982808
2024-12-24,257.0374755859375,126.29000091552734,140.18167114257812,203.5868377685547,0.046063733867074255,0.9994982134862795,1.0,191.87993255615234,True,1.0,0.0,-0.004967085220454859,-0.004967085220454859,12.24284708859689,7.954484722607464,795448.4722607464,1224284.7088596888
2024-12-26,257.853759765625,125.05999755859375,139.89173889160156,200.36029052734375,0.051334615169660605,1.0140753699836176,1.0,192.20598602294922,True,1.0,0.0,-0.015848506104697235,-0.015848506104697235,12.048816251774387,7.8284180229214995,782841.80229215,1204881.6251774386
2024-12-27,254.43922424316406,125.19000244140625,136.97251892089844,198.94932556152344,0.05891019620568305,1.0058284716046928,1.0,192.4969348144531,True,1.0,0.0,-0.007042138749682847,-0.007042138749682847,11.963966815959958,7.773289217013568,777328.9217013568,1196396.6815959958
2024-12-30,251.06448364257812,122.44000244140625,137.452392578125,197.72579956054688,0.0469886873685072,1.0049930608973252,1.0,192.40224243164062,True,1.0,0.0,-0.006149937917724668,-0.006149937917724668,11.890389162792086,7.725483970912416,772548.3970912416,1189038.9162792086
2024-12-31,249.29251098632812,120.79000091552734,134.25328063964844,194.86436462402344,0.02455055688976453,0.9090905788982593,1.0,192.34985961914063,True,1.0,0.0,-0.014471732787947222,-0.014471732787947222,11.718314628083455,7.613682831227802,761368.2831227802,1171831.4628083454
2025-01-02,242.75209045410156,120.62999725341797,138.2721710205078,198.8999786376953,-0.00042244163006223846,0.9058288476991455,1.0,192.35517333984376,True,1.0,0.0,0.020709861556566844,0.020709861556566844,11.960999301707355,7.77136114859814,777136.1148598139,1196099.9301707356
2025-01-03,242.26429748535156,125.37000274658203,144.4304962158203,205.83651733398438,-0.013844894141613068,0.9549379836811396,1.0,192.56747833251953,True,1.0,0.0,0.034874506994916565,0.034874506994916565,12.378133255520941,8.042383537334949,804238.3537334949,1237813.325552094
2025-01-06,243.89691162109375,129.5500030517578,149.38912963867188,217.08493041992188,-0.013209570936913672,1.0562489202772447,1.0,192.9579330444336,True,1.0,0.0,0.05464731541141532,0.05464731541141532,13.054565007739923,8.481878207159266,848187.8207159266,1305456.5007739922
2025-01-07,241.11949157714844,127.33000183105469,140.10166931152344,208.60916137695312,0.004209229261770829,1.1196882012106386,1.0,193.2365103149414,True,1.0,0.0,-0.039043562473790816,-0.039043562473790816,12.544868283292066,8.150715465482959,815071.5465482959,1254486.8283292067
2025-01-08,241.60728454589844,121.83999633789062,140.07168579101562,204.3663330078125,-0.014457398100275947,1.1186511391338214,1.0,193.32184020996092,True,1.0,0.0,-0.0203386483179131,-0.0203386483179131,12.289722619083646,7.984940930091126,798494.0930091126,1228972.2619083645
2025-01-10,235.7836151123047,116.04000091552734,135.8728485107422,205.59970092773438,-0.01534110919720436,1.0544477162528918,1.0,193.60416137695313,True,1.0,0.0,0.006035083674348352,0.006035083674348352,12.363892123424348,8.033130716738954,803313.0716738955,1236389.2123424348
2025-01-13,233.34463500976562,117.31999969482422,133.19357299804688,198.6829071044922,-0.04250233189863317,1.1008812094810398,1.0,193.70368865966796,True,1.0,0.0,-0.03364204224048628,-0.03364204224048628,11.94794554235129,7.762879793843075,776287.9793843075,1194794.554235129
2025-01-14,232.2296905517578,116.08999633789062,131.7239532470703,198.77171325683594,-0.05281981442779784,1.0890055646489443,1.0,193.8533840942383,True,1.0,0.0,0.0004469742950612421,0.0004469742950612421,11.953285966887513,7.7663496015665725,776634.9601566573,1195328.5966887514
2025-01-15,236.79901123046875,119.95999908447266,136.2027587890625,204.0505828857422,-0.06062964252727405,1.0258662889750874,1.0,194.18616333007813,True,1.0,0.0,0.02655744895696177,0.02655744895696177,12.270734748821097,7.972604034692097,797260.4034692097,1227073.4748821096
2025-01-16,227.23228454589844,118.44000244140625,133.53347778320312,211.934326171875,-0.030458240857457432,1.079581560192559,1.0,194.62920867919922,True,1.0,0.0,0.038636220365747764,0.038636220365747764,12.744829560626187,8.28063532106531,828063.532106531,1274482.9560626186
2025-01-17,228.94451904296875,121.45999908447266,137.67234802246094,208.68809509277344,-0.06357283333332465,1.0903996733631536,1.0,195.03467315673828,True,1.0,0.0,-0.015317155732804344,-0.015317155732804344,12.549615021458028,8.153799540285991,815379.9540285991,1254961.5021458028
2025-01-21,221.63758850097656,122.27999877929688,140.79148864746094,215.7923583984375,-0.051968430310330056,1.091403556423142,1.0,195.49960205078125,True,1.0,0.0,0.034042494386207434,0.034042494386207434,12.976835220375078,8.431375215362438,843137.5215362438,1297683.5220375077
2025-01-22,222.8222198486328,123.75,147.02981567382812,220.2325439453125,-0.04686813217168351,1.0957593703697186,1.0,196.10330047607422,True,1.0,0.0,0.020576194541034987,0.020576194541034987,13.24384910639647,8.604860832042197,860486.0832042197,1324384.910639647
2025-01-23,222.6529998779297,123.04000091552734,147.17974853515625,221.6336669921875,-0.026803447278244838,1.0960051268948265,1.0,196.57823822021484,True,1.0,0.0,0.006362016356778355,0.006362016356778355,13.328106691038068,8.659605097403452,865960.5097403452,1332810.6691038068
2025-01-24,221.77696228027344,122.83999633789062,142.58099365234375,218.93008422851562,-0.04110544897151499,1.0237786585769821,1.0,196.9989077758789,True,1.0,0.0,-0.012198429960404766,-0.012198429960404766,13.165524715062638,8.55397151113801,855397.151113801,1316552.4715062638
2025-01-27,228.82508850097656,115.01000213623047,118.38761901855469,189.7532196044922,-0.06688175058964774,1.5936855503137344,0.5,196.97669189453126,False,-0.5,1.5,-0.13327023888397682,-0.13327023888397682,11.410952091253339,7.413981684441916,741398.1684441916,1141095.209125334
2025-01-28,237.187255859375,114.16999816894531,128.95472717285156,199.70907592773438,-0.11155831644461325,1.647967552161111,0.5,197.19844482421874,True,-0.5,0.0,0.05246739077204299,-0.027733695386021495,12.009654973706189,7.208364574808062,720836.4574808062,1200965.4973706189
2025-01-29,238.2823028564453,117.3499984741211,123.66617584228516,199.6400146484375,-0.07725004415168499,1.6327024895693893,0.5,197.51933868408204,True,-0.5,0.0,-0.0003458094179048521,0.00017290470895242604,12.005501921910493,7.209610934986893,720961.0934986892,1200550.1921910495
2025-01-30,236.520263671875,118.86000061035156,124.61591339111328,205.38262939453125,-0.06300020620630163,1.6352736948201156,0.5,197.91888916015625,True,-0.5,0.0,0.0287648483506997,-0.01438242417534985,12.350838364068283,7.105919252380671,710591.9252380672,1235083.8364068284
2025-01-31,234.93743896484375,115.94999694824219,120.03717041015625,206.53707885742188,-0.04804574552818777,1.614452203878813,0.5,198.3905108642578,True,-0.5,0.0,0.005620969340464521,-0.0028104846702322606,12.420262047841744,7.085948175253947,708594.8175253946,1242026.2047841744
2025-02-03,226.98341369628906,114.2699966430664,116.62810516357422,197.14364624023438,-0.05444869210518213,1.6459668941240453,0.5,198.64534606933594,False,-0.5,0.0,-0.04548061137086212,0.02274030568543106,11.855380936519586,7.247084802830343,724708.4802830343,1185538.0936519585
2025-02-04,231.75184631347656,119.5,118.6175537109375,201.33714294433594,-0.07543303014828967,1.614414155371478,0.5,198.94097076416017,True,-0.5,0.0,0.021271274951420338,-0.010635637475710169,12.107560004074122,7.17000743611171,717000.743611171,1210756.0004074122
2025-02-05,231.42333984375,112.01000213623047,124.79586791992188,205.7970428466797,-0.06613837084597397,1.54169491194251,0.5,199.35156311035155,True,-0.5,0.0,0.02215140156020179,-0.011075700780100894,12.375759427638606,7.090594579158239,709059.4579158239,1237575.9427638606
2025-02-06,232.16995239257812,110.16000366210938,128.64480590820312,207.70138549804688,-0.08171139973033421,1.4990160718767946,1.0,199.74358795166015,True,-0.5,0.0,0.009253498617013411,-0.004626749308506706,12.49027850038675,7.057788175592218,705778.8175592218,1249027.8500386751
2025-02-07,226.60513305664062,107.55999755859375,129.80447387695312,203.37962341308594,-0.06685256535075282,1.4904507336900348,1.0,200.0719970703125,True,-0.5,0.0,-0.020807574656268146,0.010403787328134073,12.230386098012373,7.131215902778098,713121.5902778098,1223038.6098012372
2025-02-10,226.8741912841797,110.4800033569336,133.53347778320312,205.18528747558594,-0.07641578245393639,1.4835122523725108,1.0,200.53487731933595,True,-0.5,0.0,0.008878293863453957,-0.004439146931726978,12.338971059854028,7.099559387583797,709955.9387583798,1233897.1059854028
2025-02-11,231.8272705078125,111.0999984741211,132.76370239257812,205.9647979736328,-0.041593852739438636,1.4454891983555043,1.0,201.03774047851562,True,-0.5,0.0,0.003799056490049857,-0.0018995282450249285,12.385847507939504,7.08607357399985,708607.357399985,1238584.7507939504
2025-02-12,236.06277465820312,111.72000122070312,131.10414123535156,203.63616943359375,-0.024029943314805964,1.4431320408096573,1.0,201.5461605834961,True,-0.5,0.0,-0.011305954041414212,0.005652977020707106,12.245813685250775,7.12613098508071,712613.098508071,1224581.3685250776
2025-02-13,240.7069091796875,111.80999755859375,135.2530059814453,199.1466522216797,-0.008836434012163706,1.4244351149371763,1.0,201.8965301513672,False,-0.5,0.0,-0.022046757333932798,0.011023378666966399,11.975833202575497,7.204685025359658,720468.5025359658,1197583.3202575496
2025-02-14,243.7664337158203,113.0999984741211,138.81204223632812,201.1891326904297,-0.010185741540521829,1.374455738745246,1.0,202.09614807128906,False,-1.0,0.5,0.010256162712072303,-0.0051280813560361516,12.09865929651375,7.1677388144049985,716773.8814404998,1209865.929651375
2025-02-18,243.6368865966797,114.27999877929688,139.3618927001953,200.0445556640625,0.033971380998908764,1.3566965151747055,1.0,202.18454864501953,False,-1.0,0.0,-0.005689059896333171,0.00518905989633317,12.029829299110554,7.204932640434218,720493.2640434218,1202982.9299110554
2025-02-19,244.03550720214844,114.69000244140625,139.19192504882812,198.27835083007812,0.021835602895503514,1.3122048716423493,1.0,202.20221618652343,False,-1.0,0.0,-0.008829057247378369,0.008829057247378369,11.923617247552517,7.268545403180116,726854.5403180117,1192361.7247552518
2025-02-20,244.99224853515625,114.16999816894531,140.07168579101562,197.4396514892578,0.028840874212089702,1.2850881778223775,1.0,202.13209533691406,False,-1.0,0.0,-0.004229908798964455,0.004229908798964455,11.87318143404161,7.299290687336701,729929.0687336702,1187318.143404161
2025-02-21,244.71319580078125,110.83999633789062,134.3932342529297,195.6043701171875,0.0216193655207878,1.2709054529560908,1.0,202.05044830322265,False,-1.0,0.0,-0.009295404232265714,0.009295404232265714,11.762815413089161,7.367140544884308,736714.0544884308,1176281.5413089162
2025-02-24,246.25791931152344,108.11000061035156,130.244384765625,189.10198974609375,0.007575509295266764,1.27584421951922,1.0,201.9144891357422,False,-1.0,0.0,-0.0332425107230383,0.0332425107230383,11.371789895586424,7.612042793445755,761204.2793445755,1137178.9895586425
2025-02-25,246.1981201171875,103.95999908447266,126.59536743164062,186.85231018066406,0.008137790770898778,0.7636607666069528,1.0,201.87576263427735,False,-1.0,0.0,-0.011896646716675563,0.011896646716675563,11.236503728662372,7.702600577351594,770260.0577351594,1123650.3728662373
2025-02-26,239.54087829589844,104.73999786376953,131.24411010742188,192.03250122070312,0.019788462303079707,0.6753370967921466,1.0,201.88831298828126,False,-1.0,0.0,0.02772345193393888,-0.02772345193393888,11.548018399689468,7.489057900479057,748905.7900479058,1154801.8399689468
2025-02-27,236.49131774902344,99.51000213623047,120.11714172363281,178.68240356445312,-0.016599100728193966,0.8485900427498171,1.0,201.6836700439453,False,-1.0,0.0,-0.06951999047758439,0.06951999047758439,10.745200270508088,8.00969713440644,800969.7134406441,1074520.0270508088
2025-02-28,241.01583862304688,99.86000061035156,124.8858413696289,178.12982177734375,-0.04957553255002724,0.8017444164950787,1.0,201.2799102783203,False,-1.0,0.0,-0.003092536120435918,0.003092536120435918,10.711970350550224,8.034467412108345,803446.7412108345,1071197.0350550225
2025-03-03,237.21881103515625,98.2300033569336,114.02880859375,170.67034912109375,-0.0323181759833465,0.8364644126303727,1.0,200.70268798828124,False,-1.0,0.0,-0.0418766076439131,0.0418766076439131,10.263389371087003,8.370923651553014,837092.3651553014,1026338.9371087003
2025-03-04,235.1259765625,100.75,115.95828247070312,177.60687255859375,-0.056156161197729454,0.8636894766475539,1.0,200.29498107910158,False,-1.0,0.0,0.04064281507140066,-0.04064281507140066,10.680522407301872,8.030705749606131,803070.5749606132,1068052.2407301872
2025-03-05,234.93663024902344,101.66999816894531,117.2679214477539,181.82998657226562,-0.035965209671425,0.8668940273702708,1.0,200.07238067626952,False,-1.0,0.0,0.02377787499342765,-0.02377787499342765,10.934482533967198,7.839752632182996,783975.2632182996,1093448.25339672
2025-03-06,234.5280303955078,98.8499984741211,110.53976440429688,173.51205444335938,-0.05177932563734271,0.8898181116232797,1.0,199.7015768432617,False,-1.0,0.0,-0.04574565661973695,0.04574565661973695,10.434277450653823,8.198387264078518,819838.7264078518,1043427.7450653823
2025-03-07,238.2552947998047,100.30999755859375,112.65918731689453,174.74545288085938,-0.06902600527275554,0.8845632760282166,1.0,199.30472412109376,False,-1.0,0.0,0.0071084308318338785,-0.0071084308318338785,10.50844879019196,8.140109595279228,814010.9595279228,1050844.879019196
2025-03-10,226.70477294921875,96.62999725341797,106.95074462890625,168.38119506835938,-0.05562752720448315,0.9024168568490174,1.0,198.58028564453124,False,-1.0,0.0,-0.03642016262843262,0.03642016262843262,10.125729376280612,8.436573710552562,843657.3710552562,1012572.9376280612
2025-03-11,220.08741760253906,96.76000213623047,108.73026275634766,168.6969451904297,-0.08759429934747497,0.8928311951184901,1.0,197.88248779296876,False,-1.0,0.0,0.001875210126297766,-0.001875210126297766,10.144717246543165,8.420753362099276,842075.3362099277,1014471.7246543164
2025-03-12,216.2405548095703,100.79000091552734,115.71900177001953,174.81451416015625,-0.10598152745116524,0.948474381552618,1.0,197.371572265625,False,-1.0,0.0,0.03626366181569485,-0.03626366181569485,10.512601841987653,8.115386009942732,811538.6009942732,1051260.1841987653
2025-03-13,208.96543884277344,98.11000061035156,115.55902862548828,169.30870056152344,-0.1061025842592797,0.9601278117342991,1.0,196.778759765625,False,-1.0,0.0,-0.0314951743285381,0.0314951743285381,10.18150561432774,8.370981507069258,837098.1507069258,1018150.5614327741
2025-03-14,212.76246643066406,100.97000122070312,121.64791870117188,171.7754669189453,-0.13374380827194654,0.9659158344584198,1.0,196.25975311279296,False,-1.0,0.0,0.014569637291176996,-0.014569637291176996,10.329846458206578,8.249019342740109,824901.9342740108,1032984.6458206578
2025-03-17,213.27072143554688,104.58999633789062,119.50830841064453,173.8968963623047,-0.11820384244090494,0.9646640056376423,1.0,195.84040374755858,False,-1.0,0.0,0.012350014128387654,-0.012350014128387654,10.457420207909506,8.147143837311926,814714.3837311927,1045742.0207909505
2025-03-18,211.96517944335938,103.51000213623047,115.40904998779297,171.49380493164062,-0.1250946633796369,0.9625186068141687,1.0,195.2922802734375,False,-1.0,0.0,-0.013819058769498405,0.013819058769498405,10.312908503479063,8.259729696803296,825972.9696803296,1031290.8503479064
2025-03-19,214.50648498535156,106.2300033569336,117.49867248535156,172.1178436279297,-0.13870888799261535,0.9626636177711243,1.0,194.61790679931642,False,-1.0,0.0,0.003638841044653507,-0.003638841044653507,10.35043553823128,8.229673853364824,822967.3853364824,1035043.5538231279
2025-03-20,213.37039184570312,107.13999938964844,118.50848388671875,175.7928009033203,-0.12022077063590622,0.9807992265147244,1.0,193.79206420898439,False,-1.0,0.0,0.021351402027408817,-0.021351402027408817,10.571431848566835,8.053958778367177,805395.8778367176,1057143.1848566835
2025-03-21,217.5261688232422,106.44000244140625,117.67863464355469,175.05978393554688,-0.12214806020499697,0.9768849152066231,1.0,193.12107666015626,False,-1.0,0.0,-0.004169778079686992,0.004169778079686992,10.527351323773775,8.087541999135915,808754.1999135915,1052735.1323773775
2025-03-24,219.977783203125,113.8499984741211,121.38796997070312,179.4479217529297,-0.10987341523453438,0.9732245561049399,1.0,192.6227084350586,False,-1.0,0.0,0.02506650995866888,-0.02506650995866888,10.791235280569557,7.884815547073422,788481.5547073422,1079123.5280569557
2025-03-25,222.9875030517578,114.80999755859375,120.66809844970703,179.19036865234375,-0.08424127922414301,0.9677954157349633,1.0,192.09452178955078,False,-1.0,0.0,-0.0014352526241041552,0.0014352526241041552,10.775747131815795,7.896132249277936,789613.2249277936,1077574.7131815795
2025-03-26,220.77503967285156,110.19000244140625,113.7393569946289,171.86032104492188,-0.0694572568547858,0.9776441587069581,1.0,191.55807006835937,False,-1.0,0.0,-0.040906482098060026,0.040906482098060026,10.33494922467495,8.219135241776938,821913.5241776938,1033494.9224674951
2025-03-27,223.08714294433594,106.6500015258789,111.40978240966797,166.65003967285156,-0.09160726336401093,0.8701352251734132,1.0,190.9156365966797,False,-1.0,0.0,-0.030316953560842075,0.030316953560842075,10.02162504897682,8.468314383212169,846831.4383212168,1002162.5048976819
2025-03-28,217.1574249267578,103.22000122070312,109.65010070800781,163.68826293945312,-0.06822301513245048,0.8754618764778238,1.0,190.10839019775392,False,-1.0,0.0,-0.017772433413233313,0.017772433413233313,9.843516385101488,8.618816936710132,861881.6936710132,984351.6385101487
2025-03-31,221.37301635742188,102.73999786376953,108.3603286743164,164.4311981201172,-0.10214967749713214,0.826531117615426,1.0,189.15832763671875,False,-1.0,0.0,0.004538719926051593,-0.004538719926051593,9.888193349060963,8.579698540540495,857969.8540540495,988819.3349060962
2025-04-01,222.4293975830078,102.77999877929688,110.1300048828125,167.04623413085938,-0.07046566209154081,0.7746487012034644,1.0,188.32549041748047,False,-1.0,0.0,0.015903527071741586,-0.015903527071741586,10.045450499678369,8.443251072533627,844325.1072533628,1004545.0499678368
2025-04-02,223.12701416015625,102.95999908447266,110.39995574951172,168.77969360351562,-0.06473393269551915,0.7554623544264858,1.0,187.38523712158204,False,-1.0,0.0,0.01037712392425627,-0.01037712392425627,10.149693384388513,8.355634409830335,835563.4409830335,1014969.3384388513
2025-04-03,202.49755859375,93.80000305175781,101.78152465820312,155.8926544189453,-0.06889731500740073,0.8711867184607981,1.0,186.0984393310547,False,-1.0,0.0,-0.07635420416654837,0.07635420416654837,9.374721623489048,8.993622225499557,899362.2225499557,937472.1623489048
2025-04-04,187.738037109375,85.76000213623047,94.29288482666016,145.41265869140625,-0.14230398642504963,0.9715026956671154,1.0,184.57401916503906,False,-1.0,0.0,-0.06722571866263283,0.06722571866263283,8.744499225087873,9.598224942988992,959822.4942988992,874449.9225087872
2025-04-07,180.84161376953125,83.63999938964844,97.62227630615234,144.78860473632812,-0.21128856923946096,0.9480657709423995,1.0,183.0911895751953,False,-1.0,0.0,-0.00429160680159546,0.00429160680159546,8.70697127273694,9.639416750437567,963941.6750437567,870697.127273694
2025-04-08,171.83241271972656,78.20999908447266,96.28252410888672,140.03396606445312,-0.19592041148384343,0.9609282654783942,1.0,182.09680450439453,False,-1.0,0.0,-0.03283848670641998,0.03283848670641998,8.421047512343987,9.955960609254452,995596.0609254453,842104.7512343987
2025-04-09,198.17234802246094,96.83999633789062,114.30924987792969,157.24969482421875,-0.2181213536825976,1.3052022208782663,1.0,181.24761688232422,False,-1.0,0.0,0.12293966416577651,-0.12293966416577651,9.456328265435605,8.73197815550501,873197.815550501,945632.8265435605
2025-04-10,189.77108764648438,88.69999694824219,107.55047607421875,149.7017364501953,-0.08650739910794045,1.3182601928024877,1.0,180.24885131835939,False,-1.0,0.0,-0.04799982844139006,0.04799982844139006,9.002426131009228,9.151111608923216,915111.1608923216,900242.6131009228
2025-04-11,197.47471618652344,93.4000015258789,110.90986633300781,155.59548950195312,-0.11896498494023693,1.3370095871925165,1.0,179.25310852050782,False,-1.0,0.0,0.03936997119414598,-0.03936997119414598,9.356851388464488,8.790832608485495,879083.2608485495,935685.1388464487
2025-04-14,201.82984924316406,94.5,110.68990325927734,154.36720275878906,-0.10786533647682836,1.3209361019193382,1.0,178.20971099853514,False,-1.0,0.0,-0.00789410250320044,0.00789410250320044,9.282987444496737,8.860228342185357,886022.8342185357,928298.7444496737
2025-04-15,201.45114135742188,95.29000091552734,112.17963409423828,155.84312438964844,-0.08959636035445004,1.3125474049642398,1.0,177.38370056152343,False,-1.0,0.0,0.009561108865628887,-0.009561108865628887,9.371743098051835,8.775514734431392,877551.4734431391,937174.3098051836
2025-04-16,193.6079559326172,88.29000091552734,104.47103881835938,150.2366180419922,-0.08120011647859583,1.318464440759709,1.0,176.36169006347657,False,-1.0,0.0,-0.035975320500110874,0.035975320500110874,9.034591636454719,9.091216689556008,909121.6689556008,903459.1636454719
2025-04-17,196.3087158203125,87.5,101.4715805053711,150.3059539794922,-0.13601972739614193,1.2947304314831016,1.0,175.2518682861328,False,-1.0,0.0,0.00046151157023932576,-0.00046151157023932576,9.03876120502733,9.087020987866225,908702.0987866225,903876.1205027329
2025-04-21,192.50172424316406,85.55999755859375,96.89241790771484,146.46263122558594,-0.1398298086159651,1.29031831326704,1.0,174.0270932006836,False,-1.0,0.0,-0.025569996744311485,0.025569996744311485,8.807640110442172,9.319376084941455,931937.6084941454,880764.0110442172
2025-04-22,199.059326171875,86.26000213623047,98.87205505371094,149.9691619873047,-0.16682818246785655,1.277740018786183,1.0,172.95888397216797,False,-1.0,0.0,0.023941470478690885,-0.023941470478690885,9.018507966133257,9.096256517524012,909625.6517524011,901850.7966133256
2025-04-23,203.90277099609375,90.38999938964844,102.69136047363281,156.31858825683594,-0.15794305652852408,1.3177456205858888,1.0,171.98154998779296,False,-1.0,0.0,0.042338212639134065,-0.042338212639134065,9.400335474091131,8.71113727486497,871113.727486497,940033.5474091131
2025-04-24,207.65989685058594,94.47000122070312,106.41067504882812,162.6283721923828,-0.12785206406905888,1.325817870126034,1.0,171.11482147216796,False,-1.0,0.0,0.040364898416173745,-0.040364898416173745,9.779779060580774,8.359513103675702,835951.3103675703,977977.9060580774
2025-04-25,208.56680297851562,96.6500015258789,110.98986053466797,163.53970336914062,-0.09721389361399654,1.3096260411875467,1.0,170.3128921508789,False,-1.0,0.0,0.005603764979457138,-0.005603764979457138,9.834582643987284,8.312668356900012,831266.8356900013,983458.2643987284
2025-04-28,209.4238739013672,96.38999938964844,108.71026611328125,161.8557586669922,-0.07780552262550794,1.3044375896925822,1.0,169.56707427978515,False,-1.0,0.0,-0.010296855549184025,0.010296855549184025,9.733317367115635,8.398262702199284,839826.2702199285,973331.7367115635
2025-04-29,210.49021911621094,96.05999755859375,109.00021362304688,162.92555236816406,-0.06399378323957518,1.303233530295691,1.0,168.80180267333984,False,-1.0,0.0,0.006609549823759497,-0.006609549823759497,9.797650213204049,8.342753966436078,834275.3966436078,979765.021320405
2025-04-30,211.7758331298828,97.3499984741211,108.90023040771484,165.1146697998047,-0.06143805211764341,1.301208332012702,1.0,168.1032049560547,False,-1.0,0.0,0.013436305108813551,-0.013436305108813551,9.929294430818091,8.230658178695279,823065.8178695278,992929.4430818091
2025-05-01,212.59304809570312,96.6500015258789,111.5897445678711,171.08767700195312,-0.05266501780801418,1.3197574461921209,1.0,167.55939147949218,True,-1.0,0.0,0.036174903231738886,-0.036174903231738886,10.28848569601238,7.932914915547457,793291.4915547457,1028848.569601238
2025-05-02,204.65020751953125,98.80000305175781,114.4792251586914,177.585693359375,-0.05445093511326862,1.2221128645680568,1.0,167.16231231689454,True,-1.0,0.0,0.037980621815022264,-0.037980621815022264,10.679248780281892,7.6316178742493,763161.78742493,1067924.8780281893
2025-05-05,198.21221923828125,100.58999633789062,113.79934692382812,174.73291015625,-0.0001254221403368741,1.1229589744810167,1.0,166.74488311767578,True,-1.0,0.0,-0.016064262549302932,0.016064262549302932,10.507694524046121,7.754214187457193,775421.4187457194,1050769.4524046122
2025-05-06,197.83349609375,98.62000274658203,113.51940155029297,170.65184020996094,0.04179020630343065,1.1415375438112927,1.0,166.37588012695312,True,1.0,2.0,-0.023356046337462577,0.023356046337462577,10.262276323842599,7.935321973330052,793532.1973330053,1026227.6323842598
2025-05-07,195.58120727539062,100.36000061035156,117.03875732421875,172.89047241210938,0.05320299755742115,1.1055164535108974,1.0,166.09664337158202,True,1.0,0.0,0.01311812518045019,0.01111812518045019,10.396898149295136,8.023547876376712,802354.7876376712,1039689.8149295136
2025-05-08,196.81698608398438,101.69999694824219,117.34870910644531,173.5640411376953,0.0913458975601618,0.791898828658313,1.0,165.72727416992188,True,1.0,0.0,0.0038959273821659313,0.0038959273821659313,10.437403709484565,8.054807036250407,805480.7036250407,1043740.3709484565
2025-05-09,197.8534393310547,102.83999633789062,116.62882995605469,174.85177612304688,-0.03058283966060686,0.7042314239491853,1.0,165.65066162109375,True,1.0,0.0,0.007419365076490436,0.007419365076490436,10.514842618055946,8.114568590273032,811456.8590273033,1051484.2618055947
2025-05-12,210.34713745117188,108.12000274658203,122.9776840209961,185.21290588378906,0.012229648657635844,0.7618844971449704,1.0,165.79232330322264,True,1.0,0.0,0.0592566457743664,0.0592566457743664,11.137916922447298,8.595410706838642,859541.0706838642,1113791.6922447297
2025-05-13,212.48263549804688,112.45999908447266,129.9064178466797,192.1566619873047,0.035277330280221425,0.7798047217368459,1.0,166.22204956054688,True,1.0,0.0,0.0374906709140046,0.0374906709140046,11.555484900454292,8.917658421019441,891765.8421019441,1155548.4900454292
2025-05-14,211.88389587402344,117.72000122070312,135.3154296875,192.91940307617188,0.04865413977703996,0.7862210849503004,1.0,166.52830017089843,True,1.0,0.0,0.00396937103808348,0.00396937103808348,11.601352907549167,8.953055916083358,895305.5916083357,1160135.2907549166
2025-05-15,211.00575256347656,114.98999786376953,134.80552673339844,192.38449096679688,0.06400849373224798,0.7235691366395139,1.0,166.73939025878906,True,1.0,0.0,-0.0027727232245468025,-0.0027727232245468025,11.569185566906242,8.928231570014168,892823.1570014168,1156918.5566906242
2025-05-16,210.81614685058594,117.16999816894531,135.37542724609375,192.38449096679688,0.09965864281100731,0.7288741682086178,1.0,167.11683898925781,True,1.0,0.0,0.0,0.0,11.569185566906242,8.928231570014168,892823.1570014168,1156918.5566906242
2025-05-19,208.3413543701172,114.73999786376953,135.54539489746094,191.6713104248047,0.10603030858890738,0.6905838736962963,1.0,167.45535614013673,True,1.0,0.0,-0.0037070583933674905,-0.0037070583933674905,11.526297920446016,8.895134094234619,889513.4094234619,1152629.7920446016
2025-05-20,206.42539978027344,113.51000213623047,134.35560607910156,191.6217803955078,0.12252773349865823,0.6983593989807331,1.0,167.92016784667967,True,1.0,0.0,-0.0002584112832906271,-0.0002584112832906271,11.523319395008803,8.892835491218285,889283.5491218285,1152331.9395008804
2025-05-21,201.6654052734375,112.05999755859375,131.7760772705078,189.94773864746094,0.09464874426581257,0.6773049583677403,1.0,168.34518371582033,True,1.0,0.0,-0.00873617677798233,-0.00873617677798233,11.422649639704854,8.815146108309488,881514.6108309488,1142264.9639704854
2025-05-22,200.9369354248047,110.70999908447266,132.80589294433594,194.33587646484375,0.05165667257612383,0.6469474519586362,1.0,168.73561096191406,True,1.0,0.0,0.02310181657664856,0.02310181657664856,11.686533596500636,9.018791996800012,901879.1996800011,1168653.3596500636
2025-05-23,194.85975646972656,110.30999755859375,131.26617431640625,190.16566467285156,0.02826938425176919,0.682792368084691,1.0,169.15275024414063,True,1.0,0.0,-0.021458785005899816,-0.021458785005899816,11.435754784589104,8.82525967832775,882525.9678327751,1143575.4784589105
2025-05-27,199.78936767578125,114.55999755859375,135.47540283203125,195.81178283691406,0.0061373137400944945,0.6861866054830995,1.0,169.6334765625,True,1.0,0.0,0.029690523648292277,0.029690523648292277,11.775288332457018,9.08728625950946,908728.625950946,1177528.8332457019
2025-05-28,199.99891662597656,112.86000061035156,134.78553771972656,194.28634643554688,0.03343842124128389,0.6979869467909074,1.0,170.04126556396486,True,1.0,0.0,-0.007790319761490916,-0.007790319761490916,11.683555071063426,9.016493393783678,901649.3393783679,1168355.5071063426
2025-05-29,199.5299072265625,113.02999877929688,139.1647491455078,195.28680419921875,0.03800750237674496,0.6989322857916561,1.0,170.5171255493164,True,1.0,0.0,0.005149398205415157,0.005149398205415157,11.743718348579229,9.062922908684765,906292.2908684765,1174371.834857923
2025-05-30,200.4280242919922,110.7300033569336,135.10548400878906,191.49301147460938,0.040654359369642616,0.6955943214888402,1.0,170.90462890625,True,1.0,0.0,-0.019426774585031392,-0.019426774585031392,11.515575779431282,8.88685954825623,888685.954825623,1151557.5779431283
2025-06-02,201.27622985839844,114.62999725341797,137.35507202148438,192.99862670898438,0.02297846823385076,0.6556148148202094,1.0,171.24874542236327,True,1.0,0.0,0.007862507476282588,0.007862507476282588,11.60611708009076,8.956732547895067,895673.2547895067,1160611.708009076
2025-06-03,202.84292602539062,117.30999755859375,141.19436645507812,195.74246215820312,0.05073476381060553,0.642667355236683,1.0,171.6623989868164,True,1.0,0.0,0.014216865145657565,0.014216865145657565,11.771119681483123,9.084069206674213,908406.9206674213,1177111.9681483123
2025-06-04,202.39389038085938,118.58000183105469,141.8942413330078,200.4871826171875,0.07446905655799735,0.6183347847713043,1.0,172.08318420410157,True,1.0,0.0,0.02423960752649368,0.02423960752649368,12.056447002709659,9.304263478987503,930426.3478987502,1205644.700270966
2025-06-05,200.20849609375,115.69000244140625,139.964599609375,201.41830444335938,0.09636512205581854,0.6201447303363018,1.0,172.52774291992188,True,1.0,0.0,0.00464429602938643,0.00464429602938643,12.112440711652852,9.34747523291933,934747.5232919329,1211244.071165285
2025-06-06,203.49156188964844,116.19000244140625,141.69427490234375,203.2409210205078,0.07915257000346648,0.6225103151138222,1.0,173.1553549194336,True,1.0,0.0,0.009048912322966007,0.009048912322966007,12.222045125669723,9.432059716743113,943205.9716743113,1222204.5125669723
2025-06-09,201.02676391601562,121.7300033569336,142.6041259765625,205.04371643066406,0.0822130605179944,0.625746887938239,1.0,173.92322845458983,True,1.0,0.0,0.008870238341295078,0.008870238341295078,12.330457578952478,9.515724334479954,951572.4334479953,1233045.7578952478
2025-06-10,202.2441864013672,123.23999786376953,143.9338836669922,210.45211791992188,0.0924160507014851,0.5159581613800511,1.0,174.8585055541992,True,1.0,0.0,0.026376821408651496,0.026376821408651496,12.655695856399461,9.766718895824491,976671.8895824491,1265569.5856399462
2025-06-11,198.36236572265625,121.13999938964844,142.81399536132812,212.07662963867188,0.04925356790407285,0.4619989386998155,1.0,175.8114141845703,True,1.0,0.0,0.007719151200788366,0.007719151200788366,12.7533870862662,9.842109675716957,984210.9675716957,1275338.70862662
2025-06-12,198.78147888183594,118.5,144.98374938964844,214.17430114746094,0.011630704846745181,0.4671811242871238,1.0,176.75397552490233,True,1.0,0.0,0.009891101685098436,0.009891101685098436,12.87953213476588,9.939458983315365,993945.8983315366,1287953.213476588
2025-06-13,196.03726196289062,116.16000366210938,141.95408630371094,209.8695526123047,0.004364547646126416,0.5051511681407503,1.0,177.57577270507812,True,1.0,0.0,-0.020099276673686384,-0.020099276673686384,12.620662854961585,9.739683047222952,973968.3047222953,1262066.2854961585
2025-06-16,198.0031280517578,126.38999938964844,144.6737823486328,214.4228515625,-0.012375541847653812,0.523993543126523,1.0,178.7463766479492,True,1.0,0.0,0.02169585294064391,0.02169585294064391,12.89447890027628,9.950993778303983,995099.3778303984,1289447.890027628
2025-06-17,195.2289581298828,127.0999984741211,144.1038360595703,212.65322875976562,0.011648633215641097,0.5342137052161253,1.0,180.0911880493164,True,1.0,0.0,-0.00825295806785109,-0.00825295806785109,12.788061306605508,9.868868643918194,986886.8643918195,1278806.130660551
2025-06-18,196.16697692871094,126.79000091552734,145.46368408203125,212.2555694580078,0.009598565877488646,0.5397452752326654,1.0,181.44052734375,True,1.0,0.0,-0.0018699894851210708,-0.0018699894851210708,12.764147766427072,9.850413963324026,985041.3963324026,1276414.7766427072
2025-06-20,200.57769775390625,128.24000549316406,143.83387756347656,208.288818359375,0.011944791068899566,0.5651010658981458,1.0,182.80562438964844,True,1.0,0.0,-0.018688560723103098,-0.018688560723103098,12.52560421581554,9.666323903822743,966632.3903822743,1252560.421581554
2025-06-23,201.07666015625,129.5800018310547,144.15383911132812,209.09410095214844,0.03578953713352136,0.5495872352293893,1.0,183.84251251220704,True,1.0,0.0,0.0038661825397847682,0.0038661825397847682,12.57403048813498,9.703695676523607,970369.5676523607,1257403.048813498
2025-06-24,199.87918090820312,138.42999267578125,147.88340759277344,218.80714416503906,0.05139132098194432,0.6059556719628105,1.0,185.2246206665039,True,1.0,0.0,0.04645297580687591,0.04645297580687591,13.158131622195235,10.154461217022444,1015446.1217022444,1315813.1622195235
2025-06-25,201.13653564453125,143.39999389648438,154.29270935058594,221.4417266845703,0.08828867541249794,0.5823323468651131,1.0,186.54154541015626,True,1.0,0.0,0.012040660416206883,0.012040660416206883,13.31656421676984,10.276727636246154,1027672.7636246154,1331656.421676984
2025-06-26,200.57769775390625,143.67999267578125,155.00262451171875,222.70428466796875,0.09848128584181728,0.5737663870449847,1.0,187.90828704833984,True,1.0,0.0,0.0057015360307268725,0.0057015360307268725,13.392489087457243,10.335320769142177,1033532.0769142177,1339248.9087457242
2025-06-27,200.65753173828125,143.80999755859375,157.73231506347656,227.23773193359375,0.10041158993415797,0.5858434829083818,1.0,189.33617919921875,True,1.0,0.0,0.02035635404313818,0.02035635404313818,13.665111336840386,10.545710217868235,1054571.0217868234,1366511.1336840387
2025-06-30,204.7389373779297,141.89999389648438,157.97230529785156,225.16986083984375,0.09811632048527077,0.5615919593700025,1.0,190.83484405517578,True,1.0,0.0,-0.00910003403111903,-0.00910003403111903,13.540758358636108,10.449743896003314,1044974.3896003314,1354075.8358636107
2025-07-01,207.3833770751953,136.11000061035156,153.2828369140625,223.37039184570312,0.11304265979134911,0.5803151666269466,1.0,192.2961328125,True,1.0,0.0,-0.00799160681375799,-0.00799160681375799,13.432545941873782,10.366233651481988,1036623.3651481988,1343254.5941873782
2025-07-02,211.99366760253906,138.52000427246094,157.2323760986328,232.2384033203125,0.12285711263203464,0.6393729090271367,1.0,194.01164825439454,True,1.0,0.0,0.039700926346295295,0.039700926346295295,13.96583045895534,10.777782730167962,1077778.2730167962,1396583.045895534
2025-07-03,213.10134887695312,137.91000366210938,159.3221435546875,233.43142700195312,0.16642913387571617,0.6305887449654943,1.0,195.6808935546875,True,1.0,0.0,0.005137064605095221,0.005137064605095221,14.0375738322868,10.833148896352514,1083314.8896352514,1403757.38322868
2025-07-07,209.50889587402344,134.8000030517578,158.22227478027344,227.834228515625,0.17648896128892697,0.6868421680153753,1.0,197.11120635986327,True,1.0,0.0,-0.023977913163685916,-0.023977913163685916,13.700982105907396,10.573392592826494,1057339.2592826495,1370098.2105907397
2025-07-08,209.5687713623047,137.82000732421875,159.98207092285156,226.5318603515625,0.1875442660722115,0.7030733456359347,1.0,198.38927612304687,True,1.0,0.0,-0.005716297206735055,-0.005716297206735055,13.62266322016587,10.512951938282406,1051295.1938282405,1362266.322016587
2025-07-09,210.69639587402344,138.41000366210938,162.86175537109375,230.48866271972656,0.12114501979247833,0.7199030156467539,1.0,199.7282553100586,True,1.0,0.0,0.017466869172501287,0.017466869172501287,13.860608496413553,10.696580294405178,1069658.0294405178,1386060.8496413552
2025-07-10,211.96372985839844,144.16000366210938,164.0816192626953,228.42079162597656,0.14918387614115916,0.7175507494348844,1.0,201.0595559692383,True,1.0,0.0,-0.008971682465200193,-0.008971682465200193,13.736255518209274,10.600613972540257,1060061.3972540258,1373625.5518209275
2025-07-11,210.7163543701172,146.4199981689453,164.90151977539062,229.0570526123047,0.14338110784290842,0.7281875266623586,1.0,202.3821859741211,True,1.0,0.0,0.002785477546938697,0.002785477546938697,13.77451754953426,10.630141744744533,1063014.1744744533,1377451.7549534258
2025-07-14,208.1816864013672,146.24000549316406,164.05162048339844,227.33714294433594,0.15276993779944964,0.7444196520620671,1.0,203.6266354370117,True,1.0,0.0,-0.007508651876700023,-0.007508651876700023,13.671089492485311,10.55032371098327,1055032.371098327,1367108.9492485311
2025-07-15,208.67066955566406,155.61000061035156,170.6808624267578,235.56887817382812,0.14164635371360312,0.7784444170620224,1.0,204.91625946044923,True,1.0,0.0,0.036209372225231684,0.036209372225231684,14.166111060643166,10.93234430933095,1093234.430933095,1416611.1060643166
2025-07-16,209.71847534179688,160.0800018310547,171.35079956054688,236.17532348632812,0.20736822763933438,0.7767950358928876,1.0,206.08805206298828,True,1.0,0.0,0.0025743863841491965,0.0025743863841491965,14.20258010407403,10.960488387667723,1096048.8387667723,1420258.010407403
2025-07-17,209.57875061035156,160.41000366210938,172.98062133789062,244.16847229003906,0.19868252938264608,0.8215867448737307,1.0,207.47676330566406,True,1.0,0.0,0.033844131917421194,0.033844131917421194,14.683254098684053,11.331436602539313,1133143.6602539313,1468325.4098684052
2025-07-18,210.73631286621094,156.99000549316406,172.39068603515625,238.998779296875,0.21953627848242177,0.873307833771318,1.0,208.84370208740233,True,1.0,0.0,-0.021172647494895114,-0.021172647494895114,14.372370735574641,11.091520089742996,1109152.0089742995,1437237.0735574642
2025-07-21,212.0335693359375,157.0,171.36080932617188,237.4578094482422,0.20282504513807165,0.8626097607808516,1.0,210.135048828125,True,1.0,0.0,-0.006447605519853683,-0.006447605519853683,14.279703358686566,11.0200063435888,1102000.63435888,1427970.3358686566
2025-07-22,213.94955444335938,154.72000122070312,167.01129150390625,233.2325897216797,0.18184599461801562,0.9100919984930245,1.0,211.3284197998047,True,1.0,0.0,-0.017793559775440726,-0.017793559775440726,14.025616603398214,10.823921201988417,1082392.1201988417,1402561.6603398214
2025-07-23,213.7000732421875,158.64999389648438,170.7608642578125,238.92918395996094,0.16060857333011563,0.8481878650671794,1.0,212.60996795654296,True,1.0,0.0,0.024424520797368343,0.024424520797368343,14.36818556782383,11.08829029049546,1108829.029049546,1436818.556782383
2025-07-24,213.31088256835938,162.1199951171875,173.7205352783203,240.19178771972656,0.1526363407005637,0.8608034314101171,1.0,213.7095455932617,True,1.0,0.0,0.005284426702671929,0.005284426702671929,14.444113191307382,11.14688554779353,1114688.554779353,1444411.3191307383
2025-07-25,213.43064880371094,166.47000122070312,173.48056030273438,244.16847229003906,0.14785184872521914,0.8867298696899851,1.0,214.7497817993164,True,1.0,0.0,0.01655628865610015,0.01655628865610015,14.683254098684051,11.331436602539311,1133143.660253931,1468325.4098684052
2025-07-28,213.6002960205078,173.66000366210938,176.73019409179688,241.3350830078125,0.1535299180577645,0.9026205261049185,1.0,215.7180953979492,True,1.0,0.0,-0.011604238891501417,-0.011604238891501417,14.512866110418305,11.199943905219541,1119994.390521954,1451286.6110418304
2025-07-29,210.8261260986328,177.44000244140625,175.49032592773438,239.92333984375,0.1646555101061145,0.9167287225870756,1.0,216.6688723754883,True,1.0,0.0,-0.005849722081297193,-0.005849722081297193,14.42796987706928,11.13442734604789,1113442.734604789,1442796.987706928
2025-07-30,208.6107940673828,179.50999450683594,179.2499237060547,241.49415588378906,0.15133377703913764,0.9249627626293898,1.0,217.65106567382813,True,1.0,0.0,0.006547158109177831,0.006547158109177831,14.522432077048908,11.207326202337619,1120732.6202337618,1452243.2077048908
2025-07-31,207.1339111328125,176.30999755859375,177.85006713867188,240.21165466308594,0.16393285291695164,0.8465790603583611,1.0,218.62187255859374,True,1.0,0.0,-0.005310692575601239,-0.005310692575601239,14.445307904837652,11.147807538282523,1114780.7538282522,1444530.790483765
2025-08-01,201.95481872558594,171.6999969482422,173.70053100585938,233.83901977539062,0.14038517205342338,0.9185382530810182,1.0,219.4662173461914,True,1.0,0.0,-0.026529249368159924,-0.026529249368159924,14.062084729230362,10.852064572191173,1085206.4572191173,1406208.4729230362
2025-08-04,202.9227752685547,176.77999877929688,179.97982788085938,237.60693359375,0.11093304914391981,0.9024665489009579,1.0,220.4194012451172,True,1.0,0.0,0.01611328093137998,0.01611328093137998,14.288671050953319,11.026926937328366,1102692.6937328365,1428867.1050953318
2025-08-05,202.49366760253906,174.30999755859375,178.24002075195312,231.11500549316406,0.14060917898873282,0.969033768775989,1.0,221.1549838256836,True,1.0,0.0,-0.027322132407489264,-0.027322132407489264,13.898274088572114,10.72564777949897,1072564.777949897,1389827.4088572115
2025-08-06,212.80197143554688,163.1199951171875,179.39988708496094,230.0214080810547,0.12398842860883277,0.9543358512488812,1.0,221.95209869384766,True,1.0,0.0,-0.004731832144675319,-0.004731832144675319,13.8325097884843,10.674895814563472,1067489.5814563471,1383250.97884843
2025-08-07,219.56771850585938,172.39999389648438,180.749755859375,241.20582580566406,0.12994743222283778,1.1071680790072715,1.0,222.85997955322264,True,1.0,0.0,0.0486233773539384,0.0486233773539384,14.50509313168182,11.19394530196897,1119394.530196897,1450509.313168182
2025-08-08,228.86814880371094,172.75999450683594,182.6795196533203,240.42044067382812,0.1327005279865158,1.1140988302470263,1.0,223.78266143798828,True,1.0,0.0,-0.0032560786175567236,-0.0032560786175567236,14.457863408090082,11.15749693602513,1115749.693602513,1445786.3408090083
2025-08-11,226.95997619628906,172.27999877929688,182.0395965576172,240.6789093017578,0.14944434863897588,1.111916364231413,1.0,224.69050354003906,True,1.0,0.0,0.0010750692711705145,0.0010750692711705145,14.473406612766901,11.16949201812423,1116949.2018124228,1447340.6612766902
2025-08-12,229.42758178710938,174.9499969482422,183.1394805908203,242.8660888671875,0.14157022095011912,1.0396525989979963,1.0,225.71796508789063,True,1.0,0.0,0.009087541454193104,0.009087541454193104,14.604934295343813,11.270995239861213,1127099.5239861212,1460493.4295343813
2025-08-13,233.10403442382812,184.4199981689453,181.5696563720703,240.03271484375,0.13896519214457156,1.0552315212120322,1.0,226.65864685058594,True,1.0,0.0,-0.011666404464506952,-0.011666404464506952,14.434547224676784,11.139503250675459,1113950.3250675458,1443454.7224676784
2025-08-14,232.5545654296875,180.9499969482422,181.99960327148438,239.59527587890625,0.15009636247159014,0.9743880242691868,1.0,227.535703125,True,1.0,0.0,-0.0018224139369023007,-0.0018224139369023007,14.408241504641659,11.119202464701258,1111920.2464701259,1440824.150464166
2025-08-15,231.36570739746094,177.50999450683594,180.42977905273438,237.48764038085938,0.14697088032701827,0.9499490882124348,1.0,228.27571228027344,True,1.0,0.0,-0.008796648808351737,-0.008796648808351737,14.281497264179409,11.021390745590322,1102139.0745590322,1428149.7264179408
2025-08-18,230.66639709472656,176.13999938964844,181.98959350585938,240.0028839111328,0.14176640546094643,0.9582050754588168,1.0,229.0474038696289,True,1.0,0.0,0.010591050238402788,0.010591050238402788,14.432753319183945,11.138118848673937,1113811.8848673936,1443275.3319183944
2025-08-19,230.3367156982422,166.5500030517578,175.6203155517578,231.34364318847656,0.14633011135841198,1.0362586739689454,1.0,229.6094583129883,True,1.0,0.0,-0.03607973613293147,-0.03607973613293147,13.912023387756097,10.73625845959655,1073625.845959655,1391202.3387756096
2025-08-20,225.79110717773438,165.1999969482422,175.38034057617188,227.26756286621094,0.1263779335383968,1.0093115523418743,1.0,230.0539352416992,False,1.0,0.0,-0.01761915852144169,-0.01761915852144169,13.666905242333218,10.54709461986975,1054709.461986975,1366690.524233322
2025-08-21,224.68218994140625,163.7100067138672,174.96038818359375,226.0049591064453,0.11232197652267026,1.0081639827550677,1.0,230.36499206542967,False,1.0,0.0,-0.005555582784635638,-0.005555582784635638,13.590977618849665,10.488499362571678,1048849.936257168,1359097.7618849666
2025-08-22,227.53941345214844,167.75999450683594,177.97006225585938,231.63197326660156,0.09052179477063851,1.0408353337008602,1.0,230.75609893798827,True,1.0,0.0,0.024897746414077604,0.024897746414077604,13.929362333123189,10.749639359965203,1074963.9359965203,1392936.2333123188
2025-08-25,226.94000244140625,163.36000061035156,179.78985595703125,234.216796875,0.10610393079003788,1.0493672005573826,1.0,231.15694885253907,True,1.0,0.0,0.011159183129797912,0.011159183129797912,14.08480263827982,10.869596554162339,1086959.655416234,1408480.263827982
2025-08-26,229.08792114257812,166.6199951171875,181.7496337890625,237.3285675048828,0.0898351382648859,1.0649077857329392,1.0,231.70612915039064,True,1.0,0.0,0.013285855973615535,0.013285855973615535,14.271931297548806,11.014008448472246,1101400.8448472247,1427193.1297548804
2025-08-27,230.26678466796875,167.1300048828125,181.57965087890625,237.89523315429688,0.11053503664442402,1.063107304321318,1.0,232.17557678222656,True,1.0,0.0,0.002387684109720123,0.002387684109720123,14.30600816112298,11.040306421428987,1104030.6421428986,1430600.816112298
2025-08-28,232.33477783203125,168.5800018310547,180.14981079101562,236.8811798095703,0.10834660131957725,1.0632575620857878,1.0,232.66013580322266,True,1.0,0.0,-0.004262604724277308,-0.004262604724277308,14.245027303149827,10.993245959119534,1099324.5959119534,1424502.7303149828
2025-08-29,231.91517639160156,162.6300048828125,174.1604766845703,229.52430725097656,0.11450833814945888,1.0818316820465312,1.0,233.00551055908204,False,1.0,0.0,-0.031057226937606264,-0.031057226937606264,13.802616257463505,10.651826224586236,1065182.6224586235,1380261.6257463505
2025-09-02,229.49752807617188,162.32000732421875,170.7608642578125,227.05877685546875,0.11506909052807976,1.0654314610034448,1.0,233.38090972900392,False,1.0,0.0,-0.010741914113749362,-0.010741914113749362,13.654349739080791,10.537405222127147,1053740.5222127147,1365434.973908079
2025-09-03,238.2390594482422,162.1300048828125,170.60089111328125,230.04129028320312,0.09655577446545968,1.0290112555628799,1.0,233.799853515625,False,1.0,0.0,0.013135424532093154,0.013135424532093154,13.833705419613292,10.675818513186481,1067581.851318648,1383370.5419613293
2025-09-04,239.5477752685547,161.7899932861328,171.64077758789062,233.83901977539062,0.12030378822936398,1.046938152437976,1.0,234.10049102783202,False,1.0,0.0,0.016508903629918414,0.016508903629918414,14.062084729230367,10.852064572191177,1085206.4572191176,1406208.4729230367
2025-09-05,239.45787048339844,151.13999938964844,167.0012969970703,241.99122619628906,0.10793110364034217,0.9556315229382395,1.0,234.5114810180664,True,1.0,0.0,0.03486247260499509,0.03486247260499509,14.552323772872281,11.23039437604683,1123039.437604683,1455232.3772872281
2025-09-08,237.64962768554688,151.41000366210938,168.2911376953125,245.7491912841797,0.0628241290950488,0.9689621133106843,1.0,234.97237915039062,True,1.0,0.0,0.015529344377313903,0.015529344377313903,14.778311820231387,11.40479503780551,1140479.503780551,1477831.1820231387
2025-09-09,234.123046875,155.82000732421875,170.74085998535156,249.4574432373047,0.046561801515318746,0.9801574095792952,1.0,235.41677337646485,True,1.0,0.0,0.015089579476324166,0.015089579476324166,15.00131033096867,11.576888598939664,1157688.8598939665,1500131.033096867
2025-09-10,226.5703582763672,159.5399932861328,177.3101348876953,258.9219665527344,0.050575212664381565,1.0675495318990629,1.0,236.09181549072267,True,1.0,0.0,0.03794043261489799,0.03794043261489799,15.57046653471596,12.016120760717916,1201612.0760717916,1557046.653471596
2025-09-11,229.80722045898438,155.6699981689453,177.16014099121094,257.40087890625,0.04382752735849145,1.0533704657085574,1.0,236.7724252319336,True,1.0,0.0,-0.005874695247900408,-0.005874695247900408,15.478994788956872,11.94552971318673,1194552.9713186729,1547899.4788956873
2025-09-12,233.84332275390625,158.57000732421875,177.8101043701172,257.81842041015625,0.026395950189083715,1.0478940964349508,1.0,237.28402557373047,True,1.0,0.0,0.0016221448259248206,0.0016221448259248206,15.504103960264295,11.964907092403907,1196490.7092403907,1550410.3960264295
2025-09-15,236.47076416015625,161.16000366210938,177.74009704589844,259.8564758300781,0.04667370728117885,1.0330847435138528,1.0,237.81252655029297,True,1.0,0.0,0.007905003128479304,0.007905003128479304,15.626663950574454,12.059489720401324,1205948.9720401324,1562666.3950574454
2025-09-16,237.9193572998047,160.4600067138672,174.87026977539062,261.35443115234375,0.06060509998699266,1.0279130271866928,1.0,238.48293060302734,True,1.0,0.0,0.005764548747460019,0.005764548747460019,15.716744616677715,12.12900723676407,1212900.723676407,1571674.4616677715
2025-09-17,238.75856018066406,159.16000366210938,170.280517578125,262.0824890136719,0.055812855554551274,0.8919241133422613,1.0,239.19394317626953,True,1.0,0.0,0.002785710799384722,0.002785710799384722,15.760526921887566,12.162795143209339,1216279.514320934,1576052.6921887565
2025-09-18,237.64962768554688,157.9199981689453,176.23019409179688,267.916748046875,0.06166598102199481,0.8579781989008286,1.0,239.9425048828125,True,1.0,0.0,0.02226115546734886,0.02226115546734886,16.111374461943043,12.433553016809837,1243355.3016809837,1611137.4461943044
2025-09-19,245.26223754882812,157.38999938964844,176.66015625,264.1568603515625,0.07004009889442596,0.8844976166313427,1.0,240.65722625732423,True,1.0,0.0,-0.014033791178499455,-0.014033791178499455,15.885270797145525,12.259063130165126,1225906.3130165127,1588527.0797145525
2025-09-22,255.8319854736328,159.7899932861328,183.5997772216797,271.89599609375,0.08653039397338053,0.898268053240655,1.0,241.51400512695312,True,1.0,0.0,0.029297500477131644,0.029297500477131644,16.350669525904262,12.618223038070326,1261822.3038070325,1635066.9525904262
2025-09-23,254.18359375,160.89999389648438,178.42005920410156,281.9488525390625,0.11535982152552235,0.9610305071802657,1.0,242.60623931884766,True,1.0,0.0,0.03697316837959708,0.03697316837959708,16.955205583404666,13.08475872310821,1308475.872310821,1695520.5583404666
2025-09-24,252.06564331054688,160.8800048828125,176.96014404296875,279.9542236328125,0.10639692250129085,0.977308675077165,1.0,243.49394622802734,True,1.0,0.0,-0.007074435268267898,-0.007074435268267898,16.835257079044695,12.992191444520678,1299219.1444520678,1683525.7079044695
2025-09-25,256.6212158203125,161.27000427246094,177.68011474609375,275.9151306152344,0.08676852939332119,1.0104282454379852,1.0,244.28874237060546,True,1.0,0.0,-0.014427690945916227,-0.014427690945916227,16.59236319291319,12.804744121648957,1280474.4121648958,1659236.319291319
2025-09-26,255.2126007080078,159.4600067138672,178.18008422851562,272.6239929199219,0.09994365765960445,1.0263448320753072,1.0,244.85785278320313,True,1.0,0.0,-0.01192807979748678,-0.01192807979748678,16.39444816071924,12.652008111979528,1265200.8111979528,1639444.8160719238
2025-09-29,254.18359375,161.36000061035156,181.8398895263672,272.494384765625,0.08329120442170113,0.9147287858140674,1.0,245.52776489257812,True,1.0,0.0,-0.0004754099333250661,-0.0004754099333250661,16.38665407721225,12.645993221646584,1264599.3221646585,1638665.407721225
2025-09-30,254.38340759277344,161.7899932861328,186.56961059570312,278.5380554199219,0.09749718154165943,0.8952270386522418,1.0,246.34936981201173,True,1.0,0.0,0.022179064935576864,0.022179064935576864,16.750094742067574,12.926469526484349,1292646.9526484348,1675009.4742067575
2025-10-01,255.20260620117188,164.00999450683594,187.22958374023438,287.6933288574219,0.11932105451296332,0.935375696700891,1.0,247.43858459472656,True,1.0,0.0,0.03286902187816887,0.03286902187816887,17.300653972605996,13.351349936157845,1335134.9936157844,1730065.3972605995
2025-10-02,256.8809814453125,169.72999572753906,188.87948608398438,287.33428955078125,0.10666475164677847,0.9458460457431013,1.0,248.40668670654296,True,1.0,0.0,-0.0012479931601701022,-0.0012479931601701022,17.279062874781715,13.334687542758482,1333468.7542758482,1727906.2874781715
2025-10-03,257.7701110839844,164.6699981689453,187.6095428466797,291.4033203125,0.11415693093615897,0.8982556663664322,1.0,249.43091735839843,True,1.0,0.0,0.014161312832103201,0.014161312832103201,17.52375708959708,13.523524224569835,1352352.4224569835,1752375.708959708
2025-10-06,256.44140625,203.7100067138672,185.5296630859375,301.5858154296875,0.11854508973829109,0.9475546074488744,1.0,250.5792642211914,True,1.0,0.0,0.034942961893048574,0.034942961893048574,18.13608906580191,13.996076216208698,1399607.6216208697,1813608.906580191
2025-10-07,256.23162841796875,211.50999450683594,185.02969360351562,293.2383728027344,0.16308627115460234,1.0481322519767289,1.0,251.61733001708984,True,1.0,0.0,-0.027678498788346606,-0.027678498788346606,17.634109346568767,13.608685837616758,1360868.5837616757,1763410.9346568766
2025-10-08,257.8100891113281,235.55999755859375,189.09947204589844,303.7001037597656,0.17334307463602078,1.038667520436166,1.0,252.89286529541016,True,1.0,0.0,0.035676541432962505,0.035676541432962505,18.26323337930502,14.094196681750661,1409419.6681750661,1826323.3379305021
2025-10-09,253.79396057128906,232.88999938964844,192.5592803955078,299.0726318359375,0.2068063025647951,1.0626364026345736,1.0,254.04443481445313,True,1.0,0.0,-0.015236978409097213,-0.015236978409097213,17.984956886624246,13.879443711217258,1387944.3711217258,1798495.6886624247
2025-10-10,245.032470703125,214.89999389648438,183.14981079101562,279.90435791015625,0.19294576482841486,1.359456105444735,1.0,254.83828887939453,True,1.0,0.0,-0.06409237049913818,-0.06409237049913818,16.8322583664357,12.989877262555988,1298987.7262555987,1683225.8366435699
2025-10-13,247.42015075683594,216.4199981689453,188.3095245361328,302.07452392578125,0.12385662427486957,1.611095193831991,0.5,256.2029989624023,True,0.5,0.5,0.07920621951424267,0.07920621951424267,18.165477917528055,14.018756332477066,1401875.6332477066,1816547.7917528055
2025-10-14,247.53004455566406,218.08999633789062,180.0199737548828,295.1432189941406,0.13202817097509412,1.6357182242984845,0.5,257.35372467041014,True,0.5,0.0,-0.022945678574813,-0.0119728392874065,17.748658700074593,13.850912015899006,1385091.2015899005,1774865.8700074593
2025-10-15,249.09852600097656,238.60000610351562,179.8199920654297,303.8896179199219,0.12322666288066303,1.6410617370946932,0.5,258.8092169189453,True,0.5,0.0,0.02963442275783712,0.01481721137891856,18.27462995537717,14.056143907029385,1405614.3907029384,1827462.995537717
2025-10-16,247.21035766601562,234.55999755859375,181.7998809814453,299.03271484375,0.15753927856290384,1.635207054584458,0.5,260.1894430541992,True,0.5,0.0,-0.015982458069534022,-0.007991229034767011,17.982556448379103,13.943818041722668,1394381.8041722667,1798255.6448379103
2025-10-17,252.045654296875,233.0800018310547,183.20980834960938,294.2855224609375,0.14459200194393854,1.6203108572549954,0.5,261.2510369873047,True,0.5,0.0,-0.015875160633487817,-0.007937580316743909,17.697080476160323,13.833137866094432,1383313.7866094431,1769708.0476160324
2025-10-20,261.98602294921875,240.55999755859375,182.6298370361328,296.89849853515625,0.1411030090487227,1.5802775576471844,0.5,262.38059814453123,True,0.5,0.0,0.008879050700041136,0.004439525350020568,17.85421375095086,13.894550432321287,1389455.0432321287,1785421.375095086
2025-10-21,262.5155029296875,238.02999877929688,181.14991760253906,293.71710205078125,0.14393039104212263,1.5272670532767672,0.5,263.44136199951174,True,0.5,0.0,-0.010715434736354168,-0.005357717368177084,17.662898088733627,13.820107358147027,1382010.7358147027,1766289.8088733626
2025-10-22,258.19970703125,230.22999572753906,180.26995849609375,288.10223388671875,0.14142095222623582,1.5274489948124952,0.5,264.34608489990234,True,0.5,0.0,-0.019116585737972258,-0.009558292868986129,17.325243783039284,13.688010724537028,1368801.0724537028,1732524.3783039283
2025-10-23,259.3285827636719,234.99000549316406,182.1498565673828,289.947265625,0.1274650363865864,1.5014339700614416,0.5,265.34437591552734,True,0.5,0.0,0.0064040868874577495,0.0032020434437288747,17.436196149572254,13.731840329535224,1373184.0329535224,1743619.6149572255
2025-10-24,262.56549072265625,252.9199981689453,186.24961853027344,294.1658630371094,0.12952594893758268,1.4797675964566532,1.0,266.4357876586914,True,1.0,0.5,0.014549533353990896,0.007274766676995448,17.689884667017182,13.83173626397835,1383173.6263978349,1768988.4667017183
2025-10-27,268.5496520996094,259.6700134277344,191.47933959960938,297.447021484375,0.1709141174489069,1.46551412406842,1.0,267.6349752807617,True,1.0,0.0,0.011154110179166787,0.010654110179166787,17.887199589649846,13.979101106103952,1397910.1106103952,1788719.9589649846
2025-10-28,268.7394714355469,258.010009765625,201.01881408691406,300.7181701660156,0.20536923663629578,1.4395041285505683,1.0,268.8492810058594,True,1.0,0.0,0.010997416162771945,0.010997416162771945,18.08391256752379,14.132835098549243,1413283.5098549244,1808391.256752379
2025-10-29,269.4388122558594,264.3299865722656,207.02847290039062,304.2685852050781,0.20463165754616655,1.3950054203294038,1.0,270.3077798461914,True,1.0,0.0,0.011806453321734578,0.011806453321734578,18.29741943712659,14.299693756444038,1429969.3756444037,1829741.943712659
2025-10-30,271.13714599609375,254.83999633789062,202.8787078857422,302.40362548828125,0.2189221343873181,1.3850560787344828,1.0,271.8105010986328,True,1.0,0.0,-0.006129320631441115,-0.006129320631441115,18.185268686668476,14.212046348479376,1421204.6348479376,1818526.8686668475
2025-10-31,270.108154296875,256.1199951171875,202.47872924804688,299.6211242675781,0.18958147053305258,1.3754393191723755,1.0,273.28282440185546,True,1.0,0.0,-0.009201282610981631,-0.009201282610981631,18.017940890125804,14.081277293546648,1408127.729354665,1801794.0890125805
2025-11-03,268.7894287109375,259.6499938964844,206.8684844970703,304.0391845703125,0.1819228537024299,1.3283494667449127,1.0,274.7309686279297,True,1.0,0.0,0.014745490036906839,0.014745490036906839,18.28362425800673,14.288912627585564,1428891.2627585563,1828362.425800673
2025-11-04,269.7784729003906,250.0500030517578,198.67893981933594,293.25830078125,0.1430783690318569,1.3400831864631735,1.0,275.9117987060547,True,1.0,0.0,-0.03545886298931744,-0.03545886298931744,17.635307730493906,13.78224403245768,1378224.403245768,1763530.7730493906
2025-11-05,269.8783874511719,256.3299865722656,195.1991424560547,292.84942626953125,0.1222710751181666,1.2775840452369285,1.0,277.0222158813477,True,1.0,0.0,-0.0013942470191959933,-0.0013942470191959933,17.61071975525806,13.763028179797594,1376302.8179797593,1761071.975525806
2025-11-06,269.50872802734375,237.6999969482422,188.0695343017578,288.46124267578125,0.09719505189112973,1.2690811670958513,1.0,278.03353607177735,True,1.0,0.0,-0.014984436369396281,-0.014984436369396281,17.346833045666127,13.556796959787208,1355679.695978721,1734683.3045666127
2025-11-07,268.2099914550781,233.5399932861328,188.1395263671875,285.7286376953125,0.06923744152899264,1.0847371678073732,1.0,279.0104852294922,True,1.0,0.0,-0.00947304031252505,-0.00947304031252505,17.18250579692989,13.428372875678427,1342837.2875678428,1718250.5796929891
2025-11-10,269.42999267578125,243.97999572753906,199.03892517089844,294.4750061035156,0.09902219020513947,0.7873592254393765,1.0,280.30949920654297,True,1.0,0.0,0.030610751791459778,0.030610751791459778,17.70847521703503,13.83942546473899,1383942.5464738992,1770847.521703503
2025-11-11,275.25,237.52000427246094,193.1492462158203,290.3860778808594,0.11887663609938179,0.7663096920802448,1.0,281.57604522705077,True,1.0,0.0,-0.013885484804842418,-0.013885484804842418,17.46258445349196,13.647258332740607,1364725.8332740606,1746258.445349196
2025-11-12,273.4700012207031,258.8900146484375,193.78921508789062,289.8375549316406,0.12607700107363992,0.699063687945636,1.0,282.7719705200195,True,1.0,0.0,-0.0018889436891109668,-0.0018889436891109668,17.42959861479297,13.62147943023931,1362147.943023931,1742959.8614792968
2025-11-13,272.95001220703125,247.9600067138672,186.84959411621094,281.44024658203125,0.1344418973716976,0.7380674650978174,1.0,283.7239950561523,False,1.0,0.0,-0.028972464771136797,-0.028972464771136797,16.924620182950825,13.226831597315936,1322683.1597315937,1692462.0182950825
2025-11-14,272.4100036621094,246.80999755859375,190.15940856933594,284.05316162109375,0.1227337597987801,0.7355215083555512,1.0,284.56523376464844,False,1.0,0.0,0.009284084528759617,0.009284084528759617,17.081749787346492,13.349630619913086,1334963.0619913086,1708174.9787346493
2025-11-17,267.4599914550781,240.52000427246094,186.58961486816406,281.250732421875,0.11791646154258678,0.7326609368705127,1.0,285.2752645874023,False,1.0,0.0,-0.009865861669080767,-0.009865861669080767,16.91322360687868,13.217925010883699,1321792.5010883699,1691322.3606878682
2025-11-18,267.44000244140625,230.2899932861328,181.3498992919922,277.1617736816406,0.07014210383935345,0.7396692194263395,1.0,285.82935119628905,False,1.0,0.0,-0.014538482104647255,-0.014538482104647255,16.667331008138177,13.025756444652396,1302575.6444652397,1666733.1008138177
2025-11-19,268.55999755859375,223.5500030517578,186.50961303710938,281.6097717285156,0.05780552664218936,0.7430979866897022,1.0,286.28310729980467,False,1.0,0.0,0.01604838209754056,0.01604838209754056,16.934814704702966,13.23479876118568,1323479.876118568,1693481.4704702965
2025-11-20,266.25,206.02000427246094,180.62994384765625,276.75286865234375,0.06876651568311495,0.7574835142138853,1.0,286.6701470947266,False,1.0,0.0,-0.017246926647325855,-0.017246926647325855,16.642741197704897,13.006539157759391,1300653.9157759391,1664274.1197704896
2025-11-21,271.489990234375,203.77999877929688,178.8700408935547,274.3194274902344,0.03243127667039334,0.7401813894333669,1.0,287.00016723632814,False,1.0,0.0,-0.008792830852879963,-0.008792830852879963,16.49640438942522,12.892174858963854,1289217.4858963853,1649640.4389425218
2025-11-24,275.9200134277344,215.0500030517578,182.5398406982422,283.8736572265625,0.021236156297485542,0.8253057985300137,1.0,287.48051086425784,False,1.0,0.0,0.03482884833837829,0.03482884833837829,17.07095515603307,13.34119446187856,1334119.446187856,1707095.515603307
2025-11-25,276.9700012207031,206.1300048828125,177.8101043701172,283.9135437011719,0.03449938681295315,0.814695187644673,1.0,287.9316931152344,False,1.0,0.0,0.00014050784070307465,0.00014050784070307465,17.07335375908078,13.343069004304798,1334306.9004304798,1707335.3759080782
2025-11-26,277.54998779296875,214.24000549316406,180.2499542236328,289.1793212890625,0.019747017495830237,0.8307169612276439,1.0,288.4736297607422,True,1.0,0.0,0.01854711655965602,0.01854711655965602,17.390015241314693,13.590544460391172,1359054.4460391172,1739001.5241314692
2025-11-28,278.8500061035156,217.52999877929688,176.99014282226562,290.72515869140625,0.015625192570717462,0.8336968999073986,1.0,288.9297979736328,True,1.0,0.0,0.005345601460896132,0.005345601460896132,17.48297533219367,13.663194094713013,1366319.4094713014,1748297.533219367
2025-12-01,283.1000061035156,219.75999450683594,179.9099884033203,286.90545654296875,0.020309933254483985,0.8377678162353825,1.0,289.38476989746096,False,1.0,0.0,-0.013138533196199842,-0.013138533196199842,17.253274680423303,13.483679765533505,1348367.9765533505,1725327.4680423304
2025-12-02,286.19000244140625,215.24000549316406,181.4499053955078,291.3035888671875,0.04412769411643701,0.8385584273900808,1.0,289.7729217529297,True,1.0,0.0,0.015329552728670537,0.015329552728670537,17.51775966437909,13.69037854547576,1369037.854547576,1751775.9664379088
2025-12-03,284.1499938964844,217.60000610351562,179.5800018310547,294.6545715332031,0.04695098158513467,0.768345453967012,1.0,290.0270361328125,True,1.0,0.0,0.011503403301850179,0.011503403301850179,17.719273518743325,13.847864491239365,1384786.4491239365,1771927.3518743324
2025-12-04,280.70001220703125,215.97999572753906,183.3800048828125,292.1413269042969,0.05064224670873793,0.7750598869445201,1.0,290.27077819824217,True,1.0,0.0,-0.00852946083893713,-0.00852946083893713,17.56813766917079,13.72974967335843,1372974.967335843,1756813.7669170788
2025-12-05,278.7799987792969,217.97000122070312,182.41000366210938,293.926513671875,0.04831817966635044,0.7617347823111438,1.0,290.631005859375,True,1.0,0.0,0.006110695759805829,0.006110695759805829,17.675491213533476,13.813647996470618,1381364.7996470619,1767549.1213533476
2025-12-08,277.8900146484375,221.11000061035156,185.5500030517578,301.0572509765625,0.058969345201178414,0.7891260706941848,1.0,291.1996710205078,True,1.0,0.0,0.02426027245928508,0.02426027245928508,18.104303446225497,14.148770860521653,1414877.0860521654,1810430.3446225498
2025-12-09,277.17999267578125,221.6199951171875,184.97000122070312,302.5931091308594,0.06279455381679401,0.7329337930608093,1.0,291.8016455078125,True,1.0,0.0,0.005101548457361105,0.005101548457361105,18.196663427543186,14.220951500678703,1422095.1500678703,1819666.3427543186
2025-12-10,278.7799987792969,221.4199981689453,183.77999877929688,309.3050231933594,0.0411116146681495,0.7441202168783463,1.0,292.41698486328124,True,1.0,0.0,0.022181318278458706,0.022181318278458706,18.60028941063551,14.536390952137783,1453639.0952137783,1860028.9410635512
2025-12-11,278.0299987792969,221.42999267578125,180.92999267578125,304.8500061035156,0.04260329334087872,0.7645470433846098,1.0,292.76011840820314,True,1.0,0.0,-0.014403313091552183,-0.014403313091552183,18.332383618660646,14.327018762032935,1432701.8762032934,1833238.3618660646
2025-12-12,278.2799987792969,210.77999877929688,175.02000427246094,292.0400085449219,0.031151051044825656,0.831646067211136,1.0,292.85423278808594,False,1.0,0.0,-0.042020657051402344,-0.042020657051402344,17.56204481368616,13.724988020064542,1372498.8020064542,1756204.481368616
2025-12-15,274.1099853515625,207.5800018310547,176.2899932861328,287.739990234375,0.024984411824018244,0.8434403839334883,1.0,292.7809661865234,False,1.0,0.0,-0.01472407267747855,-0.01472407267747855,17.30345998948431,13.52290029895959,1352290.029895959,1730345.9989484309
2025-12-16,274.6099853515625,209.1699981689453,177.72000122070312,286.8699951171875,0.007195371400060931,0.8357963640473487,1.0,292.4866497802734,False,1.0,0.0,-0.0030235460718507357,-0.0030235460718507357,17.25114218100368,13.482013186880641,1348201.318688064,1725114.218100368
2025-12-17,271.8399963378906,198.11000061035156,170.94000244140625,276.9599914550781,0.0131673525558679,0.898407000473087,1.0,292.1610821533203,False,1.0,0.0,-0.03454527775922012,-0.03454527775922012,16.65519668269711,13.01627329658638,1301627.329658638,1665519.6682697108
2025-12-18,272.19000244140625,201.05999755859375,174.13999938964844,284.67999267578125,0.00034100049383708683,0.9274581153035466,1.0,291.78067993164063,False,1.0,0.0,0.027874066503772443,0.027874066503772443,17.11944474266402,13.379089764086707,1337908.9764086707,1711944.474266402
2025-12-19,273.6700134277344,213.42999267578125,180.99000549316406,288.95001220703125,0.007571985843166092,0.9164408245708243,1.0,291.5782275390625,False,1.0,0.0,0.014999366450430873,0.014999366450430873,17.376225567787138,13.579767634231452,1357976.7634231453,1737622.5567787138
2025-12-22,270.9700012207031,214.9499969482422,183.69000244140625,293.2799987792969,0.047351006157424866,0.9162630785241239,1.0,291.84574035644533,True,1.0,0.0,0.014985244469078562,0.014985244469078562,17.636612555870283,13.783263772063691,1378326.377206369,1763661.2555870283
2025-12-23,272.3599853515625,214.89999389648438,189.2100067138672,296.95001220703125,0.04366567751699261,0.8585367792490397,1.0,291.7432501220703,True,1.0,0.0,0.012513684680202752,0.012513684680202752,17.857311564221348,13.955743188771358,1395574.3188771359,1785731.1564221347
2025-12-24,273.80999755859375,215.0399932861328,188.61000061035156,298.79998779296875,0.03496113835743384,0.8576275087103108,1.0,291.8163854980469,True,1.0,0.0,0.006229922579183755,0.006229922579183755,17.96856123273881,14.042686388372374,1404268.6388372374,1796856.1232738812
2025-12-26,273.3999938964844,214.99000549316406,190.52999877929688,302.8399963378906,0.044011413151996005,0.8482954638595784,1.0,291.79539306640623,True,1.0,0.0,0.013520778815162116,0.013520778815162116,18.211510174793368,14.232554445000245,1423255.4445000244,1821151.0174793368
2025-12-29,273.760009765625,215.61000061035156,188.22000122070312,300.9200134277344,0.03526976275636852,0.8515658896370486,1.0,291.83313903808596,True,1.0,0.0,-0.006339925153129533,-0.006339925153129533,18.09605056335972,14.142321115081103,1414232.1115081103,1809605.0563359722
2025-12-30,273.0799865722656,215.33999633789062,187.5399932861328,299.5799865722656,0.028606168068205533,0.8383644489381821,1.0,291.9390283203125,True,1.0,0.0,-0.004453099812819716,-0.004453099812819716,18.015467043983246,14.079343947570699,1407934.3947570699,1801546.7043983247
2025-12-31,271.8599853515625,214.16000366210938,186.5,303.8900146484375,0.01800632679307957,0.8363260055702242,1.0,292.0788586425781,True,1.0,0.0,0.014386902561437376,0.014386902561437376,18.27465381294382,14.281902097073361,1428190.209707336,1827465.381294382
2026-01-02,271.010009765625,223.47000122070312,188.85000610351562,319.6099853515625,-0.0023720756814121537,0.970365001664169,1.0,292.5967163085937,True,1.0,0.0,0.051729145234702845,0.051729145234702845,19.21998603414751,15.020692684880677,1502069.2684880677,1921998.6034147511
2026-01-05,267.260009765625,221.0800018310547,188.1199951171875,322.25,0.008404927624871059,0.9599636758754092,1.0,293.27967163085935,True,1.0,0.0,0.008260113167408045,0.008260113167408045,19.37874529386557,15.14476530631065,1514476.530631065,1937874.529386557
2026-01-06,262.3599853515625,214.35000610351562,187.24000549316406,327.42999267578125,-0.009212575708810171,0.96513218585874,1.0,294.029326171875,True,1.0,0.0,0.01607445360987203,0.01607445360987203,19.690248036109338,15.38820913365934,1538820.913365934,1969024.8036109337
2026-01-07,260.3299865722656,210.02000427246094,189.11000061035156,318.67999267578125,-0.021995229944029977,0.9986523144296027,1.0,294.5196087646484,True,1.0,0.0,-0.02672326969345229,-0.02672326969345229,19.16406022750942,14.976985870881315,1497698.5870881313,1916406.022750942
2026-01-08,259.0400085449219,204.67999267578125,185.0399932861328,318.010009765625,-0.01691018188788656,1.006080304207931,1.0,294.9308685302734,True,1.0,0.0,-0.0021023689141285162,-0.0021023689141285162,19.123770303018617,14.945498721359032,1494549.8721359032,1912377.0303018617
2026-01-09,259.3699951171875,203.1699981689453,184.86000061035156,323.6300048828125,-0.032509135409292865,1.0047317539552514,1.0,295.38910522460935,True,1.0,0.0,0.017672384342019454,0.017672384342019454,19.46173292188206,15.209621318946049,1520962.1318946048,1946173.292188206
2026-01-12,260.25,207.69000244140625,184.94000244140625,331.7699890136719,-0.0315119190228679,1.0203313663616698,1.0,295.93913330078124,True,1.0,0.0,0.02515213054428278,0.02515213054428278,19.951236968951203,15.592175699889285,1559217.5699889285,1995123.6968951204
2026-01-13,261.04998779296875,220.97000122070312,185.80999755859375,331.2099914550781,-0.027691531081553547,0.9002483145559442,1.0,296.5152606201172,True,1.0,0.0,-0.0016879090247390316,-0.0016879090247390316,19.917561096016605,15.565857525810125,1556585.7525810124,1991756.1096016606
2026-01-14,259.9599914550781,223.60000610351562,183.13999938964844,327.1099853515625,-2.4852465077709537e-05,0.9032301528219842,1.0,297.0650378417969,True,1.0,0.0,-0.012378872042788869,-0.012378872042788869,19.671004155804585,15.37316976726184,1537316.9767261841,1967100.4155804585
2026-01-15,258.2099914550781,227.9199981689453,187.0500030517578,341.6400146484375,-0.0007611048601755752,0.9870986434263634,1.0,297.8170544433594,True,1.0,0.0,0.04441940004142286,0.04441940004142286,20.544778358617762,16.056036745058552,1605603.6745058552,2054477.8358617763
2026-01-16,255.52999877929688,231.8300018310547,186.22999572753906,342.3999938964844,-0.006768143699907697,0.8735087990237063,1.0,298.79988830566407,True,1.0,0.0,0.002224503030855196,0.002224503030855196,20.590480280344757,16.091753447461457,1609175.3447461457,2059048.0280344756
2026-01-20,246.6999969482422,231.9199981689453,178.07000732421875,327.1600036621094,0.00975386808598783,1.040050404317002,1.0,299.4860998535156,True,1.0,0.0,-0.044509318066700665,-0.044509318066700665,19.674012044400765,15.375520475017469,1537552.0475017468,1967401.2044400766
2026-01-21,247.64999389648438,249.8000030517578,183.32000732421875,326.1199951171875,-0.02120992990950535,1.0496646114260721,1.0,300.23927490234377,True,1.0,0.0,-0.003178898805723196,-0.003178898805723196,19.611470351009036,15.326643251342063,1532664.3251342063,1961147.0351009036
2026-01-22,248.35000610351562,253.72999572753906,184.83999633789062,327.3699951171875,-0.01673144900530702,1.0530776404122946,1.0,301.07210205078127,True,1.0,0.0,0.0038329449856358,0.0038329449856358,19.686640037951882,15.385389431738924,1538538.9431738923,1968664.0037951882
